Arquivos PPC encontrados: 90
Implementacoes encontradas: 22985
Weak aliases encontrados:   22985

=== RESULTADO ===
Roots:                sub_82150520, sub_825B4D40, _xstart
Implementacoes:       6558
Aliases:              6558
Arquivo:              ppc_boot/

Implementacoes selecionadas:
  __imp____restfpr_14              ppc_recomp.80.cpp
  __imp____restfpr_15              ppc_recomp.80.cpp
  __imp____restfpr_16              ppc_recomp.80.cpp
  __imp____restfpr_17              ppc_recomp.80.cpp
  __imp____restfpr_18              ppc_recomp.80.cpp
  __imp____restfpr_19              ppc_recomp.80.cpp
  __imp____restfpr_20              ppc_recomp.80.cpp
  __imp____restfpr_21              ppc_recomp.80.cpp
  __imp____restfpr_22              ppc_recomp.80.cpp
  __imp____restfpr_23              ppc_recomp.80.cpp
  __imp____restfpr_24              ppc_recomp.80.cpp
  __imp____restfpr_25              ppc_recomp.80.cpp
  __imp____restfpr_26              ppc_recomp.80.cpp
  __imp____restfpr_27              ppc_recomp.80.cpp
  __imp____restfpr_28              ppc_recomp.80.cpp
  __imp____restgprlr_14            ppc_recomp.79.cpp
  __imp____restgprlr_15            ppc_recomp.79.cpp
  __imp____restgprlr_16            ppc_recomp.79.cpp
  __imp____restgprlr_17            ppc_recomp.79.cpp
  __imp____restgprlr_18            ppc_recomp.80.cpp
  __imp____restgprlr_19            ppc_recomp.80.cpp
  __imp____restgprlr_20            ppc_recomp.80.cpp
  __imp____restgprlr_21            ppc_recomp.80.cpp
  __imp____restgprlr_22            ppc_recomp.80.cpp
  __imp____restgprlr_23            ppc_recomp.80.cpp
  __imp____restgprlr_24            ppc_recomp.80.cpp
  __imp____restgprlr_25            ppc_recomp.80.cpp
  __imp____restgprlr_26            ppc_recomp.80.cpp
  __imp____restgprlr_27            ppc_recomp.80.cpp
  __imp____restgprlr_28            ppc_recomp.80.cpp
  __imp____restgprlr_29            ppc_recomp.80.cpp
  __imp____restvmx_122             ppc_recomp.81.cpp
  __imp____savefpr_14              ppc_recomp.80.cpp
  __imp____savefpr_15              ppc_recomp.80.cpp
  __imp____savefpr_16              ppc_recomp.80.cpp
  __imp____savefpr_17              ppc_recomp.80.cpp
  __imp____savefpr_18              ppc_recomp.80.cpp
  __imp____savefpr_19              ppc_recomp.80.cpp
  __imp____savefpr_20              ppc_recomp.80.cpp
  __imp____savefpr_21              ppc_recomp.80.cpp
  __imp____savefpr_22              ppc_recomp.80.cpp
  __imp____savefpr_23              ppc_recomp.80.cpp
  __imp____savefpr_24              ppc_recomp.80.cpp
  __imp____savefpr_25              ppc_recomp.80.cpp
  __imp____savefpr_26              ppc_recomp.80.cpp
  __imp____savefpr_27              ppc_recomp.80.cpp
  __imp____savefpr_28              ppc_recomp.80.cpp
  __imp____savegprlr_14            ppc_recomp.79.cpp
  __imp____savegprlr_15            ppc_recomp.79.cpp
  __imp____savegprlr_16            ppc_recomp.79.cpp
  __imp____savegprlr_17            ppc_recomp.79.cpp
  __imp____savegprlr_18            ppc_recomp.79.cpp
  __imp____savegprlr_19            ppc_recomp.79.cpp
  __imp____savegprlr_20            ppc_recomp.79.cpp
  __imp____savegprlr_21            ppc_recomp.79.cpp
  __imp____savegprlr_22            ppc_recomp.79.cpp
  __imp____savegprlr_23            ppc_recomp.79.cpp
  __imp____savegprlr_24            ppc_recomp.79.cpp
  __imp____savegprlr_25            ppc_recomp.79.cpp
  __imp____savegprlr_26            ppc_recomp.79.cpp
  __imp____savegprlr_27            ppc_recomp.79.cpp
  __imp____savegprlr_28            ppc_recomp.79.cpp
  __imp____savegprlr_29            ppc_recomp.79.cpp
  __imp____savevmx_122             ppc_recomp.80.cpp
  __imp___xstart                   ppc_recomp.83.cpp
  __imp__sub_82090000              ppc_recomp.0.cpp
  __imp__sub_82090100              ppc_recomp.0.cpp
  __imp__sub_820902C8              ppc_recomp.0.cpp
  __imp__sub_82090400              ppc_recomp.0.cpp
  __imp__sub_82090480              ppc_recomp.0.cpp
  __imp__sub_82090490              ppc_recomp.0.cpp
  __imp__sub_82090550              ppc_recomp.0.cpp
  __imp__sub_820905C8              ppc_recomp.0.cpp
  __imp__sub_820905D8              ppc_recomp.0.cpp
  __imp__sub_820905F8              ppc_recomp.0.cpp
  __imp__sub_82090650              ppc_recomp.0.cpp
  __imp__sub_820906A0              ppc_recomp.0.cpp
  __imp__sub_82090730              ppc_recomp.0.cpp
  __imp__sub_82090818              ppc_recomp.0.cpp
  __imp__sub_82090830              ppc_recomp.0.cpp
  __imp__sub_82090850              ppc_recomp.0.cpp
  __imp__sub_820908E8              ppc_recomp.0.cpp
  __imp__sub_820909E0              ppc_recomp.0.cpp
  __imp__sub_82090C60              ppc_recomp.0.cpp
  __imp__sub_82090F98              ppc_recomp.0.cpp
  __imp__sub_82091018              ppc_recomp.0.cpp
  __imp__sub_820910A0              ppc_recomp.0.cpp
  __imp__sub_82091270              ppc_recomp.0.cpp
  __imp__sub_82091348              ppc_recomp.0.cpp
  __imp__sub_82091838              ppc_recomp.0.cpp
  __imp__sub_82091908              ppc_recomp.0.cpp
  __imp__sub_82091C68              ppc_recomp.0.cpp
  __imp__sub_82091DD8              ppc_recomp.0.cpp
  __imp__sub_82091FD0              ppc_recomp.0.cpp
  __imp__sub_820920F0              ppc_recomp.0.cpp
  __imp__sub_820922A0              ppc_recomp.0.cpp
  __imp__sub_82092390              ppc_recomp.0.cpp
  __imp__sub_820924C8              ppc_recomp.0.cpp
  __imp__sub_82092630              ppc_recomp.0.cpp
  __imp__sub_820927F0              ppc_recomp.0.cpp
  __imp__sub_820928A0              ppc_recomp.0.cpp
  __imp__sub_82092920              ppc_recomp.0.cpp
  __imp__sub_82094760              ppc_recomp.0.cpp
  __imp__sub_820947F0              ppc_recomp.0.cpp
  __imp__sub_82094E30              ppc_recomp.0.cpp
  __imp__sub_82095480              ppc_recomp.0.cpp
  __imp__sub_820957E0              ppc_recomp.0.cpp
  __imp__sub_82095DF8              ppc_recomp.0.cpp
  __imp__sub_82095F70              ppc_recomp.0.cpp
  __imp__sub_82096118              ppc_recomp.0.cpp
  __imp__sub_820962D0              ppc_recomp.0.cpp
  __imp__sub_82096788              ppc_recomp.0.cpp
  __imp__sub_82096880              ppc_recomp.0.cpp
  __imp__sub_82096A88              ppc_recomp.0.cpp
  __imp__sub_82096B70              ppc_recomp.0.cpp
  __imp__sub_82096D80              ppc_recomp.0.cpp
  __imp__sub_82096E70              ppc_recomp.0.cpp
  __imp__sub_82096F50              ppc_recomp.0.cpp
  __imp__sub_82097048              ppc_recomp.0.cpp
  __imp__sub_820970D8              ppc_recomp.0.cpp
  __imp__sub_82097140              ppc_recomp.0.cpp
  __imp__sub_82097220              ppc_recomp.0.cpp
  __imp__sub_820973C0              ppc_recomp.0.cpp
  __imp__sub_82097540              ppc_recomp.0.cpp
  __imp__sub_82097AE8              ppc_recomp.0.cpp
  __imp__sub_820987C0              ppc_recomp.0.cpp
  __imp__sub_82098838              ppc_recomp.0.cpp
  __imp__sub_820988A0              ppc_recomp.0.cpp
  __imp__sub_82098988              ppc_recomp.0.cpp
  __imp__sub_82098B08              ppc_recomp.0.cpp
  __imp__sub_82098FC0              ppc_recomp.0.cpp
  __imp__sub_82099158              ppc_recomp.0.cpp
  __imp__sub_82099308              ppc_recomp.0.cpp
  __imp__sub_82099418              ppc_recomp.0.cpp
  __imp__sub_82099928              ppc_recomp.0.cpp
  __imp__sub_82099E08              ppc_recomp.0.cpp
  __imp__sub_82099F18              ppc_recomp.0.cpp
  __imp__sub_82099FE8              ppc_recomp.0.cpp
  __imp__sub_8209A0E8              ppc_recomp.0.cpp
  __imp__sub_8209A260              ppc_recomp.0.cpp
  __imp__sub_8209A390              ppc_recomp.0.cpp
  __imp__sub_8209A418              ppc_recomp.0.cpp
  __imp__sub_8209A4A0              ppc_recomp.0.cpp
  __imp__sub_8209A9E0              ppc_recomp.0.cpp
  __imp__sub_8209AAB0              ppc_recomp.0.cpp
  __imp__sub_8209AC20              ppc_recomp.0.cpp
  __imp__sub_8209B4A8              ppc_recomp.0.cpp
  __imp__sub_8209BC40              ppc_recomp.0.cpp
  __imp__sub_8209C798              ppc_recomp.0.cpp
  __imp__sub_8209CF08              ppc_recomp.0.cpp
  __imp__sub_8209DA98              ppc_recomp.0.cpp
  __imp__sub_8209F518              ppc_recomp.1.cpp
  __imp__sub_8209F5E8              ppc_recomp.1.cpp
  __imp__sub_8209FEF8              ppc_recomp.1.cpp
  __imp__sub_820A0150              ppc_recomp.1.cpp
  __imp__sub_820A03A8              ppc_recomp.1.cpp
  __imp__sub_820A03C0              ppc_recomp.1.cpp
  __imp__sub_820A0898              ppc_recomp.1.cpp
  __imp__sub_820A08B0              ppc_recomp.1.cpp
  __imp__sub_820A08C8              ppc_recomp.1.cpp
  __imp__sub_820A08E0              ppc_recomp.1.cpp
  __imp__sub_820A0C68              ppc_recomp.1.cpp
  __imp__sub_820A0C80              ppc_recomp.1.cpp
  __imp__sub_820A0C98              ppc_recomp.1.cpp
  __imp__sub_820A0CB0              ppc_recomp.1.cpp
  __imp__sub_820A0CC8              ppc_recomp.1.cpp
  __imp__sub_820A0CE0              ppc_recomp.1.cpp
  __imp__sub_820A1998              ppc_recomp.1.cpp
  __imp__sub_820A19B0              ppc_recomp.1.cpp
  __imp__sub_820A19C8              ppc_recomp.1.cpp
  __imp__sub_820A19E0              ppc_recomp.1.cpp
  __imp__sub_820A19F8              ppc_recomp.1.cpp
  __imp__sub_820A1A10              ppc_recomp.1.cpp
  __imp__sub_820A2208              ppc_recomp.1.cpp
  __imp__sub_820A2220              ppc_recomp.1.cpp
  __imp__sub_820A24E8              ppc_recomp.1.cpp
  __imp__sub_820A2500              ppc_recomp.1.cpp
  __imp__sub_820A2518              ppc_recomp.1.cpp
  __imp__sub_820A2530              ppc_recomp.1.cpp
  __imp__sub_820A2BE8              ppc_recomp.1.cpp
  __imp__sub_820A2C00              ppc_recomp.1.cpp
  __imp__sub_820A2C18              ppc_recomp.1.cpp
  __imp__sub_820A2C30              ppc_recomp.1.cpp
  __imp__sub_820A3588              ppc_recomp.1.cpp
  __imp__sub_820A35A8              ppc_recomp.1.cpp
  __imp__sub_820A3798              ppc_recomp.1.cpp
  __imp__sub_820A3800              ppc_recomp.1.cpp
  __imp__sub_820A38E8              ppc_recomp.1.cpp
  __imp__sub_820A3988              ppc_recomp.1.cpp
  __imp__sub_820A3AF0              ppc_recomp.1.cpp
  __imp__sub_820A5820              ppc_recomp.1.cpp
  __imp__sub_820A58C8              ppc_recomp.1.cpp
  __imp__sub_820A5940              ppc_recomp.1.cpp
  __imp__sub_820A5A90              ppc_recomp.1.cpp
  __imp__sub_820A5B58              ppc_recomp.1.cpp
  __imp__sub_820A5C20              ppc_recomp.1.cpp
  __imp__sub_820A5CE0              ppc_recomp.1.cpp
  __imp__sub_820A5D98              ppc_recomp.1.cpp
  __imp__sub_820A5DF0              ppc_recomp.1.cpp
  __imp__sub_820A5E80              ppc_recomp.1.cpp
  __imp__sub_820A5E90              ppc_recomp.1.cpp
  __imp__sub_820A5EA8              ppc_recomp.1.cpp
  __imp__sub_820A5F00              ppc_recomp.1.cpp
  __imp__sub_820A5F48              ppc_recomp.1.cpp
  __imp__sub_820A5F88              ppc_recomp.1.cpp
  __imp__sub_820A6000              ppc_recomp.1.cpp
  __imp__sub_820A6138              ppc_recomp.1.cpp
  __imp__sub_820A63B8              ppc_recomp.1.cpp
  __imp__sub_820A8720              ppc_recomp.1.cpp
  __imp__sub_820A8850              ppc_recomp.1.cpp
  __imp__sub_820A8A60              ppc_recomp.1.cpp
  __imp__sub_820A8CA8              ppc_recomp.1.cpp
  __imp__sub_820A8E28              ppc_recomp.1.cpp
  __imp__sub_820A9700              ppc_recomp.1.cpp
  __imp__sub_820AAB50              ppc_recomp.1.cpp
  __imp__sub_820AB130              ppc_recomp.2.cpp
  __imp__sub_820ABA98              ppc_recomp.2.cpp
  __imp__sub_820AC4F0              ppc_recomp.2.cpp
  __imp__sub_820AC678              ppc_recomp.2.cpp
  __imp__sub_820AC718              ppc_recomp.2.cpp
  __imp__sub_820AC8C8              ppc_recomp.2.cpp
  __imp__sub_820ACC40              ppc_recomp.2.cpp
  __imp__sub_820ACD48              ppc_recomp.2.cpp
  __imp__sub_820ACD58              ppc_recomp.2.cpp
  __imp__sub_820AD010              ppc_recomp.2.cpp
  __imp__sub_820AD420              ppc_recomp.2.cpp
  __imp__sub_820AD5E0              ppc_recomp.2.cpp
  __imp__sub_820AD828              ppc_recomp.2.cpp
  __imp__sub_820AD830              ppc_recomp.2.cpp
  __imp__sub_820AD8B8              ppc_recomp.2.cpp
  __imp__sub_820AD8C0              ppc_recomp.2.cpp
  __imp__sub_820AD8D0              ppc_recomp.2.cpp
  __imp__sub_820AD8F0              ppc_recomp.2.cpp
  __imp__sub_820ADAF8              ppc_recomp.2.cpp
  __imp__sub_820ADCA8              ppc_recomp.2.cpp
  __imp__sub_820ADEA0              ppc_recomp.2.cpp
  __imp__sub_820AF1C8              ppc_recomp.2.cpp
  __imp__sub_820AF5F8              ppc_recomp.2.cpp
  __imp__sub_820AF9B0              ppc_recomp.2.cpp
  __imp__sub_820AFEC0              ppc_recomp.2.cpp
  __imp__sub_820B0048              ppc_recomp.2.cpp
  __imp__sub_820B00A0              ppc_recomp.2.cpp
  __imp__sub_820B0248              ppc_recomp.2.cpp
  __imp__sub_820B02F8              ppc_recomp.2.cpp
  __imp__sub_820B0638              ppc_recomp.2.cpp
  __imp__sub_820B0758              ppc_recomp.2.cpp
  __imp__sub_820B08A0              ppc_recomp.2.cpp
  __imp__sub_820B0A48              ppc_recomp.2.cpp
  __imp__sub_820B0A80              ppc_recomp.2.cpp
  __imp__sub_820B0AE0              ppc_recomp.2.cpp
  __imp__sub_820B1488              ppc_recomp.2.cpp
  __imp__sub_820B1C08              ppc_recomp.2.cpp
  __imp__sub_820B1C70              ppc_recomp.2.cpp
  __imp__sub_820B2190              ppc_recomp.2.cpp
  __imp__sub_820B2790              ppc_recomp.2.cpp
  __imp__sub_820B2C88              ppc_recomp.2.cpp
  __imp__sub_820B31D0              ppc_recomp.2.cpp
  __imp__sub_820B3600              ppc_recomp.2.cpp
  __imp__sub_820B3BB8              ppc_recomp.2.cpp
  __imp__sub_820B3C98              ppc_recomp.2.cpp
  __imp__sub_820B3D58              ppc_recomp.2.cpp
  __imp__sub_820B43B8              ppc_recomp.2.cpp
  __imp__sub_820B4B78              ppc_recomp.2.cpp
  __imp__sub_820B4E78              ppc_recomp.2.cpp
  __imp__sub_820B5710              ppc_recomp.2.cpp
  __imp__sub_820B5848              ppc_recomp.2.cpp
  __imp__sub_820B58B8              ppc_recomp.2.cpp
  __imp__sub_820B5908              ppc_recomp.2.cpp
  __imp__sub_820B59C8              ppc_recomp.2.cpp
  __imp__sub_820B5A38              ppc_recomp.2.cpp
  __imp__sub_820B5AC8              ppc_recomp.2.cpp
  __imp__sub_820B5B80              ppc_recomp.2.cpp
  __imp__sub_820B5C80              ppc_recomp.2.cpp
  __imp__sub_820B5CF8              ppc_recomp.2.cpp
  __imp__sub_820B5DE0              ppc_recomp.2.cpp
  __imp__sub_820B5EA8              ppc_recomp.2.cpp
  __imp__sub_820B5ED8              ppc_recomp.2.cpp
  __imp__sub_820B5FB0              ppc_recomp.2.cpp
  __imp__sub_820B6418              ppc_recomp.2.cpp
  __imp__sub_820B6628              ppc_recomp.2.cpp
  __imp__sub_820B6778              ppc_recomp.2.cpp
  __imp__sub_820B6780              ppc_recomp.2.cpp
  __imp__sub_820B6B68              ppc_recomp.2.cpp
  __imp__sub_820B6C50              ppc_recomp.2.cpp
  __imp__sub_820B7058              ppc_recomp.2.cpp
  __imp__sub_820B70F8              ppc_recomp.2.cpp
  __imp__sub_820B7208              ppc_recomp.2.cpp
  __imp__sub_820B72E0              ppc_recomp.2.cpp
  __imp__sub_820B7490              ppc_recomp.2.cpp
  __imp__sub_820B7590              ppc_recomp.2.cpp
  __imp__sub_820B75B0              ppc_recomp.2.cpp
  __imp__sub_820B75D0              ppc_recomp.2.cpp
  __imp__sub_820B7610              ppc_recomp.2.cpp
  __imp__sub_820B7630              ppc_recomp.2.cpp
  __imp__sub_820B76C0              ppc_recomp.2.cpp
  __imp__sub_820B7708              ppc_recomp.2.cpp
  __imp__sub_820B78C0              ppc_recomp.2.cpp
  __imp__sub_820B78F0              ppc_recomp.2.cpp
  __imp__sub_820B7980              ppc_recomp.2.cpp
  __imp__sub_820B7AB0              ppc_recomp.2.cpp
  __imp__sub_820B85A8              ppc_recomp.2.cpp
  __imp__sub_820BA278              ppc_recomp.3.cpp
  __imp__sub_820BA2C8              ppc_recomp.3.cpp
  __imp__sub_820BA3C0              ppc_recomp.3.cpp
  __imp__sub_820BA400              ppc_recomp.3.cpp
  __imp__sub_820BA460              ppc_recomp.3.cpp
  __imp__sub_820BA760              ppc_recomp.3.cpp
  __imp__sub_820BA8F8              ppc_recomp.3.cpp
  __imp__sub_820BB288              ppc_recomp.3.cpp
  __imp__sub_820BB2F8              ppc_recomp.3.cpp
  __imp__sub_820BB4E0              ppc_recomp.3.cpp
  __imp__sub_820BB708              ppc_recomp.3.cpp
  __imp__sub_820BBA60              ppc_recomp.3.cpp
  __imp__sub_820BBAB8              ppc_recomp.3.cpp
  __imp__sub_820BBE60              ppc_recomp.3.cpp
  __imp__sub_820BBE80              ppc_recomp.3.cpp
  __imp__sub_820BBEB0              ppc_recomp.3.cpp
  __imp__sub_820BBEB8              ppc_recomp.3.cpp
  __imp__sub_820BBEC0              ppc_recomp.3.cpp
  __imp__sub_820BBFA8              ppc_recomp.3.cpp
  __imp__sub_820BC028              ppc_recomp.3.cpp
  __imp__sub_820BC578              ppc_recomp.3.cpp
  __imp__sub_820BC608              ppc_recomp.3.cpp
  __imp__sub_820BC6D0              ppc_recomp.3.cpp
  __imp__sub_820BC7E0              ppc_recomp.3.cpp
  __imp__sub_820BC860              ppc_recomp.3.cpp
  __imp__sub_820BC878              ppc_recomp.3.cpp
  __imp__sub_820BC8B0              ppc_recomp.3.cpp
  __imp__sub_820BC9D8              ppc_recomp.3.cpp
  __imp__sub_820BC9E8              ppc_recomp.3.cpp
  __imp__sub_820BCCE8              ppc_recomp.3.cpp
  __imp__sub_820BD6D0              ppc_recomp.3.cpp
  __imp__sub_820BD910              ppc_recomp.3.cpp
  __imp__sub_820BDA30              ppc_recomp.3.cpp
  __imp__sub_820BDA98              ppc_recomp.3.cpp
  __imp__sub_820BDB18              ppc_recomp.3.cpp
  __imp__sub_820BDB60              ppc_recomp.3.cpp
  __imp__sub_820BE700              ppc_recomp.3.cpp
  __imp__sub_820BE7F0              ppc_recomp.3.cpp
  __imp__sub_820BE978              ppc_recomp.3.cpp
  __imp__sub_820BEE00              ppc_recomp.3.cpp
  __imp__sub_820BEFE0              ppc_recomp.3.cpp
  __imp__sub_820BF238              ppc_recomp.3.cpp
  __imp__sub_820BF278              ppc_recomp.3.cpp
  __imp__sub_820BF2B8              ppc_recomp.3.cpp
  __imp__sub_820BF2D8              ppc_recomp.3.cpp
  __imp__sub_820BF410              ppc_recomp.3.cpp
  __imp__sub_820C0170              ppc_recomp.3.cpp
  __imp__sub_820C2428              ppc_recomp.3.cpp
  __imp__sub_820C2530              ppc_recomp.3.cpp
  __imp__sub_820C3210              ppc_recomp.3.cpp
  __imp__sub_820C35E0              ppc_recomp.3.cpp
  __imp__sub_820C3C68              ppc_recomp.3.cpp
  __imp__sub_820C4480              ppc_recomp.3.cpp
  __imp__sub_820C4680              ppc_recomp.3.cpp
  __imp__sub_820C5900              ppc_recomp.3.cpp
  __imp__sub_820C5E78              ppc_recomp.3.cpp
  __imp__sub_820C6EA8              ppc_recomp.3.cpp
  __imp__sub_820C7280              ppc_recomp.3.cpp
  __imp__sub_820C7440              ppc_recomp.3.cpp
  __imp__sub_820C75A0              ppc_recomp.4.cpp
  __imp__sub_820C8758              ppc_recomp.4.cpp
  __imp__sub_820C88C0              ppc_recomp.4.cpp
  __imp__sub_820C8C18              ppc_recomp.4.cpp
  __imp__sub_820C8CE0              ppc_recomp.4.cpp
  __imp__sub_820C8D50              ppc_recomp.4.cpp
  __imp__sub_820C8DA0              ppc_recomp.4.cpp
  __imp__sub_820C91E8              ppc_recomp.4.cpp
  __imp__sub_820C9280              ppc_recomp.4.cpp
  __imp__sub_820C9540              ppc_recomp.4.cpp
  __imp__sub_820C9710              ppc_recomp.4.cpp
  __imp__sub_820C9AE8              ppc_recomp.4.cpp
  __imp__sub_820C9CC0              ppc_recomp.4.cpp
  __imp__sub_820CA1A0              ppc_recomp.4.cpp
  __imp__sub_820CA900              ppc_recomp.4.cpp
  __imp__sub_820CAD88              ppc_recomp.4.cpp
  __imp__sub_820CAF28              ppc_recomp.4.cpp
  __imp__sub_820CB060              ppc_recomp.4.cpp
  __imp__sub_820CB148              ppc_recomp.4.cpp
  __imp__sub_820CB998              ppc_recomp.4.cpp
  __imp__sub_820CBA20              ppc_recomp.4.cpp
  __imp__sub_820CCD28              ppc_recomp.4.cpp
  __imp__sub_820CCDE0              ppc_recomp.4.cpp
  __imp__sub_820CD1F8              ppc_recomp.4.cpp
  __imp__sub_820CD4B8              ppc_recomp.4.cpp
  __imp__sub_820CD988              ppc_recomp.4.cpp
  __imp__sub_820CDA90              ppc_recomp.4.cpp
  __imp__sub_820CDCA8              ppc_recomp.4.cpp
  __imp__sub_820CDD50              ppc_recomp.4.cpp
  __imp__sub_820CEE38              ppc_recomp.4.cpp
  __imp__sub_820CF050              ppc_recomp.4.cpp
  __imp__sub_820D0018              ppc_recomp.4.cpp
  __imp__sub_820D01D8              ppc_recomp.4.cpp
  __imp__sub_820D1B78              ppc_recomp.4.cpp
  __imp__sub_820D2028              ppc_recomp.4.cpp
  __imp__sub_820D2158              ppc_recomp.4.cpp
  __imp__sub_820D23F8              ppc_recomp.4.cpp
  __imp__sub_820D26F8              ppc_recomp.4.cpp
  __imp__sub_820D2968              ppc_recomp.4.cpp
  __imp__sub_820D2B28              ppc_recomp.4.cpp
  __imp__sub_820D2C30              ppc_recomp.4.cpp
  __imp__sub_820D2CB8              ppc_recomp.4.cpp
  __imp__sub_820D2DC8              ppc_recomp.4.cpp
  __imp__sub_820D3020              ppc_recomp.4.cpp
  __imp__sub_820D3040              ppc_recomp.4.cpp
  __imp__sub_820D3140              ppc_recomp.4.cpp
  __imp__sub_820D31E0              ppc_recomp.4.cpp
  __imp__sub_820D3408              ppc_recomp.4.cpp
  __imp__sub_820D3488              ppc_recomp.4.cpp
  __imp__sub_820D36A0              ppc_recomp.4.cpp
  __imp__sub_820D41B0              ppc_recomp.4.cpp
  __imp__sub_820D4420              ppc_recomp.4.cpp
  __imp__sub_820D5468              ppc_recomp.4.cpp
  __imp__sub_820D5548              ppc_recomp.4.cpp
  __imp__sub_820D5A38              ppc_recomp.4.cpp
  __imp__sub_820D6348              ppc_recomp.4.cpp
  __imp__sub_820D63B8              ppc_recomp.4.cpp
  __imp__sub_820D6418              ppc_recomp.4.cpp
  __imp__sub_820D6478              ppc_recomp.4.cpp
  __imp__sub_820D64E0              ppc_recomp.4.cpp
  __imp__sub_820D67E0              ppc_recomp.4.cpp
  __imp__sub_820D6DE0              ppc_recomp.4.cpp
  __imp__sub_820D6F70              ppc_recomp.4.cpp
  __imp__sub_820D7008              ppc_recomp.4.cpp
  __imp__sub_820D71B8              ppc_recomp.4.cpp
  __imp__sub_820D84B8              ppc_recomp.4.cpp
  __imp__sub_820D8568              ppc_recomp.4.cpp
  __imp__sub_820D85F0              ppc_recomp.4.cpp
  __imp__sub_820D9E58              ppc_recomp.4.cpp
  __imp__sub_820DA7D8              ppc_recomp.4.cpp
  __imp__sub_820DAF58              ppc_recomp.4.cpp
  __imp__sub_820DD1A0              ppc_recomp.4.cpp
  __imp__sub_820DD388              ppc_recomp.4.cpp
  __imp__sub_820DD488              ppc_recomp.4.cpp
  __imp__sub_820DDAE0              ppc_recomp.4.cpp
  __imp__sub_820DDBE0              ppc_recomp.4.cpp
  __imp__sub_820DDEB0              ppc_recomp.4.cpp
  __imp__sub_820DDFC8              ppc_recomp.4.cpp
  __imp__sub_820DE490              ppc_recomp.4.cpp
  __imp__sub_820DE5E0              ppc_recomp.4.cpp
  __imp__sub_820DECB8              ppc_recomp.4.cpp
  __imp__sub_820DF810              ppc_recomp.4.cpp
  __imp__sub_820DFDA8              ppc_recomp.4.cpp
  __imp__sub_820E0288              ppc_recomp.4.cpp
  __imp__sub_820E09A0              ppc_recomp.4.cpp
  __imp__sub_820E0FB0              ppc_recomp.4.cpp
  __imp__sub_820E12E8              ppc_recomp.4.cpp
  __imp__sub_820E13F8              ppc_recomp.4.cpp
  __imp__sub_820E1410              ppc_recomp.4.cpp
  __imp__sub_820E16C8              ppc_recomp.4.cpp
  __imp__sub_820E1B90              ppc_recomp.5.cpp
  __imp__sub_820E1CA8              ppc_recomp.5.cpp
  __imp__sub_820E2198              ppc_recomp.5.cpp
  __imp__sub_820E21F0              ppc_recomp.5.cpp
  __imp__sub_820E2A48              ppc_recomp.5.cpp
  __imp__sub_820E2A70              ppc_recomp.5.cpp
  __imp__sub_820E2AE8              ppc_recomp.5.cpp
  __imp__sub_820E2CE0              ppc_recomp.5.cpp
  __imp__sub_820E2E70              ppc_recomp.5.cpp
  __imp__sub_820E3010              ppc_recomp.5.cpp
  __imp__sub_820E31F0              ppc_recomp.5.cpp
  __imp__sub_820E3230              ppc_recomp.5.cpp
  __imp__sub_820E33B0              ppc_recomp.5.cpp
  __imp__sub_820E4018              ppc_recomp.5.cpp
  __imp__sub_820E4080              ppc_recomp.5.cpp
  __imp__sub_820E4828              ppc_recomp.5.cpp
  __imp__sub_820E6928              ppc_recomp.5.cpp
  __imp__sub_820E6F08              ppc_recomp.5.cpp
  __imp__sub_820E70A0              ppc_recomp.5.cpp
  __imp__sub_820E7360              ppc_recomp.5.cpp
  __imp__sub_820E80E0              ppc_recomp.5.cpp
  __imp__sub_820E8168              ppc_recomp.5.cpp
  __imp__sub_820E81D8              ppc_recomp.5.cpp
  __imp__sub_820E9770              ppc_recomp.5.cpp
  __imp__sub_820E9BC8              ppc_recomp.5.cpp
  __imp__sub_820E9E78              ppc_recomp.5.cpp
  __imp__sub_820E9EB0              ppc_recomp.5.cpp
  __imp__sub_820E9F78              ppc_recomp.5.cpp
  __imp__sub_820EA340              ppc_recomp.5.cpp
  __imp__sub_820EA400              ppc_recomp.5.cpp
  __imp__sub_820EA4D8              ppc_recomp.5.cpp
  __imp__sub_820EA534              ppc_recomp.5.cpp
  __imp__sub_820EA5C0              ppc_recomp.5.cpp
  __imp__sub_820EA628              ppc_recomp.5.cpp
  __imp__sub_820EA630              ppc_recomp.5.cpp
  __imp__sub_820EA664              ppc_recomp.5.cpp
  __imp__sub_820EA66C              ppc_recomp.5.cpp
  __imp__sub_820EA670              ppc_recomp.5.cpp
  __imp__sub_820EA69C              ppc_recomp.5.cpp
  __imp__sub_820EA6B4              ppc_recomp.5.cpp
  __imp__sub_820EA6E8              ppc_recomp.5.cpp
  __imp__sub_820EA6F4              ppc_recomp.5.cpp
  __imp__sub_820EA718              ppc_recomp.5.cpp
  __imp__sub_820EA720              ppc_recomp.5.cpp
  __imp__sub_820EB338              ppc_recomp.5.cpp
  __imp__sub_820EBA80              ppc_recomp.5.cpp
  __imp__sub_820EBB18              ppc_recomp.5.cpp
  __imp__sub_820ECCD8              ppc_recomp.5.cpp
  __imp__sub_820ED6E8              ppc_recomp.5.cpp
  __imp__sub_820ED7A0              ppc_recomp.5.cpp
  __imp__sub_820ED830              ppc_recomp.5.cpp
  __imp__sub_820EE280              ppc_recomp.5.cpp
  __imp__sub_820EE810              ppc_recomp.5.cpp
  __imp__sub_820EE878              ppc_recomp.5.cpp
  __imp__sub_820EE8E0              ppc_recomp.5.cpp
  __imp__sub_820F0EB0              ppc_recomp.5.cpp
  __imp__sub_820F0F50              ppc_recomp.5.cpp
  __imp__sub_820F1008              ppc_recomp.5.cpp
  __imp__sub_820F1EB0              ppc_recomp.5.cpp
  __imp__sub_820F2600              ppc_recomp.5.cpp
  __imp__sub_820F2748              ppc_recomp.5.cpp
  __imp__sub_820F2C70              ppc_recomp.5.cpp
  __imp__sub_820F36B0              ppc_recomp.5.cpp
  __imp__sub_820F3AE8              ppc_recomp.5.cpp
  __imp__sub_820F5388              ppc_recomp.5.cpp
  __imp__sub_820F5418              ppc_recomp.5.cpp
  __imp__sub_820F6518              ppc_recomp.5.cpp
  __imp__sub_820F7050              ppc_recomp.5.cpp
  __imp__sub_820F77C0              ppc_recomp.5.cpp
  __imp__sub_820F79D0              ppc_recomp.5.cpp
  __imp__sub_820F7EC0              ppc_recomp.5.cpp
  __imp__sub_820F7EE8              ppc_recomp.5.cpp
  __imp__sub_820F9520              ppc_recomp.5.cpp
  __imp__sub_820F9618              ppc_recomp.5.cpp
  __imp__sub_820F9690              ppc_recomp.5.cpp
  __imp__sub_820F9708              ppc_recomp.5.cpp
  __imp__sub_820F9780              ppc_recomp.5.cpp
  __imp__sub_820F9848              ppc_recomp.5.cpp
  __imp__sub_820F98B8              ppc_recomp.5.cpp
  __imp__sub_820F9948              ppc_recomp.5.cpp
  __imp__sub_820F9A08              ppc_recomp.5.cpp
  __imp__sub_820F9A10              ppc_recomp.5.cpp
  __imp__sub_820F9AA0              ppc_recomp.5.cpp
  __imp__sub_820F9B10              ppc_recomp.5.cpp
  __imp__sub_820F9BE0              ppc_recomp.5.cpp
  __imp__sub_820F9C80              ppc_recomp.5.cpp
  __imp__sub_820F9C98              ppc_recomp.5.cpp
  __imp__sub_820F9CB0              ppc_recomp.5.cpp
  __imp__sub_820F9CB8              ppc_recomp.5.cpp
  __imp__sub_820F9DA0              ppc_recomp.5.cpp
  __imp__sub_820F9DD8              ppc_recomp.5.cpp
  __imp__sub_820F9ED0              ppc_recomp.5.cpp
  __imp__sub_820F9FA8              ppc_recomp.5.cpp
  __imp__sub_820FA120              ppc_recomp.6.cpp
  __imp__sub_820FA138              ppc_recomp.6.cpp
  __imp__sub_820FA178              ppc_recomp.6.cpp
  __imp__sub_820FA1D0              ppc_recomp.6.cpp
  __imp__sub_820FA1D8              ppc_recomp.6.cpp
  __imp__sub_820FA1E0              ppc_recomp.6.cpp
  __imp__sub_820FA258              ppc_recomp.6.cpp
  __imp__sub_820FA420              ppc_recomp.6.cpp
  __imp__sub_820FA4B0              ppc_recomp.6.cpp
  __imp__sub_820FA500              ppc_recomp.6.cpp
  __imp__sub_820FAB90              ppc_recomp.6.cpp
  __imp__sub_820FAD88              ppc_recomp.6.cpp
  __imp__sub_820FAEE8              ppc_recomp.6.cpp
  __imp__sub_820FAF08              ppc_recomp.6.cpp
  __imp__sub_820FB198              ppc_recomp.6.cpp
  __imp__sub_820FB1A8              ppc_recomp.6.cpp
  __imp__sub_820FB200              ppc_recomp.6.cpp
  __imp__sub_820FB5B0              ppc_recomp.6.cpp
  __imp__sub_820FB6D0              ppc_recomp.6.cpp
  __imp__sub_820FB718              ppc_recomp.6.cpp
  __imp__sub_820FB810              ppc_recomp.6.cpp
  __imp__sub_820FB948              ppc_recomp.6.cpp
  __imp__sub_820FB9D0              ppc_recomp.6.cpp
  __imp__sub_820FBA68              ppc_recomp.6.cpp
  __imp__sub_820FBB08              ppc_recomp.6.cpp
  __imp__sub_820FBB28              ppc_recomp.6.cpp
  __imp__sub_820FBBC0              ppc_recomp.6.cpp
  __imp__sub_820FBBC8              ppc_recomp.6.cpp
  __imp__sub_820FBBD0              ppc_recomp.6.cpp
  __imp__sub_820FBBD8              ppc_recomp.6.cpp
  __imp__sub_820FBBE0              ppc_recomp.6.cpp
  __imp__sub_820FBBE8              ppc_recomp.6.cpp
  __imp__sub_820FBBF0              ppc_recomp.6.cpp
  __imp__sub_820FBBF8              ppc_recomp.6.cpp
  __imp__sub_820FBC00              ppc_recomp.6.cpp
  __imp__sub_820FBC08              ppc_recomp.6.cpp
  __imp__sub_820FBC10              ppc_recomp.6.cpp
  __imp__sub_820FBC18              ppc_recomp.6.cpp
  __imp__sub_820FBC20              ppc_recomp.6.cpp
  __imp__sub_820FBC28              ppc_recomp.6.cpp
  __imp__sub_820FBC30              ppc_recomp.6.cpp
  __imp__sub_820FBC38              ppc_recomp.6.cpp
  __imp__sub_820FBC40              ppc_recomp.6.cpp
  __imp__sub_820FBC48              ppc_recomp.6.cpp
  __imp__sub_820FBC50              ppc_recomp.6.cpp
  __imp__sub_820FBC58              ppc_recomp.6.cpp
  __imp__sub_820FBC60              ppc_recomp.6.cpp
  __imp__sub_820FBC68              ppc_recomp.6.cpp
  __imp__sub_820FBC70              ppc_recomp.6.cpp
  __imp__sub_820FBC78              ppc_recomp.6.cpp
  __imp__sub_820FBC80              ppc_recomp.6.cpp
  __imp__sub_820FBC88              ppc_recomp.6.cpp
  __imp__sub_820FBC90              ppc_recomp.6.cpp
  __imp__sub_820FBC98              ppc_recomp.6.cpp
  __imp__sub_820FBCA0              ppc_recomp.6.cpp
  __imp__sub_820FBCA8              ppc_recomp.6.cpp
  __imp__sub_820FBCB0              ppc_recomp.6.cpp
  __imp__sub_820FBCB8              ppc_recomp.6.cpp
  __imp__sub_820FBCC0              ppc_recomp.6.cpp
  __imp__sub_820FBCC8              ppc_recomp.6.cpp
  __imp__sub_820FBCD0              ppc_recomp.6.cpp
  __imp__sub_820FBCD8              ppc_recomp.6.cpp
  __imp__sub_820FBD58              ppc_recomp.6.cpp
  __imp__sub_820FBDB0              ppc_recomp.6.cpp
  __imp__sub_820FBE60              ppc_recomp.6.cpp
  __imp__sub_820FBE68              ppc_recomp.6.cpp
  __imp__sub_820FC018              ppc_recomp.6.cpp
  __imp__sub_820FC020              ppc_recomp.6.cpp
  __imp__sub_820FC100              ppc_recomp.6.cpp
  __imp__sub_820FC2E0              ppc_recomp.6.cpp
  __imp__sub_820FC2F0              ppc_recomp.6.cpp
  __imp__sub_820FC3A8              ppc_recomp.6.cpp
  __imp__sub_820FC468              ppc_recomp.6.cpp
  __imp__sub_820FC608              ppc_recomp.6.cpp
  __imp__sub_820FCA90              ppc_recomp.6.cpp
  __imp__sub_820FCD20              ppc_recomp.6.cpp
  __imp__sub_820FCDE8              ppc_recomp.6.cpp
  __imp__sub_820FD190              ppc_recomp.6.cpp
  __imp__sub_820FD278              ppc_recomp.6.cpp
  __imp__sub_820FD360              ppc_recomp.6.cpp
  __imp__sub_820FD6E8              ppc_recomp.6.cpp
  __imp__sub_820FD848              ppc_recomp.6.cpp
  __imp__sub_820FDF40              ppc_recomp.6.cpp
  __imp__sub_820FDFE0              ppc_recomp.6.cpp
  __imp__sub_820FE0A0              ppc_recomp.6.cpp
  __imp__sub_820FE130              ppc_recomp.6.cpp
  __imp__sub_820FE230              ppc_recomp.6.cpp
  __imp__sub_820FE638              ppc_recomp.6.cpp
  __imp__sub_820FE868              ppc_recomp.6.cpp
  __imp__sub_820FE900              ppc_recomp.6.cpp
  __imp__sub_820FE968              ppc_recomp.6.cpp
  __imp__sub_820FED40              ppc_recomp.7.cpp
  __imp__sub_820FED78              ppc_recomp.7.cpp
  __imp__sub_820FEF58              ppc_recomp.7.cpp
  __imp__sub_820FEF60              ppc_recomp.7.cpp
  __imp__sub_820FF3E0              ppc_recomp.7.cpp
  __imp__sub_820FF800              ppc_recomp.7.cpp
  __imp__sub_820FFA90              ppc_recomp.7.cpp
  __imp__sub_820FFC68              ppc_recomp.7.cpp
  __imp__sub_82100100              ppc_recomp.7.cpp
  __imp__sub_821004B0              ppc_recomp.7.cpp
  __imp__sub_82101220              ppc_recomp.7.cpp
  __imp__sub_821016C8              ppc_recomp.7.cpp
  __imp__sub_82101828              ppc_recomp.7.cpp
  __imp__sub_82101848              ppc_recomp.7.cpp
  __imp__sub_82101890              ppc_recomp.7.cpp
  __imp__sub_821018E8              ppc_recomp.7.cpp
  __imp__sub_821019A8              ppc_recomp.7.cpp
  __imp__sub_821019E8              ppc_recomp.7.cpp
  __imp__sub_82101B98              ppc_recomp.7.cpp
  __imp__sub_82101C38              ppc_recomp.7.cpp
  __imp__sub_82101D08              ppc_recomp.7.cpp
  __imp__sub_82101E18              ppc_recomp.7.cpp
  __imp__sub_82103EC8              ppc_recomp.7.cpp
  __imp__sub_82103ED8              ppc_recomp.7.cpp
  __imp__sub_82103EE8              ppc_recomp.7.cpp
  __imp__sub_82103F10              ppc_recomp.7.cpp
  __imp__sub_82104038              ppc_recomp.7.cpp
  __imp__sub_821040D8              ppc_recomp.7.cpp
  __imp__sub_82104110              ppc_recomp.7.cpp
  __imp__sub_82104148              ppc_recomp.7.cpp
  __imp__sub_821041A8              ppc_recomp.7.cpp
  __imp__sub_821041D8              ppc_recomp.7.cpp
  __imp__sub_82104250              ppc_recomp.7.cpp
  __imp__sub_82104260              ppc_recomp.7.cpp
  __imp__sub_821045E8              ppc_recomp.7.cpp
  __imp__sub_82104600              ppc_recomp.7.cpp
  __imp__sub_82104620              ppc_recomp.7.cpp
  __imp__sub_82104708              ppc_recomp.7.cpp
  __imp__sub_82104798              ppc_recomp.7.cpp
  __imp__sub_82104858              ppc_recomp.7.cpp
  __imp__sub_82104868              ppc_recomp.7.cpp
  __imp__sub_82104890              ppc_recomp.7.cpp
  __imp__sub_821048C8              ppc_recomp.7.cpp
  __imp__sub_821048D4              ppc_recomp.7.cpp
  __imp__sub_821048E0              ppc_recomp.7.cpp
  __imp__sub_821048F0              ppc_recomp.7.cpp
  __imp__sub_82104918              ppc_recomp.7.cpp
  __imp__sub_82104968              ppc_recomp.7.cpp
  __imp__sub_8210498C              ppc_recomp.7.cpp
  __imp__sub_82104A20              ppc_recomp.7.cpp
  __imp__sub_82104A80              ppc_recomp.7.cpp
  __imp__sub_82104AF8              ppc_recomp.7.cpp
  __imp__sub_82104B68              ppc_recomp.7.cpp
  __imp__sub_82104E58              ppc_recomp.7.cpp
  __imp__sub_82105F28              ppc_recomp.7.cpp
  __imp__sub_82106318              ppc_recomp.7.cpp
  __imp__sub_82106C90              ppc_recomp.7.cpp
  __imp__sub_82106CB4              ppc_recomp.7.cpp
  __imp__sub_82106DA0              ppc_recomp.7.cpp
  __imp__sub_82106E80              ppc_recomp.7.cpp
  __imp__sub_82106F24              ppc_recomp.7.cpp
  __imp__sub_82106FD0              ppc_recomp.7.cpp
  __imp__sub_821070A8              ppc_recomp.7.cpp
  __imp__sub_82107180              ppc_recomp.7.cpp
  __imp__sub_8210722C              ppc_recomp.7.cpp
  __imp__sub_821072D8              ppc_recomp.7.cpp
  __imp__sub_8210730C              ppc_recomp.7.cpp
  __imp__sub_821073B0              ppc_recomp.7.cpp
  __imp__sub_821073E4              ppc_recomp.7.cpp
  __imp__sub_82107488              ppc_recomp.7.cpp
  __imp__sub_821074BC              ppc_recomp.7.cpp
  __imp__sub_821074F0              ppc_recomp.7.cpp
  __imp__sub_82107524              ppc_recomp.7.cpp
  __imp__sub_82107558              ppc_recomp.7.cpp
  __imp__sub_8210758C              ppc_recomp.7.cpp
  __imp__sub_821075C0              ppc_recomp.7.cpp
  __imp__sub_821075F4              ppc_recomp.7.cpp
  __imp__sub_82107628              ppc_recomp.7.cpp
  __imp__sub_8210765C              ppc_recomp.7.cpp
  __imp__sub_82107690              ppc_recomp.7.cpp
  __imp__sub_821076C4              ppc_recomp.7.cpp
  __imp__sub_821076F8              ppc_recomp.7.cpp
  __imp__sub_8210772C              ppc_recomp.7.cpp
  __imp__sub_82107760              ppc_recomp.7.cpp
  __imp__sub_82107794              ppc_recomp.7.cpp
  __imp__sub_821077C8              ppc_recomp.7.cpp
  __imp__sub_821077FC              ppc_recomp.7.cpp
  __imp__sub_821078A0              ppc_recomp.7.cpp
  __imp__sub_82107944              ppc_recomp.7.cpp
  __imp__sub_82107980              ppc_recomp.7.cpp
  __imp__sub_821079B4              ppc_recomp.7.cpp
  __imp__sub_821079E8              ppc_recomp.7.cpp
  __imp__sub_82107A1C              ppc_recomp.7.cpp
  __imp__sub_82107A50              ppc_recomp.7.cpp
  __imp__sub_82107A84              ppc_recomp.7.cpp
  __imp__sub_82107AB8              ppc_recomp.7.cpp
  __imp__sub_82107AF8              ppc_recomp.7.cpp
  __imp__sub_82107B18              ppc_recomp.7.cpp
  __imp__sub_82107BDC              ppc_recomp.7.cpp
  __imp__sub_82107C44              ppc_recomp.7.cpp
  __imp__sub_82107C78              ppc_recomp.7.cpp
  __imp__sub_82107CC4              ppc_recomp.7.cpp
  __imp__sub_82107D10              ppc_recomp.7.cpp
  __imp__sub_82107D5C              ppc_recomp.7.cpp
  __imp__sub_82107DA8              ppc_recomp.7.cpp
  __imp__sub_82107DF4              ppc_recomp.7.cpp
  __imp__sub_82107E00              ppc_recomp.7.cpp
  __imp__sub_82107E38              ppc_recomp.7.cpp
  __imp__sub_82107E44              ppc_recomp.7.cpp
  __imp__sub_82107E7C              ppc_recomp.7.cpp
  __imp__sub_82107E88              ppc_recomp.7.cpp
  __imp__sub_82107E94              ppc_recomp.7.cpp
  __imp__sub_82107EA0              ppc_recomp.7.cpp
  __imp__sub_82107EAC              ppc_recomp.7.cpp
  __imp__sub_82107EB8              ppc_recomp.7.cpp
  __imp__sub_82107EC4              ppc_recomp.7.cpp
  __imp__sub_82107ED0              ppc_recomp.7.cpp
  __imp__sub_82107EDC              ppc_recomp.7.cpp
  __imp__sub_82107EE8              ppc_recomp.7.cpp
  __imp__sub_82107EF4              ppc_recomp.7.cpp
  __imp__sub_82107F00              ppc_recomp.7.cpp
  __imp__sub_82107F0C              ppc_recomp.7.cpp
  __imp__sub_82107F18              ppc_recomp.7.cpp
  __imp__sub_82107F24              ppc_recomp.7.cpp
  __imp__sub_82107F30              ppc_recomp.7.cpp
  __imp__sub_82107F3C              ppc_recomp.8.cpp
  __imp__sub_82107F48              ppc_recomp.8.cpp
  __imp__sub_82107F80              ppc_recomp.8.cpp
  __imp__sub_82107FB8              ppc_recomp.8.cpp
  __imp__sub_82107FCC              ppc_recomp.8.cpp
  __imp__sub_82107FD8              ppc_recomp.8.cpp
  __imp__sub_82107FE4              ppc_recomp.8.cpp
  __imp__sub_82107FF0              ppc_recomp.8.cpp
  __imp__sub_82107FFC              ppc_recomp.8.cpp
  __imp__sub_82108008              ppc_recomp.8.cpp
  __imp__sub_82108014              ppc_recomp.8.cpp
  __imp__sub_82108020              ppc_recomp.8.cpp
  __imp__sub_82108040              ppc_recomp.8.cpp
  __imp__sub_82108098              ppc_recomp.8.cpp
  __imp__sub_82108100              ppc_recomp.8.cpp
  __imp__sub_821081B0              ppc_recomp.8.cpp
  __imp__sub_82108218              ppc_recomp.8.cpp
  __imp__sub_8210829C              ppc_recomp.8.cpp
  __imp__sub_82108324              ppc_recomp.8.cpp
  __imp__sub_82108398              ppc_recomp.8.cpp
  __imp__sub_821083B8              ppc_recomp.8.cpp
  __imp__sub_82108478              ppc_recomp.8.cpp
  __imp__sub_821084B4              ppc_recomp.8.cpp
  __imp__sub_821084E0              ppc_recomp.8.cpp
  __imp__sub_8210850C              ppc_recomp.8.cpp
  __imp__sub_82108548              ppc_recomp.8.cpp
  __imp__sub_82108584              ppc_recomp.8.cpp
  __imp__sub_821085B0              ppc_recomp.8.cpp
  __imp__sub_821085DC              ppc_recomp.8.cpp
  __imp__sub_821085E4              ppc_recomp.8.cpp
  __imp__sub_82108610              ppc_recomp.8.cpp
  __imp__sub_82108618              ppc_recomp.8.cpp
  __imp__sub_82108644              ppc_recomp.8.cpp
  __imp__sub_8210864C              ppc_recomp.8.cpp
  __imp__sub_82108654              ppc_recomp.8.cpp
  __imp__sub_8210865C              ppc_recomp.8.cpp
  __imp__sub_82108664              ppc_recomp.8.cpp
  __imp__sub_8210866C              ppc_recomp.8.cpp
  __imp__sub_82108674              ppc_recomp.8.cpp
  __imp__sub_8210867C              ppc_recomp.8.cpp
  __imp__sub_82108684              ppc_recomp.8.cpp
  __imp__sub_8210868C              ppc_recomp.8.cpp
  __imp__sub_82108694              ppc_recomp.8.cpp
  __imp__sub_8210869C              ppc_recomp.8.cpp
  __imp__sub_821086A4              ppc_recomp.8.cpp
  __imp__sub_821086AC              ppc_recomp.8.cpp
  __imp__sub_821086B4              ppc_recomp.8.cpp
  __imp__sub_821086BC              ppc_recomp.8.cpp
  __imp__sub_821086C4              ppc_recomp.8.cpp
  __imp__sub_821086CC              ppc_recomp.8.cpp
  __imp__sub_821086F8              ppc_recomp.8.cpp
  __imp__sub_82108724              ppc_recomp.8.cpp
  __imp__sub_8210872C              ppc_recomp.8.cpp
  __imp__sub_82108734              ppc_recomp.8.cpp
  __imp__sub_8210873C              ppc_recomp.8.cpp
  __imp__sub_82108744              ppc_recomp.8.cpp
  __imp__sub_8210874C              ppc_recomp.8.cpp
  __imp__sub_82108754              ppc_recomp.8.cpp
  __imp__sub_8210875C              ppc_recomp.8.cpp
  __imp__sub_82108764              ppc_recomp.8.cpp
  __imp__sub_82108770              ppc_recomp.8.cpp
  __imp__sub_821088B8              ppc_recomp.8.cpp
  __imp__sub_82108A60              ppc_recomp.8.cpp
  __imp__sub_82108BB8              ppc_recomp.8.cpp
  __imp__sub_82108C10              ppc_recomp.8.cpp
  __imp__sub_82108D00              ppc_recomp.8.cpp
  __imp__sub_82108DE0              ppc_recomp.8.cpp
  __imp__sub_82108E58              ppc_recomp.8.cpp
  __imp__sub_82108E78              ppc_recomp.8.cpp
  __imp__sub_82108F00              ppc_recomp.8.cpp
  __imp__sub_82108F90              ppc_recomp.8.cpp
  __imp__sub_82109020              ppc_recomp.8.cpp
  __imp__sub_821090B0              ppc_recomp.8.cpp
  __imp__sub_82109100              ppc_recomp.8.cpp
  __imp__sub_82109118              ppc_recomp.8.cpp
  __imp__sub_82109198              ppc_recomp.8.cpp
  __imp__sub_821091E8              ppc_recomp.8.cpp
  __imp__sub_8210920C              ppc_recomp.8.cpp
  __imp__sub_82109238              ppc_recomp.8.cpp
  __imp__sub_82109240              ppc_recomp.8.cpp
  __imp__sub_82109438              ppc_recomp.8.cpp
  __imp__sub_821095B0              ppc_recomp.8.cpp
  __imp__sub_82109620              ppc_recomp.8.cpp
  __imp__sub_82109678              ppc_recomp.8.cpp
  __imp__sub_82109690              ppc_recomp.8.cpp
  __imp__sub_82109760              ppc_recomp.8.cpp
  __imp__sub_821098D0              ppc_recomp.8.cpp
  __imp__sub_821099B0              ppc_recomp.8.cpp
  __imp__sub_82109A70              ppc_recomp.8.cpp
  __imp__sub_82109AF0              ppc_recomp.8.cpp
  __imp__sub_8210A7F0              ppc_recomp.8.cpp
  __imp__sub_8210AE30              ppc_recomp.8.cpp
  __imp__sub_8210AF88              ppc_recomp.8.cpp
  __imp__sub_8210B030              ppc_recomp.8.cpp
  __imp__sub_8210B050              ppc_recomp.8.cpp
  __imp__sub_8210B068              ppc_recomp.8.cpp
  __imp__sub_8210B298              ppc_recomp.8.cpp
  __imp__sub_8210B358              ppc_recomp.8.cpp
  __imp__sub_8210B3C8              ppc_recomp.8.cpp
  __imp__sub_8210B580              ppc_recomp.8.cpp
  __imp__sub_8210B630              ppc_recomp.8.cpp
  __imp__sub_8210B6D8              ppc_recomp.8.cpp
  __imp__sub_8210B918              ppc_recomp.8.cpp
  __imp__sub_8210BC08              ppc_recomp.8.cpp
  __imp__sub_8210BD20              ppc_recomp.8.cpp
  __imp__sub_8210BD40              ppc_recomp.8.cpp
  __imp__sub_8210BFD0              ppc_recomp.8.cpp
  __imp__sub_8210C060              ppc_recomp.8.cpp
  __imp__sub_8210CE60              ppc_recomp.8.cpp
  __imp__sub_8210CF48              ppc_recomp.8.cpp
  __imp__sub_8210CF70              ppc_recomp.8.cpp
  __imp__sub_8210D04C              ppc_recomp.8.cpp
  __imp__sub_8210D080              ppc_recomp.8.cpp
  __imp__sub_8210D0B4              ppc_recomp.8.cpp
  __imp__sub_8210D18C              ppc_recomp.8.cpp
  __imp__sub_8210D1C0              ppc_recomp.8.cpp
  __imp__sub_8210D1F4              ppc_recomp.8.cpp
  __imp__sub_8210D228              ppc_recomp.8.cpp
  __imp__sub_8210D230              ppc_recomp.8.cpp
  __imp__sub_8210D254              ppc_recomp.8.cpp
  __imp__sub_8210D300              ppc_recomp.8.cpp
  __imp__sub_8210D30C              ppc_recomp.8.cpp
  __imp__sub_8210D318              ppc_recomp.8.cpp
  __imp__sub_8210D364              ppc_recomp.8.cpp
  __imp__sub_8210D370              ppc_recomp.8.cpp
  __imp__sub_8210D37C              ppc_recomp.8.cpp
  __imp__sub_8210D388              ppc_recomp.8.cpp
  __imp__sub_8210D390              ppc_recomp.8.cpp
  __imp__sub_8210D3F0              ppc_recomp.8.cpp
  __imp__sub_8210D414              ppc_recomp.8.cpp
  __imp__sub_8210D4BC              ppc_recomp.8.cpp
  __imp__sub_8210D4C4              ppc_recomp.8.cpp
  __imp__sub_8210D4CC              ppc_recomp.8.cpp
  __imp__sub_8210D508              ppc_recomp.8.cpp
  __imp__sub_8210D510              ppc_recomp.8.cpp
  __imp__sub_8210D518              ppc_recomp.8.cpp
  __imp__sub_8210D520              ppc_recomp.8.cpp
  __imp__sub_8210D560              ppc_recomp.8.cpp
  __imp__sub_8210D590              ppc_recomp.8.cpp
  __imp__sub_8210D660              ppc_recomp.8.cpp
  __imp__sub_8210D780              ppc_recomp.8.cpp
  __imp__sub_8210D818              ppc_recomp.8.cpp
  __imp__sub_8210D8B0              ppc_recomp.8.cpp
  __imp__sub_8210D8F0              ppc_recomp.9.cpp
  __imp__sub_8210D8F8              ppc_recomp.9.cpp
  __imp__sub_8210D9F8              ppc_recomp.9.cpp
  __imp__sub_8210DA78              ppc_recomp.9.cpp
  __imp__sub_8210DC18              ppc_recomp.9.cpp
  __imp__sub_8210DC70              ppc_recomp.9.cpp
  __imp__sub_8210DD18              ppc_recomp.9.cpp
  __imp__sub_8210DE48              ppc_recomp.9.cpp
  __imp__sub_8210E1F0              ppc_recomp.9.cpp
  __imp__sub_8210E458              ppc_recomp.9.cpp
  __imp__sub_8210EA20              ppc_recomp.9.cpp
  __imp__sub_8210EB58              ppc_recomp.9.cpp
  __imp__sub_8210ECF0              ppc_recomp.9.cpp
  __imp__sub_8210EF60              ppc_recomp.9.cpp
  __imp__sub_8210EFE8              ppc_recomp.9.cpp
  __imp__sub_8210F090              ppc_recomp.9.cpp
  __imp__sub_8210F138              ppc_recomp.9.cpp
  __imp__sub_8210F1C0              ppc_recomp.9.cpp
  __imp__sub_8210F248              ppc_recomp.9.cpp
  __imp__sub_8210F560              ppc_recomp.9.cpp
  __imp__sub_8210F650              ppc_recomp.9.cpp
  __imp__sub_8210F770              ppc_recomp.9.cpp
  __imp__sub_8210F7E0              ppc_recomp.9.cpp
  __imp__sub_8210F858              ppc_recomp.9.cpp
  __imp__sub_8210F8B8              ppc_recomp.9.cpp
  __imp__sub_8210F940              ppc_recomp.9.cpp
  __imp__sub_8210FA20              ppc_recomp.9.cpp
  __imp__sub_8210FA70              ppc_recomp.9.cpp
  __imp__sub_8210FCF8              ppc_recomp.9.cpp
  __imp__sub_8210FD88              ppc_recomp.9.cpp
  __imp__sub_82110A80              ppc_recomp.9.cpp
  __imp__sub_821117C8              ppc_recomp.9.cpp
  __imp__sub_821124D0              ppc_recomp.9.cpp
  __imp__sub_82112520              ppc_recomp.9.cpp
  __imp__sub_82112580              ppc_recomp.9.cpp
  __imp__sub_82112610              ppc_recomp.9.cpp
  __imp__sub_82112C38              ppc_recomp.9.cpp
  __imp__sub_82113070              ppc_recomp.9.cpp
  __imp__sub_82113100              ppc_recomp.9.cpp
  __imp__sub_82113190              ppc_recomp.9.cpp
  __imp__sub_82113220              ppc_recomp.9.cpp
  __imp__sub_82113280              ppc_recomp.9.cpp
  __imp__sub_82113340              ppc_recomp.9.cpp
  __imp__sub_82113760              ppc_recomp.9.cpp
  __imp__sub_82113A78              ppc_recomp.9.cpp
  __imp__sub_82114230              ppc_recomp.9.cpp
  __imp__sub_82114318              ppc_recomp.9.cpp
  __imp__sub_821143B0              ppc_recomp.9.cpp
  __imp__sub_821143F8              ppc_recomp.9.cpp
  __imp__sub_82114500              ppc_recomp.9.cpp
  __imp__sub_821145B8              ppc_recomp.9.cpp
  __imp__sub_82114700              ppc_recomp.9.cpp
  __imp__sub_82114780              ppc_recomp.9.cpp
  __imp__sub_82114870              ppc_recomp.9.cpp
  __imp__sub_821149C0              ppc_recomp.9.cpp
  __imp__sub_821152D0              ppc_recomp.9.cpp
  __imp__sub_821154B0              ppc_recomp.9.cpp
  __imp__sub_82115588              ppc_recomp.9.cpp
  __imp__sub_821155F8              ppc_recomp.9.cpp
  __imp__sub_82115650              ppc_recomp.9.cpp
  __imp__sub_821156B8              ppc_recomp.9.cpp
  __imp__sub_82115850              ppc_recomp.9.cpp
  __imp__sub_821159A8              ppc_recomp.9.cpp
  __imp__sub_82115D10              ppc_recomp.9.cpp
  __imp__sub_82116348              ppc_recomp.9.cpp
  __imp__sub_821163C0              ppc_recomp.9.cpp
  __imp__sub_82116440              ppc_recomp.9.cpp
  __imp__sub_821199E0              ppc_recomp.9.cpp
  __imp__sub_82119AC8              ppc_recomp.9.cpp
  __imp__sub_82119F98              ppc_recomp.9.cpp
  __imp__sub_8211A018              ppc_recomp.9.cpp
  __imp__sub_8211A0C0              ppc_recomp.9.cpp
  __imp__sub_8211A158              ppc_recomp.9.cpp
  __imp__sub_8211A280              ppc_recomp.9.cpp
  __imp__sub_8211A318              ppc_recomp.9.cpp
  __imp__sub_8211A6B8              ppc_recomp.9.cpp
  __imp__sub_8211A750              ppc_recomp.9.cpp
  __imp__sub_8211A9F0              ppc_recomp.9.cpp
  __imp__sub_8211B168              ppc_recomp.9.cpp
  __imp__sub_8211BFE8              ppc_recomp.10.cpp
  __imp__sub_8211C620              ppc_recomp.10.cpp
  __imp__sub_8211C808              ppc_recomp.10.cpp
  __imp__sub_8211C978              ppc_recomp.10.cpp
  __imp__sub_8211CA00              ppc_recomp.10.cpp
  __imp__sub_8211CAC0              ppc_recomp.10.cpp
  __imp__sub_8211F3B8              ppc_recomp.10.cpp
  __imp__sub_8211F448              ppc_recomp.10.cpp
  __imp__sub_8211F460              ppc_recomp.10.cpp
  __imp__sub_8211F620              ppc_recomp.10.cpp
  __imp__sub_8211FA28              ppc_recomp.10.cpp
  __imp__sub_82120AA0              ppc_recomp.10.cpp
  __imp__sub_82120AC0              ppc_recomp.10.cpp
  __imp__sub_82120BB0              ppc_recomp.10.cpp
  __imp__sub_82120CA8              ppc_recomp.10.cpp
  __imp__sub_82123618              ppc_recomp.10.cpp
  __imp__sub_82123688              ppc_recomp.10.cpp
  __imp__sub_82124158              ppc_recomp.10.cpp
  __imp__sub_82124160              ppc_recomp.10.cpp
  __imp__sub_82126DB8              ppc_recomp.10.cpp
  __imp__sub_82127B48              ppc_recomp.11.cpp
  __imp__sub_8212BB98              ppc_recomp.11.cpp
  __imp__sub_8212D9E8              ppc_recomp.11.cpp
  __imp__sub_8212DA20              ppc_recomp.11.cpp
  __imp__sub_8212E6B8              ppc_recomp.11.cpp
  __imp__sub_8212E710              ppc_recomp.11.cpp
  __imp__sub_8212E9B8              ppc_recomp.11.cpp
  __imp__sub_8212EAB8              ppc_recomp.11.cpp
  __imp__sub_8212F788              ppc_recomp.11.cpp
  __imp__sub_8212FF08              ppc_recomp.12.cpp
  __imp__sub_821319B8              ppc_recomp.12.cpp
  __imp__sub_82131A50              ppc_recomp.12.cpp
  __imp__sub_82136130              ppc_recomp.12.cpp
  __imp__sub_821361E0              ppc_recomp.12.cpp
  __imp__sub_821362C0              ppc_recomp.12.cpp
  __imp__sub_82137410              ppc_recomp.12.cpp
  __imp__sub_82137850              ppc_recomp.12.cpp
  __imp__sub_82137870              ppc_recomp.12.cpp
  __imp__sub_82137898              ppc_recomp.12.cpp
  __imp__sub_821378B0              ppc_recomp.12.cpp
  __imp__sub_821378C8              ppc_recomp.12.cpp
  __imp__sub_82138DD0              ppc_recomp.12.cpp
  __imp__sub_8213C108              ppc_recomp.12.cpp
  __imp__sub_8213C2C8              ppc_recomp.12.cpp
  __imp__sub_8213C400              ppc_recomp.12.cpp
  __imp__sub_8213D938              ppc_recomp.12.cpp
  __imp__sub_8213E518              ppc_recomp.12.cpp
  __imp__sub_8213E580              ppc_recomp.12.cpp
  __imp__sub_8213F4B0              ppc_recomp.12.cpp
  __imp__sub_82142530              ppc_recomp.13.cpp
  __imp__sub_82142778              ppc_recomp.13.cpp
  __imp__sub_82142A00              ppc_recomp.13.cpp
  __imp__sub_82142A58              ppc_recomp.13.cpp
  __imp__sub_82142A78              ppc_recomp.13.cpp
  __imp__sub_82142A90              ppc_recomp.13.cpp
  __imp__sub_82142B00              ppc_recomp.13.cpp
  __imp__sub_82142B80              ppc_recomp.13.cpp
  __imp__sub_82142BA4              ppc_recomp.13.cpp
  __imp__sub_82142BCC              ppc_recomp.13.cpp
  __imp__sub_82142BE0              ppc_recomp.13.cpp
  __imp__sub_82142BF4              ppc_recomp.13.cpp
  __imp__sub_82142C08              ppc_recomp.13.cpp
  __imp__sub_82142CC8              ppc_recomp.13.cpp
  __imp__sub_82142CD8              ppc_recomp.13.cpp
  __imp__sub_82142F10              ppc_recomp.13.cpp
  __imp__sub_82142F30              ppc_recomp.13.cpp
  __imp__sub_82143058              ppc_recomp.13.cpp
  __imp__sub_821436C0              ppc_recomp.13.cpp
  __imp__sub_82143748              ppc_recomp.13.cpp
  __imp__sub_821437B0              ppc_recomp.13.cpp
  __imp__sub_82143888              ppc_recomp.13.cpp
  __imp__sub_821438F0              ppc_recomp.13.cpp
  __imp__sub_82143928              ppc_recomp.13.cpp
  __imp__sub_82143960              ppc_recomp.13.cpp
  __imp__sub_82143984              ppc_recomp.13.cpp
  __imp__sub_821439C0              ppc_recomp.13.cpp
  __imp__sub_821439C8              ppc_recomp.13.cpp
  __imp__sub_821439D0              ppc_recomp.13.cpp
  __imp__sub_821439D8              ppc_recomp.13.cpp
  __imp__sub_821439E0              ppc_recomp.13.cpp
  __imp__sub_821439E8              ppc_recomp.13.cpp
  __imp__sub_82143B00              ppc_recomp.13.cpp
  __imp__sub_82143BD8              ppc_recomp.13.cpp
  __imp__sub_82143ED0              ppc_recomp.13.cpp
  __imp__sub_82144678              ppc_recomp.13.cpp
  __imp__sub_82144690              ppc_recomp.13.cpp
  __imp__sub_821446B8              ppc_recomp.13.cpp
  __imp__sub_821449F0              ppc_recomp.13.cpp
  __imp__sub_82144A48              ppc_recomp.13.cpp
  __imp__sub_82144B98              ppc_recomp.13.cpp
  __imp__sub_82144C28              ppc_recomp.13.cpp
  __imp__sub_82147DE8              ppc_recomp.13.cpp
  __imp__sub_82148080              ppc_recomp.13.cpp
  __imp__sub_82148340              ppc_recomp.13.cpp
  __imp__sub_821483F8              ppc_recomp.13.cpp
  __imp__sub_821484A8              ppc_recomp.13.cpp
  __imp__sub_821489E8              ppc_recomp.13.cpp
  __imp__sub_82148A78              ppc_recomp.13.cpp
  __imp__sub_8214D008              ppc_recomp.13.cpp
  __imp__sub_8214D468              ppc_recomp.13.cpp
  __imp__sub_8214D728              ppc_recomp.13.cpp
  __imp__sub_8214D788              ppc_recomp.13.cpp
  __imp__sub_8214D9A8              ppc_recomp.13.cpp
  __imp__sub_8214D9B8              ppc_recomp.13.cpp
  __imp__sub_8214DBD0              ppc_recomp.13.cpp
  __imp__sub_8214DC60              ppc_recomp.13.cpp
  __imp__sub_8214DDE0              ppc_recomp.13.cpp
  __imp__sub_8214DE48              ppc_recomp.13.cpp
  __imp__sub_8214DE58              ppc_recomp.13.cpp
  __imp__sub_8214DF38              ppc_recomp.13.cpp
  __imp__sub_8214E110              ppc_recomp.13.cpp
  __imp__sub_8214E128              ppc_recomp.13.cpp
  __imp__sub_8214E210              ppc_recomp.13.cpp
  __imp__sub_8214E270              ppc_recomp.13.cpp
  __imp__sub_8214E7F0              ppc_recomp.13.cpp
  __imp__sub_8214E898              ppc_recomp.13.cpp
  __imp__sub_8214EC20              ppc_recomp.13.cpp
  __imp__sub_8214EC60              ppc_recomp.13.cpp
  __imp__sub_8214EFA0              ppc_recomp.13.cpp
  __imp__sub_8214F508              ppc_recomp.13.cpp
  __imp__sub_8214F610              ppc_recomp.13.cpp
  __imp__sub_8214F6B0              ppc_recomp.13.cpp
  __imp__sub_8214F6C8              ppc_recomp.13.cpp
  __imp__sub_8214F6E8              ppc_recomp.13.cpp
  __imp__sub_8214FB30              ppc_recomp.13.cpp
  __imp__sub_8214FC88              ppc_recomp.13.cpp
  __imp__sub_82150520              ppc_recomp.13.cpp
  __imp__sub_82150748              ppc_recomp.13.cpp
  __imp__sub_82150858              ppc_recomp.13.cpp
  __imp__sub_821508A0              ppc_recomp.13.cpp
  __imp__sub_821508C0              ppc_recomp.13.cpp
  __imp__sub_82150A38              ppc_recomp.13.cpp
  __imp__sub_82150AA8              ppc_recomp.13.cpp
  __imp__sub_82151160              ppc_recomp.13.cpp
  __imp__sub_821512B8              ppc_recomp.13.cpp
  __imp__sub_82151410              ppc_recomp.13.cpp
  __imp__sub_821514D8              ppc_recomp.13.cpp
  __imp__sub_82151C00              ppc_recomp.13.cpp
  __imp__sub_82151C18              ppc_recomp.13.cpp
  __imp__sub_82151C98              ppc_recomp.13.cpp
  __imp__sub_82151D30              ppc_recomp.13.cpp
  __imp__sub_82151E00              ppc_recomp.13.cpp
  __imp__sub_82151EB8              ppc_recomp.13.cpp
  __imp__sub_82151F48              ppc_recomp.13.cpp
  __imp__sub_82151FF0              ppc_recomp.13.cpp
  __imp__sub_821520A8              ppc_recomp.13.cpp
  __imp__sub_82152150              ppc_recomp.14.cpp
  __imp__sub_82152208              ppc_recomp.14.cpp
  __imp__sub_82152470              ppc_recomp.14.cpp
  __imp__sub_82152668              ppc_recomp.14.cpp
  __imp__sub_82152908              ppc_recomp.14.cpp
  __imp__sub_82152D48              ppc_recomp.14.cpp
  __imp__sub_82152E00              ppc_recomp.14.cpp
  __imp__sub_82153220              ppc_recomp.14.cpp
  __imp__sub_82153268              ppc_recomp.14.cpp
  __imp__sub_821532E8              ppc_recomp.14.cpp
  __imp__sub_82153398              ppc_recomp.14.cpp
  __imp__sub_82153410              ppc_recomp.14.cpp
  __imp__sub_82153478              ppc_recomp.14.cpp
  __imp__sub_821534F8              ppc_recomp.14.cpp
  __imp__sub_82153568              ppc_recomp.14.cpp
  __imp__sub_821535B8              ppc_recomp.14.cpp
  __imp__sub_82153628              ppc_recomp.14.cpp
  __imp__sub_821536D8              ppc_recomp.14.cpp
  __imp__sub_82153748              ppc_recomp.14.cpp
  __imp__sub_821537A8              ppc_recomp.14.cpp
  __imp__sub_82153858              ppc_recomp.14.cpp
  __imp__sub_821538D0              ppc_recomp.14.cpp
  __imp__sub_821539B8              ppc_recomp.14.cpp
  __imp__sub_82153B08              ppc_recomp.14.cpp
  __imp__sub_82153E30              ppc_recomp.14.cpp
  __imp__sub_82153EC8              ppc_recomp.14.cpp
  __imp__sub_82154018              ppc_recomp.14.cpp
  __imp__sub_821540E0              ppc_recomp.14.cpp
  __imp__sub_82154168              ppc_recomp.14.cpp
  __imp__sub_821541F8              ppc_recomp.14.cpp
  __imp__sub_82154290              ppc_recomp.14.cpp
  __imp__sub_821542F0              ppc_recomp.14.cpp
  __imp__sub_82154348              ppc_recomp.14.cpp
  __imp__sub_82154420              ppc_recomp.14.cpp
  __imp__sub_821544B0              ppc_recomp.14.cpp
  __imp__sub_82154578              ppc_recomp.14.cpp
  __imp__sub_82154688              ppc_recomp.14.cpp
  __imp__sub_82154798              ppc_recomp.14.cpp
  __imp__sub_82154800              ppc_recomp.14.cpp
  __imp__sub_82154868              ppc_recomp.14.cpp
  __imp__sub_821548D0              ppc_recomp.14.cpp
  __imp__sub_82154B70              ppc_recomp.14.cpp
  __imp__sub_82154D80              ppc_recomp.14.cpp
  __imp__sub_82154E18              ppc_recomp.14.cpp
  __imp__sub_82154E80              ppc_recomp.14.cpp
  __imp__sub_82154F30              ppc_recomp.14.cpp
  __imp__sub_82154FB0              ppc_recomp.14.cpp
  __imp__sub_82155940              ppc_recomp.14.cpp
  __imp__sub_82155CF8              ppc_recomp.14.cpp
  __imp__sub_82155D48              ppc_recomp.14.cpp
  __imp__sub_82155DB0              ppc_recomp.14.cpp
  __imp__sub_82156310              ppc_recomp.14.cpp
  __imp__sub_82156660              ppc_recomp.14.cpp
  __imp__sub_821569F0              ppc_recomp.14.cpp
  __imp__sub_82156B00              ppc_recomp.14.cpp
  __imp__sub_82156CA0              ppc_recomp.14.cpp
  __imp__sub_82156EC0              ppc_recomp.14.cpp
  __imp__sub_82157000              ppc_recomp.14.cpp
  __imp__sub_82157280              ppc_recomp.14.cpp
  __imp__sub_821572D8              ppc_recomp.14.cpp
  __imp__sub_82157358              ppc_recomp.14.cpp
  __imp__sub_821573B8              ppc_recomp.14.cpp
  __imp__sub_82157440              ppc_recomp.14.cpp
  __imp__sub_821574F0              ppc_recomp.14.cpp
  __imp__sub_82157570              ppc_recomp.14.cpp
  __imp__sub_82157620              ppc_recomp.14.cpp
  __imp__sub_82157710              ppc_recomp.14.cpp
  __imp__sub_821577E0              ppc_recomp.14.cpp
  __imp__sub_82157858              ppc_recomp.14.cpp
  __imp__sub_82157AA0              ppc_recomp.14.cpp
  __imp__sub_82157AF8              ppc_recomp.14.cpp
  __imp__sub_82157BB8              ppc_recomp.14.cpp
  __imp__sub_82157D78              ppc_recomp.14.cpp
  __imp__sub_82157E30              ppc_recomp.14.cpp
  __imp__sub_82157E7C              ppc_recomp.14.cpp
  __imp__sub_82157EB0              ppc_recomp.14.cpp
  __imp__sub_82157EF4              ppc_recomp.14.cpp
  __imp__sub_82157F10              ppc_recomp.14.cpp
  __imp__sub_82157F2C              ppc_recomp.14.cpp
  __imp__sub_82157F48              ppc_recomp.14.cpp
  __imp__sub_82157F64              ppc_recomp.14.cpp
  __imp__sub_82157F80              ppc_recomp.14.cpp
  __imp__sub_82158158              ppc_recomp.14.cpp
  __imp__sub_821581B0              ppc_recomp.14.cpp
  __imp__sub_821581F8              ppc_recomp.14.cpp
  __imp__sub_82158298              ppc_recomp.14.cpp
  __imp__sub_82158410              ppc_recomp.14.cpp
  __imp__sub_82158660              ppc_recomp.14.cpp
  __imp__sub_82158A28              ppc_recomp.14.cpp
  __imp__sub_82158B00              ppc_recomp.14.cpp
  __imp__sub_82158BA8              ppc_recomp.14.cpp
  __imp__sub_82158C20              ppc_recomp.14.cpp
  __imp__sub_82158CB0              ppc_recomp.14.cpp
  __imp__sub_82158DB8              ppc_recomp.14.cpp
  __imp__sub_82158E20              ppc_recomp.14.cpp
  __imp__sub_82159098              ppc_recomp.14.cpp
  __imp__sub_82159110              ppc_recomp.14.cpp
  __imp__sub_821591D0              ppc_recomp.14.cpp
  __imp__sub_82159258              ppc_recomp.14.cpp
  __imp__sub_82159308              ppc_recomp.14.cpp
  __imp__sub_82159408              ppc_recomp.14.cpp
  __imp__sub_82159610              ppc_recomp.14.cpp
  __imp__sub_821596A8              ppc_recomp.14.cpp
  __imp__sub_82159740              ppc_recomp.14.cpp
  __imp__sub_82159818              ppc_recomp.14.cpp
  __imp__sub_82159B20              ppc_recomp.14.cpp
  __imp__sub_82159CC0              ppc_recomp.14.cpp
  __imp__sub_82159D38              ppc_recomp.14.cpp
  __imp__sub_82159DD8              ppc_recomp.14.cpp
  __imp__sub_82159E88              ppc_recomp.14.cpp
  __imp__sub_82159EF0              ppc_recomp.14.cpp
  __imp__sub_82159F88              ppc_recomp.14.cpp
  __imp__sub_8215AB78              ppc_recomp.15.cpp
  __imp__sub_8215ABD8              ppc_recomp.15.cpp
  __imp__sub_8215AD08              ppc_recomp.15.cpp
  __imp__sub_8215B068              ppc_recomp.15.cpp
  __imp__sub_8215B298              ppc_recomp.15.cpp
  __imp__sub_8215B408              ppc_recomp.15.cpp
  __imp__sub_8215B480              ppc_recomp.15.cpp
  __imp__sub_8215B4F8              ppc_recomp.15.cpp
  __imp__sub_8215B570              ppc_recomp.15.cpp
  __imp__sub_8215B810              ppc_recomp.15.cpp
  __imp__sub_8215B940              ppc_recomp.15.cpp
  __imp__sub_8215BFB8              ppc_recomp.15.cpp
  __imp__sub_8215C0E8              ppc_recomp.15.cpp
  __imp__sub_8215C1A0              ppc_recomp.15.cpp
  __imp__sub_8215C250              ppc_recomp.15.cpp
  __imp__sub_8215C6F8              ppc_recomp.15.cpp
  __imp__sub_8215C8A8              ppc_recomp.15.cpp
  __imp__sub_8215C938              ppc_recomp.15.cpp
  __imp__sub_8215CC90              ppc_recomp.15.cpp
  __imp__sub_8215CDD8              ppc_recomp.15.cpp
  __imp__sub_8215CE80              ppc_recomp.15.cpp
  __imp__sub_8215CFF8              ppc_recomp.15.cpp
  __imp__sub_8215D0A8              ppc_recomp.15.cpp
  __imp__sub_8215D148              ppc_recomp.15.cpp
  __imp__sub_8215D238              ppc_recomp.15.cpp
  __imp__sub_8215D2B8              ppc_recomp.15.cpp
  __imp__sub_8215D740              ppc_recomp.15.cpp
  __imp__sub_8215D8D0              ppc_recomp.15.cpp
  __imp__sub_8215D910              ppc_recomp.15.cpp
  __imp__sub_8215E6C0              ppc_recomp.15.cpp
  __imp__sub_8215F650              ppc_recomp.15.cpp
  __imp__sub_8215F6C8              ppc_recomp.15.cpp
  __imp__sub_8215F6F0              ppc_recomp.15.cpp
  __imp__sub_8215FAC8              ppc_recomp.15.cpp
  __imp__sub_8215FF60              ppc_recomp.15.cpp
  __imp__sub_8215FFB0              ppc_recomp.15.cpp
  __imp__sub_82160138              ppc_recomp.15.cpp
  __imp__sub_821618D8              ppc_recomp.15.cpp
  __imp__sub_82163FF8              ppc_recomp.15.cpp
  __imp__sub_821684F8              ppc_recomp.15.cpp
  __imp__sub_82169FE8              ppc_recomp.15.cpp
  __imp__sub_8216AB38              ppc_recomp.15.cpp
  __imp__sub_8216B788              ppc_recomp.15.cpp
  __imp__sub_8216C8D0              ppc_recomp.15.cpp
  __imp__sub_8216C8E8              ppc_recomp.15.cpp
  __imp__sub_8216C8F8              ppc_recomp.15.cpp
  __imp__sub_8216CB68              ppc_recomp.15.cpp
  __imp__sub_8216CCD0              ppc_recomp.15.cpp
  __imp__sub_8216CD58              ppc_recomp.15.cpp
  __imp__sub_8216CDB0              ppc_recomp.15.cpp
  __imp__sub_8216CE28              ppc_recomp.15.cpp
  __imp__sub_8216E410              ppc_recomp.15.cpp
  __imp__sub_8216E4A0              ppc_recomp.15.cpp
  __imp__sub_8216E4B0              ppc_recomp.15.cpp
  __imp__sub_8216E528              ppc_recomp.15.cpp
  __imp__sub_8216E600              ppc_recomp.15.cpp
  __imp__sub_8216EA98              ppc_recomp.15.cpp
  __imp__sub_8216EB78              ppc_recomp.15.cpp
  __imp__sub_8216EC20              ppc_recomp.15.cpp
  __imp__sub_8216EC70              ppc_recomp.15.cpp
  __imp__sub_8216ED70              ppc_recomp.15.cpp
  __imp__sub_8216F308              ppc_recomp.15.cpp
  __imp__sub_8216F718              ppc_recomp.15.cpp
  __imp__sub_8216F7F0              ppc_recomp.15.cpp
  __imp__sub_8216F880              ppc_recomp.15.cpp
  __imp__sub_8216F8D0              ppc_recomp.15.cpp
  __imp__sub_8216FAF8              ppc_recomp.15.cpp
  __imp__sub_8216FBF8              ppc_recomp.15.cpp
  __imp__sub_8216FE08              ppc_recomp.15.cpp
  __imp__sub_8216FE80              ppc_recomp.15.cpp
  __imp__sub_8216FEF8              ppc_recomp.15.cpp
  __imp__sub_8216FF58              ppc_recomp.15.cpp
  __imp__sub_821713B8              ppc_recomp.15.cpp
  __imp__sub_821714F8              ppc_recomp.15.cpp
  __imp__sub_82171608              ppc_recomp.15.cpp
  __imp__sub_82171740              ppc_recomp.15.cpp
  __imp__sub_82171938              ppc_recomp.15.cpp
  __imp__sub_821719D0              ppc_recomp.15.cpp
  __imp__sub_82171AB8              ppc_recomp.15.cpp
  __imp__sub_82171BB0              ppc_recomp.15.cpp
  __imp__sub_82171EF0              ppc_recomp.15.cpp
  __imp__sub_82171FB0              ppc_recomp.15.cpp
  __imp__sub_821726C0              ppc_recomp.15.cpp
  __imp__sub_82172960              ppc_recomp.15.cpp
  __imp__sub_82172A00              ppc_recomp.15.cpp
  __imp__sub_82172C70              ppc_recomp.15.cpp
  __imp__sub_821730C0              ppc_recomp.15.cpp
  __imp__sub_821732C0              ppc_recomp.15.cpp
  __imp__sub_82173350              ppc_recomp.15.cpp
  __imp__sub_821733F8              ppc_recomp.15.cpp
  __imp__sub_821734F8              ppc_recomp.15.cpp
  __imp__sub_82173590              ppc_recomp.15.cpp
  __imp__sub_821736D8              ppc_recomp.15.cpp
  __imp__sub_821737A8              ppc_recomp.15.cpp
  __imp__sub_82173820              ppc_recomp.15.cpp
  __imp__sub_82173A10              ppc_recomp.16.cpp
  __imp__sub_82173A78              ppc_recomp.16.cpp
  __imp__sub_82173AC0              ppc_recomp.16.cpp
  __imp__sub_82173AF8              ppc_recomp.16.cpp
  __imp__sub_82173D18              ppc_recomp.16.cpp
  __imp__sub_82173E38              ppc_recomp.16.cpp
  __imp__sub_82173F08              ppc_recomp.16.cpp
  __imp__sub_82174B70              ppc_recomp.16.cpp
  __imp__sub_82175300              ppc_recomp.16.cpp
  __imp__sub_82175350              ppc_recomp.16.cpp
  __imp__sub_82178628              ppc_recomp.16.cpp
  __imp__sub_82178740              ppc_recomp.16.cpp
  __imp__sub_82178888              ppc_recomp.16.cpp
  __imp__sub_82178A30              ppc_recomp.16.cpp
  __imp__sub_82178AD8              ppc_recomp.16.cpp
  __imp__sub_82178CF8              ppc_recomp.16.cpp
  __imp__sub_82179108              ppc_recomp.16.cpp
  __imp__sub_8217A1D0              ppc_recomp.16.cpp
  __imp__sub_8217A408              ppc_recomp.16.cpp
  __imp__sub_8217A650              ppc_recomp.16.cpp
  __imp__sub_8217B148              ppc_recomp.16.cpp
  __imp__sub_8217B358              ppc_recomp.16.cpp
  __imp__sub_8217B4A8              ppc_recomp.16.cpp
  __imp__sub_8217B5A8              ppc_recomp.16.cpp
  __imp__sub_8217B658              ppc_recomp.16.cpp
  __imp__sub_8217B808              ppc_recomp.16.cpp
  __imp__sub_8217B898              ppc_recomp.16.cpp
  __imp__sub_8217BA60              ppc_recomp.16.cpp
  __imp__sub_8217BB10              ppc_recomp.16.cpp
  __imp__sub_8217BF20              ppc_recomp.16.cpp
  __imp__sub_8217C320              ppc_recomp.16.cpp
  __imp__sub_8217CBD8              ppc_recomp.16.cpp
  __imp__sub_8217CC40              ppc_recomp.16.cpp
  __imp__sub_8217CEB0              ppc_recomp.16.cpp
  __imp__sub_8217E930              ppc_recomp.16.cpp
  __imp__sub_8217E958              ppc_recomp.16.cpp
  __imp__sub_8217EA50              ppc_recomp.16.cpp
  __imp__sub_8217EB20              ppc_recomp.16.cpp
  __imp__sub_8217EBC8              ppc_recomp.16.cpp
  __imp__sub_8217ECA0              ppc_recomp.16.cpp
  __imp__sub_8217F418              ppc_recomp.16.cpp
  __imp__sub_8217F4C8              ppc_recomp.16.cpp
  __imp__sub_8217F620              ppc_recomp.16.cpp
  __imp__sub_8217F8B8              ppc_recomp.16.cpp
  __imp__sub_8217FCA8              ppc_recomp.16.cpp
  __imp__sub_8217FEF8              ppc_recomp.16.cpp
  __imp__sub_8217FFE8              ppc_recomp.16.cpp
  __imp__sub_821801B0              ppc_recomp.16.cpp
  __imp__sub_82180230              ppc_recomp.16.cpp
  __imp__sub_82180780              ppc_recomp.16.cpp
  __imp__sub_82180970              ppc_recomp.16.cpp
  __imp__sub_82180B40              ppc_recomp.16.cpp
  __imp__sub_82180BE8              ppc_recomp.16.cpp
  __imp__sub_82180C70              ppc_recomp.16.cpp
  __imp__sub_82181A18              ppc_recomp.16.cpp
  __imp__sub_82181AB8              ppc_recomp.16.cpp
  __imp__sub_82183330              ppc_recomp.16.cpp
  __imp__sub_821834C8              ppc_recomp.16.cpp
  __imp__sub_82183510              ppc_recomp.16.cpp
  __imp__sub_82183588              ppc_recomp.16.cpp
  __imp__sub_82183640              ppc_recomp.16.cpp
  __imp__sub_821836D0              ppc_recomp.16.cpp
  __imp__sub_82183728              ppc_recomp.16.cpp
  __imp__sub_82183790              ppc_recomp.16.cpp
  __imp__sub_82183820              ppc_recomp.16.cpp
  __imp__sub_82183D30              ppc_recomp.16.cpp
  __imp__sub_82183DA8              ppc_recomp.16.cpp
  __imp__sub_82183E28              ppc_recomp.16.cpp
  __imp__sub_82183F38              ppc_recomp.16.cpp
  __imp__sub_82184108              ppc_recomp.16.cpp
  __imp__sub_821842D0              ppc_recomp.16.cpp
  __imp__sub_82184610              ppc_recomp.16.cpp
  __imp__sub_82184970              ppc_recomp.16.cpp
  __imp__sub_82184A88              ppc_recomp.16.cpp
  __imp__sub_82184AF0              ppc_recomp.16.cpp
  __imp__sub_82184B30              ppc_recomp.16.cpp
  __imp__sub_82184BF8              ppc_recomp.16.cpp
  __imp__sub_82184CC8              ppc_recomp.16.cpp
  __imp__sub_82184D38              ppc_recomp.16.cpp
  __imp__sub_82184F80              ppc_recomp.16.cpp
  __imp__sub_82184FF0              ppc_recomp.16.cpp
  __imp__sub_82185170              ppc_recomp.16.cpp
  __imp__sub_821851D0              ppc_recomp.16.cpp
  __imp__sub_82185488              ppc_recomp.16.cpp
  __imp__sub_821854C8              ppc_recomp.16.cpp
  __imp__sub_82185640              ppc_recomp.16.cpp
  __imp__sub_82185808              ppc_recomp.16.cpp
  __imp__sub_821858C0              ppc_recomp.16.cpp
  __imp__sub_821859B8              ppc_recomp.16.cpp
  __imp__sub_82185D50              ppc_recomp.16.cpp
  __imp__sub_82186028              ppc_recomp.16.cpp
  __imp__sub_821861E0              ppc_recomp.16.cpp
  __imp__sub_82186570              ppc_recomp.16.cpp
  __imp__sub_821868F0              ppc_recomp.16.cpp
  __imp__sub_821874A0              ppc_recomp.16.cpp
  __imp__sub_82187520              ppc_recomp.16.cpp
  __imp__sub_82187688              ppc_recomp.16.cpp
  __imp__sub_821878F8              ppc_recomp.16.cpp
  __imp__sub_82187B48              ppc_recomp.16.cpp
  __imp__sub_82187BE0              ppc_recomp.16.cpp
  __imp__sub_82188198              ppc_recomp.16.cpp
  __imp__sub_82188220              ppc_recomp.16.cpp
  __imp__sub_82188288              ppc_recomp.16.cpp
  __imp__sub_821884E0              ppc_recomp.16.cpp
  __imp__sub_82188588              ppc_recomp.16.cpp
  __imp__sub_82188AC8              ppc_recomp.16.cpp
  __imp__sub_82188BA0              ppc_recomp.16.cpp
  __imp__sub_82189630              ppc_recomp.17.cpp
  __imp__sub_8218A720              ppc_recomp.17.cpp
  __imp__sub_8218AA90              ppc_recomp.17.cpp
  __imp__sub_8218AFC8              ppc_recomp.17.cpp
  __imp__sub_8218B458              ppc_recomp.17.cpp
  __imp__sub_8218C168              ppc_recomp.17.cpp
  __imp__sub_8218C3C8              ppc_recomp.17.cpp
  __imp__sub_8218D0C8              ppc_recomp.17.cpp
  __imp__sub_8218D128              ppc_recomp.17.cpp
  __imp__sub_8218D558              ppc_recomp.17.cpp
  __imp__sub_8218D888              ppc_recomp.17.cpp
  __imp__sub_8218DDA8              ppc_recomp.17.cpp
  __imp__sub_8218DF38              ppc_recomp.17.cpp
  __imp__sub_8218E0C8              ppc_recomp.17.cpp
  __imp__sub_8218E128              ppc_recomp.17.cpp
  __imp__sub_8218E248              ppc_recomp.17.cpp
  __imp__sub_8218E730              ppc_recomp.17.cpp
  __imp__sub_8218EAB0              ppc_recomp.17.cpp
  __imp__sub_8218F0A8              ppc_recomp.17.cpp
  __imp__sub_8218F3C8              ppc_recomp.17.cpp
  __imp__sub_8218F878              ppc_recomp.17.cpp
  __imp__sub_8218F8A0              ppc_recomp.17.cpp
  __imp__sub_8218F8B8              ppc_recomp.17.cpp
  __imp__sub_8218F8BC              ppc_recomp.17.cpp
  __imp__sub_8218F8C0              ppc_recomp.17.cpp
  __imp__sub_8218F8C4              ppc_recomp.17.cpp
  __imp__sub_8218F8C8              ppc_recomp.17.cpp
  __imp__sub_8218F8F0              ppc_recomp.17.cpp
  __imp__sub_8218F908              ppc_recomp.17.cpp
  __imp__sub_8218F910              ppc_recomp.17.cpp
  __imp__sub_8218F918              ppc_recomp.17.cpp
  __imp__sub_8218F91C              ppc_recomp.17.cpp
  __imp__sub_8218F920              ppc_recomp.17.cpp
  __imp__sub_8218F948              ppc_recomp.17.cpp
  __imp__sub_8218F960              ppc_recomp.17.cpp
  __imp__sub_8218F968              ppc_recomp.17.cpp
  __imp__sub_8218F970              ppc_recomp.17.cpp
  __imp__sub_8218F974              ppc_recomp.17.cpp
  __imp__sub_8218F978              ppc_recomp.17.cpp
  __imp__sub_8218FC60              ppc_recomp.17.cpp
  __imp__sub_8218FD58              ppc_recomp.17.cpp
  __imp__sub_821907B8              ppc_recomp.17.cpp
  __imp__sub_821911C8              ppc_recomp.17.cpp
  __imp__sub_82191220              ppc_recomp.17.cpp
  __imp__sub_821912D8              ppc_recomp.17.cpp
  __imp__sub_82191410              ppc_recomp.17.cpp
  __imp__sub_821914A0              ppc_recomp.17.cpp
  __imp__sub_82193068              ppc_recomp.17.cpp
  __imp__sub_821931F8              ppc_recomp.17.cpp
  __imp__sub_82193408              ppc_recomp.17.cpp
  __imp__sub_82193460              ppc_recomp.17.cpp
  __imp__sub_821935F0              ppc_recomp.17.cpp
  __imp__sub_82193838              ppc_recomp.17.cpp
  __imp__sub_82193890              ppc_recomp.17.cpp
  __imp__sub_82193930              ppc_recomp.17.cpp
  __imp__sub_821939E0              ppc_recomp.17.cpp
  __imp__sub_82193CB0              ppc_recomp.17.cpp
  __imp__sub_82193E88              ppc_recomp.17.cpp
  __imp__sub_82194088              ppc_recomp.17.cpp
  __imp__sub_82194278              ppc_recomp.17.cpp
  __imp__sub_82194908              ppc_recomp.17.cpp
  __imp__sub_821949C0              ppc_recomp.17.cpp
  __imp__sub_82194A40              ppc_recomp.17.cpp
  __imp__sub_82194D10              ppc_recomp.17.cpp
  __imp__sub_82194ED8              ppc_recomp.17.cpp
  __imp__sub_82195890              ppc_recomp.17.cpp
  __imp__sub_82195CF8              ppc_recomp.17.cpp
  __imp__sub_82195DF8              ppc_recomp.17.cpp
  __imp__sub_82196420              ppc_recomp.17.cpp
  __imp__sub_82196D60              ppc_recomp.17.cpp
  __imp__sub_82197000              ppc_recomp.17.cpp
  __imp__sub_82197660              ppc_recomp.17.cpp
  __imp__sub_82197A88              ppc_recomp.17.cpp
  __imp__sub_82197E30              ppc_recomp.17.cpp
  __imp__sub_82198098              ppc_recomp.17.cpp
  __imp__sub_82198418              ppc_recomp.17.cpp
  __imp__sub_82198640              ppc_recomp.17.cpp
  __imp__sub_82199030              ppc_recomp.17.cpp
  __imp__sub_82199210              ppc_recomp.17.cpp
  __imp__sub_82199AC0              ppc_recomp.17.cpp
  __imp__sub_8219A1E8              ppc_recomp.17.cpp
  __imp__sub_8219A588              ppc_recomp.17.cpp
  __imp__sub_8219B510              ppc_recomp.17.cpp
  __imp__sub_8219B7C8              ppc_recomp.17.cpp
  __imp__sub_8219B8B8              ppc_recomp.17.cpp
  __imp__sub_8219BC90              ppc_recomp.17.cpp
  __imp__sub_8219BE70              ppc_recomp.17.cpp
  __imp__sub_8219C268              ppc_recomp.17.cpp
  __imp__sub_8219C5D8              ppc_recomp.17.cpp
  __imp__sub_8219C638              ppc_recomp.17.cpp
  __imp__sub_8219C750              ppc_recomp.17.cpp
  __imp__sub_8219E000              ppc_recomp.17.cpp
  __imp__sub_8219F208              ppc_recomp.17.cpp
  __imp__sub_8219F468              ppc_recomp.17.cpp
  __imp__sub_8219F680              ppc_recomp.17.cpp
  __imp__sub_8219FAD0              ppc_recomp.17.cpp
  __imp__sub_8219FFD0              ppc_recomp.17.cpp
  __imp__sub_821A0240              ppc_recomp.17.cpp
  __imp__sub_821A1078              ppc_recomp.17.cpp
  __imp__sub_821A1830              ppc_recomp.17.cpp
  __imp__sub_821A1C40              ppc_recomp.18.cpp
  __imp__sub_821A1F28              ppc_recomp.18.cpp
  __imp__sub_821A2198              ppc_recomp.18.cpp
  __imp__sub_821A24D8              ppc_recomp.18.cpp
  __imp__sub_821A2598              ppc_recomp.18.cpp
  __imp__sub_821A2850              ppc_recomp.18.cpp
  __imp__sub_821A2D58              ppc_recomp.18.cpp
  __imp__sub_821A2F98              ppc_recomp.18.cpp
  __imp__sub_821A3250              ppc_recomp.18.cpp
  __imp__sub_821A36C0              ppc_recomp.18.cpp
  __imp__sub_821A38D8              ppc_recomp.18.cpp
  __imp__sub_821A3F40              ppc_recomp.18.cpp
  __imp__sub_821A4090              ppc_recomp.18.cpp
  __imp__sub_821A4150              ppc_recomp.18.cpp
  __imp__sub_821A4758              ppc_recomp.18.cpp
  __imp__sub_821A4AA8              ppc_recomp.18.cpp
  __imp__sub_821A63B8              ppc_recomp.18.cpp
  __imp__sub_821A6770              ppc_recomp.18.cpp
  __imp__sub_821A71A0              ppc_recomp.18.cpp
  __imp__sub_821A74A0              ppc_recomp.18.cpp
  __imp__sub_821A7540              ppc_recomp.18.cpp
  __imp__sub_821A7638              ppc_recomp.18.cpp
  __imp__sub_821A7A28              ppc_recomp.18.cpp
  __imp__sub_821A7EF8              ppc_recomp.18.cpp
  __imp__sub_821A8768              ppc_recomp.18.cpp
  __imp__sub_821A89B0              ppc_recomp.18.cpp
  __imp__sub_821A8EB0              ppc_recomp.18.cpp
  __imp__sub_821A9310              ppc_recomp.18.cpp
  __imp__sub_821A9408              ppc_recomp.18.cpp
  __imp__sub_821A9A08              ppc_recomp.18.cpp
  __imp__sub_821A9AB0              ppc_recomp.18.cpp
  __imp__sub_821A9B20              ppc_recomp.18.cpp
  __imp__sub_821A9B90              ppc_recomp.18.cpp
  __imp__sub_821A9C38              ppc_recomp.18.cpp
  __imp__sub_821AA418              ppc_recomp.18.cpp
  __imp__sub_821AA4F8              ppc_recomp.18.cpp
  __imp__sub_821AA628              ppc_recomp.18.cpp
  __imp__sub_821AA698              ppc_recomp.18.cpp
  __imp__sub_821AA708              ppc_recomp.18.cpp
  __imp__sub_821AA778              ppc_recomp.18.cpp
  __imp__sub_821AA8F8              ppc_recomp.18.cpp
  __imp__sub_821AA958              ppc_recomp.18.cpp
  __imp__sub_821AA968              ppc_recomp.18.cpp
  __imp__sub_821AA9D8              ppc_recomp.18.cpp
  __imp__sub_821AAA48              ppc_recomp.18.cpp
  __imp__sub_821AAAA8              ppc_recomp.18.cpp
  __imp__sub_821AAAB8              ppc_recomp.18.cpp
  __imp__sub_821AAB28              ppc_recomp.18.cpp
  __imp__sub_821AAB98              ppc_recomp.19.cpp
  __imp__sub_821AABF8              ppc_recomp.19.cpp
  __imp__sub_821AAC08              ppc_recomp.19.cpp
  __imp__sub_821AAC68              ppc_recomp.19.cpp
  __imp__sub_821AACC8              ppc_recomp.19.cpp
  __imp__sub_821AACD8              ppc_recomp.19.cpp
  __imp__sub_821AAD38              ppc_recomp.19.cpp
  __imp__sub_821AAD48              ppc_recomp.19.cpp
  __imp__sub_821AADB8              ppc_recomp.19.cpp
  __imp__sub_821AAE28              ppc_recomp.19.cpp
  __imp__sub_821AAE88              ppc_recomp.19.cpp
  __imp__sub_821AAE98              ppc_recomp.19.cpp
  __imp__sub_821AB240              ppc_recomp.19.cpp
  __imp__sub_821ACAE0              ppc_recomp.19.cpp
  __imp__sub_821ACB28              ppc_recomp.19.cpp
  __imp__sub_821ACC00              ppc_recomp.19.cpp
  __imp__sub_821ACCF8              ppc_recomp.19.cpp
  __imp__sub_821E68F8              ppc_recomp.21.cpp
  __imp__sub_821E6928              ppc_recomp.21.cpp
  __imp__sub_821E69F0              ppc_recomp.21.cpp
  __imp__sub_821E6E10              ppc_recomp.21.cpp
  __imp__sub_821E6E98              ppc_recomp.21.cpp
  __imp__sub_821E6EA0              ppc_recomp.21.cpp
  __imp__sub_821E6EB0              ppc_recomp.21.cpp
  __imp__sub_821E6F78              ppc_recomp.21.cpp
  __imp__sub_821E70C8              ppc_recomp.21.cpp
  __imp__sub_821E7518              ppc_recomp.21.cpp
  __imp__sub_821E7540              ppc_recomp.21.cpp
  __imp__sub_821E7720              ppc_recomp.21.cpp
  __imp__sub_821E7760              ppc_recomp.21.cpp
  __imp__sub_821E90A0              ppc_recomp.21.cpp
  __imp__sub_821E90B0              ppc_recomp.21.cpp
  __imp__sub_821E9150              ppc_recomp.21.cpp
  __imp__sub_821E9598              ppc_recomp.21.cpp
  __imp__sub_821E9900              ppc_recomp.21.cpp
  __imp__sub_821E9E90              ppc_recomp.22.cpp
  __imp__sub_821EA148              ppc_recomp.22.cpp
  __imp__sub_821EA188              ppc_recomp.22.cpp
  __imp__sub_821EAAE8              ppc_recomp.22.cpp
  __imp__sub_821ECC98              ppc_recomp.22.cpp
  __imp__sub_821ED930              ppc_recomp.23.cpp
  __imp__sub_821EDA60              ppc_recomp.23.cpp
  __imp__sub_821EE3B8              ppc_recomp.23.cpp
  __imp__sub_821EE418              ppc_recomp.23.cpp
  __imp__sub_821EE528              ppc_recomp.23.cpp
  __imp__sub_821EF618              ppc_recomp.23.cpp
  __imp__sub_821EFAA8              ppc_recomp.23.cpp
  __imp__sub_821F04B8              ppc_recomp.23.cpp
  __imp__sub_821F16C0              ppc_recomp.23.cpp
  __imp__sub_821F1758              ppc_recomp.23.cpp
  __imp__sub_821F3298              ppc_recomp.23.cpp
  __imp__sub_821F39F0              ppc_recomp.23.cpp
  __imp__sub_821F3D48              ppc_recomp.23.cpp
  __imp__sub_821F50F8              ppc_recomp.23.cpp
  __imp__sub_821F5168              ppc_recomp.23.cpp
  __imp__sub_821F5348              ppc_recomp.23.cpp
  __imp__sub_821F5420              ppc_recomp.23.cpp
  __imp__sub_821F5498              ppc_recomp.23.cpp
  __imp__sub_821F5B10              ppc_recomp.23.cpp
  __imp__sub_821F5FB0              ppc_recomp.23.cpp
  __imp__sub_821F5FF0              ppc_recomp.23.cpp
  __imp__sub_821F6100              ppc_recomp.23.cpp
  __imp__sub_821F6310              ppc_recomp.23.cpp
  __imp__sub_821F6388              ppc_recomp.23.cpp
  __imp__sub_821F63B0              ppc_recomp.23.cpp
  __imp__sub_821F6418              ppc_recomp.23.cpp
  __imp__sub_821F6528              ppc_recomp.23.cpp
  __imp__sub_821F65C8              ppc_recomp.23.cpp
  __imp__sub_821F66A0              ppc_recomp.23.cpp
  __imp__sub_821F66B0              ppc_recomp.23.cpp
  __imp__sub_821F6750              ppc_recomp.23.cpp
  __imp__sub_821F6768              ppc_recomp.23.cpp
  __imp__sub_821F6828              ppc_recomp.23.cpp
  __imp__sub_821F6898              ppc_recomp.23.cpp
  __imp__sub_821F6948              ppc_recomp.23.cpp
  __imp__sub_821F6A20              ppc_recomp.23.cpp
  __imp__sub_821F6AF0              ppc_recomp.23.cpp
  __imp__sub_821F7088              ppc_recomp.23.cpp
  __imp__sub_821F7128              ppc_recomp.23.cpp
  __imp__sub_821F7174              ppc_recomp.23.cpp
  __imp__sub_821F75E8              ppc_recomp.24.cpp
  __imp__sub_821F7648              ppc_recomp.24.cpp
  __imp__sub_821F7810              ppc_recomp.24.cpp
  __imp__sub_821F7B58              ppc_recomp.24.cpp
  __imp__sub_821F7D90              ppc_recomp.24.cpp
  __imp__sub_821F7FB0              ppc_recomp.24.cpp
  __imp__sub_821F80A0              ppc_recomp.24.cpp
  __imp__sub_821F8190              ppc_recomp.24.cpp
  __imp__sub_821F8280              ppc_recomp.24.cpp
  __imp__sub_821F8288              ppc_recomp.24.cpp
  __imp__sub_821F8290              ppc_recomp.24.cpp
  __imp__sub_821F8298              ppc_recomp.24.cpp
  __imp__sub_821F82A0              ppc_recomp.24.cpp
  __imp__sub_821F82B0              ppc_recomp.24.cpp
  __imp__sub_821F8400              ppc_recomp.24.cpp
  __imp__sub_821F84E0              ppc_recomp.24.cpp
  __imp__sub_821F8538              ppc_recomp.24.cpp
  __imp__sub_821F8650              ppc_recomp.24.cpp
  __imp__sub_821F8968              ppc_recomp.24.cpp
  __imp__sub_821F8B50              ppc_recomp.24.cpp
  __imp__sub_821F8D80              ppc_recomp.24.cpp
  __imp__sub_821F9280              ppc_recomp.24.cpp
  __imp__sub_821F92A0              ppc_recomp.24.cpp
  __imp__sub_821F9320              ppc_recomp.24.cpp
  __imp__sub_821F9FC0              ppc_recomp.24.cpp
  __imp__sub_821FA050              ppc_recomp.24.cpp
  __imp__sub_821FA240              ppc_recomp.24.cpp
  __imp__sub_821FA7A8              ppc_recomp.24.cpp
  __imp__sub_821FA980              ppc_recomp.24.cpp
  __imp__sub_821FAD98              ppc_recomp.24.cpp
  __imp__sub_821FB3D8              ppc_recomp.24.cpp
  __imp__sub_821FB608              ppc_recomp.24.cpp
  __imp__sub_821FB7A0              ppc_recomp.24.cpp
  __imp__sub_821FB960              ppc_recomp.24.cpp
  __imp__sub_821FBF68              ppc_recomp.24.cpp
  __imp__sub_821FC6A8              ppc_recomp.24.cpp
  __imp__sub_821FCB38              ppc_recomp.24.cpp
  __imp__sub_821FCB98              ppc_recomp.24.cpp
  __imp__sub_821FCC48              ppc_recomp.24.cpp
  __imp__sub_821FCD30              ppc_recomp.24.cpp
  __imp__sub_821FCDE0              ppc_recomp.24.cpp
  __imp__sub_821FCE70              ppc_recomp.24.cpp
  __imp__sub_821FCFC8              ppc_recomp.24.cpp
  __imp__sub_821FD000              ppc_recomp.24.cpp
  __imp__sub_821FD048              ppc_recomp.24.cpp
  __imp__sub_821FD05C              ppc_recomp.24.cpp
  __imp__sub_821FD148              ppc_recomp.24.cpp
  __imp__sub_821FD290              ppc_recomp.24.cpp
  __imp__sub_821FD368              ppc_recomp.24.cpp
  __imp__sub_821FD3D0              ppc_recomp.24.cpp
  __imp__sub_821FD498              ppc_recomp.24.cpp
  __imp__sub_821FD698              ppc_recomp.24.cpp
  __imp__sub_821FD810              ppc_recomp.24.cpp
  __imp__sub_821FD948              ppc_recomp.24.cpp
  __imp__sub_821FDC20              ppc_recomp.24.cpp
  __imp__sub_821FE188              ppc_recomp.24.cpp
  __imp__sub_821FE690              ppc_recomp.24.cpp
  __imp__sub_821FE7D8              ppc_recomp.24.cpp
  __imp__sub_821FE818              ppc_recomp.24.cpp
  __imp__sub_821FEBC0              ppc_recomp.24.cpp
  __imp__sub_821FEDE8              ppc_recomp.24.cpp
  __imp__sub_821FEE90              ppc_recomp.24.cpp
  __imp__sub_821FF008              ppc_recomp.24.cpp
  __imp__sub_821FF248              ppc_recomp.24.cpp
  __imp__sub_821FF2D0              ppc_recomp.24.cpp
  __imp__sub_821FF308              ppc_recomp.24.cpp
  __imp__sub_821FF500              ppc_recomp.24.cpp
  __imp__sub_821FF558              ppc_recomp.24.cpp
  __imp__sub_821FF960              ppc_recomp.24.cpp
  __imp__sub_821FFAD0              ppc_recomp.24.cpp
  __imp__sub_821FFC60              ppc_recomp.24.cpp
  __imp__sub_821FFE30              ppc_recomp.24.cpp
  __imp__sub_82200288              ppc_recomp.24.cpp
  __imp__sub_82200640              ppc_recomp.24.cpp
  __imp__sub_822006B0              ppc_recomp.24.cpp
  __imp__sub_82201220              ppc_recomp.24.cpp
  __imp__sub_82201ED0              ppc_recomp.24.cpp
  __imp__sub_822023D8              ppc_recomp.24.cpp
  __imp__sub_82202AF0              ppc_recomp.24.cpp
  __imp__sub_82202C78              ppc_recomp.24.cpp
  __imp__sub_82202E58              ppc_recomp.24.cpp
  __imp__sub_822031F8              ppc_recomp.24.cpp
  __imp__sub_82203338              ppc_recomp.24.cpp
  __imp__sub_82203578              ppc_recomp.24.cpp
  __imp__sub_82203630              ppc_recomp.24.cpp
  __imp__sub_82203760              ppc_recomp.24.cpp
  __imp__sub_82203848              ppc_recomp.24.cpp
  __imp__sub_82203858              ppc_recomp.24.cpp
  __imp__sub_82203860              ppc_recomp.24.cpp
  __imp__sub_82203880              ppc_recomp.24.cpp
  __imp__sub_82203A48              ppc_recomp.24.cpp
  __imp__sub_82203C40              ppc_recomp.24.cpp
  __imp__sub_82203CA8              ppc_recomp.24.cpp
  __imp__sub_82204008              ppc_recomp.24.cpp
  __imp__sub_82204200              ppc_recomp.24.cpp
  __imp__sub_82204210              ppc_recomp.24.cpp
  __imp__sub_82204B48              ppc_recomp.25.cpp
  __imp__sub_82204EC8              ppc_recomp.25.cpp
  __imp__sub_82204F88              ppc_recomp.25.cpp
  __imp__sub_82205018              ppc_recomp.25.cpp
  __imp__sub_82205108              ppc_recomp.25.cpp
  __imp__sub_82205170              ppc_recomp.25.cpp
  __imp__sub_822052A8              ppc_recomp.25.cpp
  __imp__sub_82205540              ppc_recomp.25.cpp
  __imp__sub_822056B8              ppc_recomp.25.cpp
  __imp__sub_822059B0              ppc_recomp.25.cpp
  __imp__sub_82205B50              ppc_recomp.25.cpp
  __imp__sub_82205C40              ppc_recomp.25.cpp
  __imp__sub_82205CF8              ppc_recomp.25.cpp
  __imp__sub_82205E30              ppc_recomp.25.cpp
  __imp__sub_82205EB8              ppc_recomp.25.cpp
  __imp__sub_82205F28              ppc_recomp.25.cpp
  __imp__sub_82205FE8              ppc_recomp.25.cpp
  __imp__sub_82206230              ppc_recomp.25.cpp
  __imp__sub_82206500              ppc_recomp.25.cpp
  __imp__sub_82206CE8              ppc_recomp.25.cpp
  __imp__sub_82206FE0              ppc_recomp.25.cpp
  __imp__sub_82207048              ppc_recomp.25.cpp
  __imp__sub_822070F8              ppc_recomp.25.cpp
  __imp__sub_82207160              ppc_recomp.25.cpp
  __imp__sub_822073A0              ppc_recomp.25.cpp
  __imp__sub_82207508              ppc_recomp.25.cpp
  __imp__sub_822076D8              ppc_recomp.25.cpp
  __imp__sub_822077C8              ppc_recomp.25.cpp
  __imp__sub_822078E0              ppc_recomp.25.cpp
  __imp__sub_822079A0              ppc_recomp.25.cpp
  __imp__sub_82207DA8              ppc_recomp.25.cpp
  __imp__sub_82207F40              ppc_recomp.25.cpp
  __imp__sub_82208078              ppc_recomp.25.cpp
  __imp__sub_82208590              ppc_recomp.25.cpp
  __imp__sub_82208A78              ppc_recomp.25.cpp
  __imp__sub_82208D40              ppc_recomp.25.cpp
  __imp__sub_82208E28              ppc_recomp.25.cpp
  __imp__sub_822090B8              ppc_recomp.25.cpp
  __imp__sub_82209AC0              ppc_recomp.25.cpp
  __imp__sub_82209AE0              ppc_recomp.25.cpp
  __imp__sub_82209B0C              ppc_recomp.25.cpp
  __imp__sub_82209B20              ppc_recomp.25.cpp
  __imp__sub_82209B34              ppc_recomp.25.cpp
  __imp__sub_82209B48              ppc_recomp.25.cpp
  __imp__sub_8220A5C0              ppc_recomp.25.cpp
  __imp__sub_8220A688              ppc_recomp.25.cpp
  __imp__sub_8220A710              ppc_recomp.25.cpp
  __imp__sub_8220A7A0              ppc_recomp.25.cpp
  __imp__sub_8220A868              ppc_recomp.25.cpp
  __imp__sub_8220A980              ppc_recomp.25.cpp
  __imp__sub_8220AED8              ppc_recomp.25.cpp
  __imp__sub_8220B590              ppc_recomp.25.cpp
  __imp__sub_8220B6C8              ppc_recomp.25.cpp
  __imp__sub_8220C470              ppc_recomp.25.cpp
  __imp__sub_8220D1B0              ppc_recomp.25.cpp
  __imp__sub_8220D470              ppc_recomp.25.cpp
  __imp__sub_8220D4F8              ppc_recomp.25.cpp
  __imp__sub_8220D840              ppc_recomp.25.cpp
  __imp__sub_8220DEA0              ppc_recomp.25.cpp
  __imp__sub_8220E140              ppc_recomp.25.cpp
  __imp__sub_8220E448              ppc_recomp.25.cpp
  __imp__sub_8220E818              ppc_recomp.25.cpp
  __imp__sub_8220E938              ppc_recomp.25.cpp
  __imp__sub_8220E980              ppc_recomp.25.cpp
  __imp__sub_8220ED30              ppc_recomp.25.cpp
  __imp__sub_8220EF00              ppc_recomp.25.cpp
  __imp__sub_8220F660              ppc_recomp.26.cpp
  __imp__sub_8220F9F8              ppc_recomp.26.cpp
  __imp__sub_82211168              ppc_recomp.26.cpp
  __imp__sub_822111D8              ppc_recomp.26.cpp
  __imp__sub_82211600              ppc_recomp.26.cpp
  __imp__sub_822119F8              ppc_recomp.26.cpp
  __imp__sub_822122C8              ppc_recomp.26.cpp
  __imp__sub_82212B78              ppc_recomp.26.cpp
  __imp__sub_82213180              ppc_recomp.26.cpp
  __imp__sub_82213900              ppc_recomp.26.cpp
  __imp__sub_82213D10              ppc_recomp.26.cpp
  __imp__sub_822144A0              ppc_recomp.26.cpp
  __imp__sub_822146E0              ppc_recomp.26.cpp
  __imp__sub_82214E88              ppc_recomp.26.cpp
  __imp__sub_822158B0              ppc_recomp.26.cpp
  __imp__sub_82219910              ppc_recomp.26.cpp
  __imp__sub_82219918              ppc_recomp.26.cpp
  __imp__sub_82219928              ppc_recomp.26.cpp
  __imp__sub_82219930              ppc_recomp.26.cpp
  __imp__sub_822199A8              ppc_recomp.26.cpp
  __imp__sub_82219A28              ppc_recomp.26.cpp
  __imp__sub_82219AB8              ppc_recomp.26.cpp
  __imp__sub_82219B70              ppc_recomp.26.cpp
  __imp__sub_82219BB0              ppc_recomp.26.cpp
  __imp__sub_82219F68              ppc_recomp.26.cpp
  __imp__sub_82219FB0              ppc_recomp.26.cpp
  __imp__sub_8221A030              ppc_recomp.26.cpp
  __imp__sub_8221A0B0              ppc_recomp.26.cpp
  __imp__sub_8221A130              ppc_recomp.26.cpp
  __imp__sub_8221A3B0              ppc_recomp.26.cpp
  __imp__sub_8221A428              ppc_recomp.26.cpp
  __imp__sub_8221A498              ppc_recomp.26.cpp
  __imp__sub_8221A538              ppc_recomp.26.cpp
  __imp__sub_8221A5B0              ppc_recomp.26.cpp
  __imp__sub_8221A6C8              ppc_recomp.26.cpp
  __imp__sub_8221A918              ppc_recomp.26.cpp
  __imp__sub_8221AB50              ppc_recomp.26.cpp
  __imp__sub_8221ACA0              ppc_recomp.26.cpp
  __imp__sub_8221ACB8              ppc_recomp.26.cpp
  __imp__sub_8221ACD0              ppc_recomp.26.cpp
  __imp__sub_8221ADF0              ppc_recomp.26.cpp
  __imp__sub_8221AE50              ppc_recomp.26.cpp
  __imp__sub_8221AF98              ppc_recomp.26.cpp
  __imp__sub_8221B388              ppc_recomp.26.cpp
  __imp__sub_8221B3A8              ppc_recomp.26.cpp
  __imp__sub_8221B3E0              ppc_recomp.26.cpp
  __imp__sub_8221B3E8              ppc_recomp.26.cpp
  __imp__sub_8221B3F0              ppc_recomp.26.cpp
  __imp__sub_8221B3F8              ppc_recomp.26.cpp
  __imp__sub_8221B400              ppc_recomp.26.cpp
  __imp__sub_8221B408              ppc_recomp.26.cpp
  __imp__sub_8221B410              ppc_recomp.26.cpp
  __imp__sub_8221B418              ppc_recomp.26.cpp
  __imp__sub_8221B420              ppc_recomp.26.cpp
  __imp__sub_8221B428              ppc_recomp.26.cpp
  __imp__sub_8221B430              ppc_recomp.27.cpp
  __imp__sub_8221B438              ppc_recomp.27.cpp
  __imp__sub_8221B458              ppc_recomp.27.cpp
  __imp__sub_8221B498              ppc_recomp.27.cpp
  __imp__sub_8221B4A0              ppc_recomp.27.cpp
  __imp__sub_8221B4A8              ppc_recomp.27.cpp
  __imp__sub_8221B4B0              ppc_recomp.27.cpp
  __imp__sub_8221B4B8              ppc_recomp.27.cpp
  __imp__sub_8221B4C0              ppc_recomp.27.cpp
  __imp__sub_8221B4C8              ppc_recomp.27.cpp
  __imp__sub_8221B4D0              ppc_recomp.27.cpp
  __imp__sub_8221B4D8              ppc_recomp.27.cpp
  __imp__sub_8221B4E0              ppc_recomp.27.cpp
  __imp__sub_8221B4E8              ppc_recomp.27.cpp
  __imp__sub_8221B4F0              ppc_recomp.27.cpp
  __imp__sub_8221B680              ppc_recomp.27.cpp
  __imp__sub_8221B818              ppc_recomp.27.cpp
  __imp__sub_8221B898              ppc_recomp.27.cpp
  __imp__sub_8221B918              ppc_recomp.27.cpp
  __imp__sub_8221BCE8              ppc_recomp.27.cpp
  __imp__sub_8221BE50              ppc_recomp.27.cpp
  __imp__sub_8221BEC8              ppc_recomp.27.cpp
  __imp__sub_8221C018              ppc_recomp.27.cpp
  __imp__sub_8221C128              ppc_recomp.27.cpp
  __imp__sub_8221C2F0              ppc_recomp.27.cpp
  __imp__sub_8221C328              ppc_recomp.27.cpp
  __imp__sub_8221C3E8              ppc_recomp.27.cpp
  __imp__sub_8221C408              ppc_recomp.27.cpp
  __imp__sub_8221CB88              ppc_recomp.27.cpp
  __imp__sub_8221CBAC              ppc_recomp.27.cpp
  __imp__sub_8221CC08              ppc_recomp.27.cpp
  __imp__sub_8221CC10              ppc_recomp.27.cpp
  __imp__sub_8221CC78              ppc_recomp.27.cpp
  __imp__sub_8221CE48              ppc_recomp.27.cpp
  __imp__sub_8221CF18              ppc_recomp.27.cpp
  __imp__sub_8221D0C8              ppc_recomp.27.cpp
  __imp__sub_8221D180              ppc_recomp.27.cpp
  __imp__sub_8221D220              ppc_recomp.27.cpp
  __imp__sub_8221D2C8              ppc_recomp.27.cpp
  __imp__sub_8221E158              ppc_recomp.27.cpp
  __imp__sub_8221E220              ppc_recomp.27.cpp
  __imp__sub_8221E3E0              ppc_recomp.27.cpp
  __imp__sub_8221E4A0              ppc_recomp.27.cpp
  __imp__sub_8221E540              ppc_recomp.27.cpp
  __imp__sub_8221E610              ppc_recomp.27.cpp
  __imp__sub_8221E740              ppc_recomp.27.cpp
  __imp__sub_8221E838              ppc_recomp.27.cpp
  __imp__sub_8221EAC8              ppc_recomp.27.cpp
  __imp__sub_8221EC78              ppc_recomp.27.cpp
  __imp__sub_8221ED90              ppc_recomp.27.cpp
  __imp__sub_8221EDB0              ppc_recomp.27.cpp
  __imp__sub_8221EDFC              ppc_recomp.27.cpp
  __imp__sub_8221EE10              ppc_recomp.27.cpp
  __imp__sub_8221EE24              ppc_recomp.27.cpp
  __imp__sub_8221EE3C              ppc_recomp.27.cpp
  __imp__sub_8221EE48              ppc_recomp.27.cpp
  __imp__sub_8221EE50              ppc_recomp.27.cpp
  __imp__sub_8221EE5C              ppc_recomp.27.cpp
  __imp__sub_8221EE78              ppc_recomp.27.cpp
  __imp__sub_8221EE94              ppc_recomp.27.cpp
  __imp__sub_8221EEA8              ppc_recomp.27.cpp
  __imp__sub_8221EEBC              ppc_recomp.27.cpp
  __imp__sub_8221EED0              ppc_recomp.27.cpp
  __imp__sub_8221EEE4              ppc_recomp.27.cpp
  __imp__sub_8221EEF8              ppc_recomp.27.cpp
  __imp__sub_8221F180              ppc_recomp.27.cpp
  __imp__sub_8221F518              ppc_recomp.27.cpp
  __imp__sub_8221F610              ppc_recomp.27.cpp
  __imp__sub_8221F710              ppc_recomp.27.cpp
  __imp__sub_8221F908              ppc_recomp.27.cpp
  __imp__sub_8221FBE0              ppc_recomp.27.cpp
  __imp__sub_82220860              ppc_recomp.27.cpp
  __imp__sub_82220AA0              ppc_recomp.27.cpp
  __imp__sub_82220C20              ppc_recomp.27.cpp
  __imp__sub_82220CA8              ppc_recomp.27.cpp
  __imp__sub_82220DB0              ppc_recomp.27.cpp
  __imp__sub_82220E30              ppc_recomp.27.cpp
  __imp__sub_82220EA0              ppc_recomp.27.cpp
  __imp__sub_82220EF8              ppc_recomp.27.cpp
  __imp__sub_82220FF8              ppc_recomp.27.cpp
  __imp__sub_82221050              ppc_recomp.27.cpp
  __imp__sub_82221090              ppc_recomp.27.cpp
  __imp__sub_822210A8              ppc_recomp.27.cpp
  __imp__sub_82221188              ppc_recomp.28.cpp
  __imp__sub_822212C0              ppc_recomp.28.cpp
  __imp__sub_822212D0              ppc_recomp.28.cpp
  __imp__sub_82221350              ppc_recomp.28.cpp
  __imp__sub_822218C8              ppc_recomp.28.cpp
  __imp__sub_822221A0              ppc_recomp.28.cpp
  __imp__sub_82222220              ppc_recomp.28.cpp
  __imp__sub_822222D0              ppc_recomp.28.cpp
  __imp__sub_82222400              ppc_recomp.28.cpp
  __imp__sub_822224A0              ppc_recomp.28.cpp
  __imp__sub_822224B8              ppc_recomp.28.cpp
  __imp__sub_822225C0              ppc_recomp.28.cpp
  __imp__sub_82222840              ppc_recomp.28.cpp
  __imp__sub_82222858              ppc_recomp.28.cpp
  __imp__sub_82222878              ppc_recomp.28.cpp
  __imp__sub_82222B48              ppc_recomp.28.cpp
  __imp__sub_82222D40              ppc_recomp.28.cpp
  __imp__sub_82222E70              ppc_recomp.28.cpp
  __imp__sub_82222EF8              ppc_recomp.28.cpp
  __imp__sub_822232A8              ppc_recomp.28.cpp
  __imp__sub_82223330              ppc_recomp.28.cpp
  __imp__sub_822233B0              ppc_recomp.28.cpp
  __imp__sub_82223468              ppc_recomp.28.cpp
  __imp__sub_82223488              ppc_recomp.28.cpp
  __imp__sub_82223628              ppc_recomp.28.cpp
  __imp__sub_82223630              ppc_recomp.28.cpp
  __imp__sub_82223638              ppc_recomp.28.cpp
  __imp__sub_82223640              ppc_recomp.28.cpp
  __imp__sub_82223648              ppc_recomp.28.cpp
  __imp__sub_82223650              ppc_recomp.28.cpp
  __imp__sub_82223658              ppc_recomp.28.cpp
  __imp__sub_82223660              ppc_recomp.28.cpp
  __imp__sub_82223668              ppc_recomp.28.cpp
  __imp__sub_82223670              ppc_recomp.28.cpp
  __imp__sub_82223678              ppc_recomp.28.cpp
  __imp__sub_82223680              ppc_recomp.28.cpp
  __imp__sub_82223910              ppc_recomp.28.cpp
  __imp__sub_82223950              ppc_recomp.28.cpp
  __imp__sub_82223990              ppc_recomp.28.cpp
  __imp__sub_822239D0              ppc_recomp.28.cpp
  __imp__sub_822239D8              ppc_recomp.28.cpp
  __imp__sub_82223A58              ppc_recomp.28.cpp
  __imp__sub_82223A60              ppc_recomp.28.cpp
  __imp__sub_82223D38              ppc_recomp.28.cpp
  __imp__sub_822240C8              ppc_recomp.28.cpp
  __imp__sub_82224200              ppc_recomp.28.cpp
  __imp__sub_822247D8              ppc_recomp.28.cpp
  __imp__sub_82224E78              ppc_recomp.28.cpp
  __imp__sub_82224FB8              ppc_recomp.28.cpp
  __imp__sub_82225088              ppc_recomp.28.cpp
  __imp__sub_82225248              ppc_recomp.28.cpp
  __imp__sub_822254D8              ppc_recomp.28.cpp
  __imp__sub_82225778              ppc_recomp.28.cpp
  __imp__sub_822259C0              ppc_recomp.28.cpp
  __imp__sub_822273B0              ppc_recomp.28.cpp
  __imp__sub_82227550              ppc_recomp.28.cpp
  __imp__sub_822276E0              ppc_recomp.28.cpp
  __imp__sub_82227838              ppc_recomp.28.cpp
  __imp__sub_82227970              ppc_recomp.28.cpp
  __imp__sub_822279B8              ppc_recomp.28.cpp
  __imp__sub_82227A10              ppc_recomp.28.cpp
  __imp__sub_82227BC8              ppc_recomp.28.cpp
  __imp__sub_82227C60              ppc_recomp.28.cpp
  __imp__sub_82228038              ppc_recomp.28.cpp
  __imp__sub_82228700              ppc_recomp.28.cpp
  __imp__sub_82228C60              ppc_recomp.28.cpp
  __imp__sub_822293D8              ppc_recomp.28.cpp
  __imp__sub_82229430              ppc_recomp.28.cpp
  __imp__sub_82229700              ppc_recomp.28.cpp
  __imp__sub_822297F0              ppc_recomp.28.cpp
  __imp__sub_82229890              ppc_recomp.28.cpp
  __imp__sub_822299A0              ppc_recomp.28.cpp
  __imp__sub_82229A40              ppc_recomp.28.cpp
  __imp__sub_82229C40              ppc_recomp.28.cpp
  __imp__sub_82229E78              ppc_recomp.28.cpp
  __imp__sub_82229FA8              ppc_recomp.28.cpp
  __imp__sub_8222A190              ppc_recomp.29.cpp
  __imp__sub_8222A2C8              ppc_recomp.29.cpp
  __imp__sub_8222A5F8              ppc_recomp.29.cpp
  __imp__sub_8222A678              ppc_recomp.29.cpp
  __imp__sub_8222A758              ppc_recomp.29.cpp
  __imp__sub_8222A880              ppc_recomp.29.cpp
  __imp__sub_8222A8E8              ppc_recomp.29.cpp
  __imp__sub_8222A9F8              ppc_recomp.29.cpp
  __imp__sub_8222AAB0              ppc_recomp.29.cpp
  __imp__sub_8222AC30              ppc_recomp.29.cpp
  __imp__sub_8222AFB8              ppc_recomp.29.cpp
  __imp__sub_8222BD50              ppc_recomp.29.cpp
  __imp__sub_8222BDE8              ppc_recomp.29.cpp
  __imp__sub_8222BFD8              ppc_recomp.29.cpp
  __imp__sub_8222C890              ppc_recomp.29.cpp
  __imp__sub_8222C900              ppc_recomp.29.cpp
  __imp__sub_8222C958              ppc_recomp.29.cpp
  __imp__sub_8222C98C              ppc_recomp.29.cpp
  __imp__sub_8222C994              ppc_recomp.29.cpp
  __imp__sub_8222C99C              ppc_recomp.29.cpp
  __imp__sub_8222C9A4              ppc_recomp.29.cpp
  __imp__sub_8222C9F8              ppc_recomp.29.cpp
  __imp__sub_8222CBE0              ppc_recomp.29.cpp
  __imp__sub_8222CDD0              ppc_recomp.29.cpp
  __imp__sub_8222CE98              ppc_recomp.29.cpp
  __imp__sub_8222D0F8              ppc_recomp.29.cpp
  __imp__sub_8222D298              ppc_recomp.29.cpp
  __imp__sub_8222D358              ppc_recomp.29.cpp
  __imp__sub_8222D408              ppc_recomp.29.cpp
  __imp__sub_8222D538              ppc_recomp.29.cpp
  __imp__sub_8222D828              ppc_recomp.29.cpp
  __imp__sub_8222DC50              ppc_recomp.29.cpp
  __imp__sub_8222DD18              ppc_recomp.29.cpp
  __imp__sub_8222DF00              ppc_recomp.29.cpp
  __imp__sub_8222E000              ppc_recomp.29.cpp
  __imp__sub_8222E190              ppc_recomp.29.cpp
  __imp__sub_8222E2E0              ppc_recomp.29.cpp
  __imp__sub_8222E590              ppc_recomp.29.cpp
  __imp__sub_8222E8F8              ppc_recomp.29.cpp
  __imp__sub_8222EAC8              ppc_recomp.29.cpp
  __imp__sub_8222ECF0              ppc_recomp.29.cpp
  __imp__sub_8222F0B8              ppc_recomp.29.cpp
  __imp__sub_8222F338              ppc_recomp.29.cpp
  __imp__sub_8222F7E8              ppc_recomp.29.cpp
  __imp__sub_8222F8F8              ppc_recomp.29.cpp
  __imp__sub_8222FAD8              ppc_recomp.29.cpp
  __imp__sub_8222FB00              ppc_recomp.29.cpp
  __imp__sub_8222FBC0              ppc_recomp.29.cpp
  __imp__sub_8222FD48              ppc_recomp.29.cpp
  __imp__sub_82230100              ppc_recomp.29.cpp
  __imp__sub_82230280              ppc_recomp.29.cpp
  __imp__sub_82230800              ppc_recomp.29.cpp
  __imp__sub_82230AB0              ppc_recomp.29.cpp
  __imp__sub_82230B70              ppc_recomp.29.cpp
  __imp__sub_82231138              ppc_recomp.29.cpp
  __imp__sub_82231538              ppc_recomp.29.cpp
  __imp__sub_82231618              ppc_recomp.29.cpp
  __imp__sub_822316D8              ppc_recomp.29.cpp
  __imp__sub_82231788              ppc_recomp.29.cpp
  __imp__sub_82231818              ppc_recomp.29.cpp
  __imp__sub_822318B8              ppc_recomp.29.cpp
  __imp__sub_822319C8              ppc_recomp.29.cpp
  __imp__sub_822319F0              ppc_recomp.29.cpp
  __imp__sub_82231A1C              ppc_recomp.29.cpp
  __imp__sub_82231A24              ppc_recomp.29.cpp
  __imp__sub_82231A2C              ppc_recomp.29.cpp
  __imp__sub_82231A34              ppc_recomp.29.cpp
  __imp__sub_82231AE0              ppc_recomp.29.cpp
  __imp__sub_82231C10              ppc_recomp.29.cpp
  __imp__sub_82231D70              ppc_recomp.29.cpp
  __imp__sub_82231EB0              ppc_recomp.29.cpp
  __imp__sub_82231FC0              ppc_recomp.29.cpp
  __imp__sub_82232040              ppc_recomp.29.cpp
  __imp__sub_82232220              ppc_recomp.29.cpp
  __imp__sub_822326F8              ppc_recomp.29.cpp
  __imp__sub_822327A8              ppc_recomp.29.cpp
  __imp__sub_822327B8              ppc_recomp.29.cpp
  __imp__sub_82232830              ppc_recomp.29.cpp
  __imp__sub_822328A8              ppc_recomp.29.cpp
  __imp__sub_82232998              ppc_recomp.29.cpp
  __imp__sub_82232AB8              ppc_recomp.29.cpp
  __imp__sub_82232B48              ppc_recomp.29.cpp
  __imp__sub_82232BE8              ppc_recomp.29.cpp
  __imp__sub_82232D40              ppc_recomp.29.cpp
  __imp__sub_82232D80              ppc_recomp.29.cpp
  __imp__sub_82233990              ppc_recomp.29.cpp
  __imp__sub_822339E0              ppc_recomp.29.cpp
  __imp__sub_82233A28              ppc_recomp.29.cpp
  __imp__sub_82233AC8              ppc_recomp.29.cpp
  __imp__sub_82233BD0              ppc_recomp.29.cpp
  __imp__sub_82233C70              ppc_recomp.29.cpp
  __imp__sub_82233EC0              ppc_recomp.29.cpp
  __imp__sub_82234200              ppc_recomp.29.cpp
  __imp__sub_82234820              ppc_recomp.29.cpp
  __imp__sub_82234998              ppc_recomp.29.cpp
  __imp__sub_82234B10              ppc_recomp.29.cpp
  __imp__sub_82234C70              ppc_recomp.29.cpp
  __imp__sub_82234D58              ppc_recomp.29.cpp
  __imp__sub_82234EA8              ppc_recomp.29.cpp
  __imp__sub_82235530              ppc_recomp.29.cpp
  __imp__sub_822357D0              ppc_recomp.29.cpp
  __imp__sub_82235968              ppc_recomp.29.cpp
  __imp__sub_82235D50              ppc_recomp.29.cpp
  __imp__sub_822366A0              ppc_recomp.29.cpp
  __imp__sub_82236BC8              ppc_recomp.29.cpp
  __imp__sub_82236E90              ppc_recomp.29.cpp
  __imp__sub_82236FE0              ppc_recomp.29.cpp
  __imp__sub_822374A0              ppc_recomp.29.cpp
  __imp__sub_82237820              ppc_recomp.29.cpp
  __imp__sub_822379A8              ppc_recomp.29.cpp
  __imp__sub_82237AA0              ppc_recomp.30.cpp
  __imp__sub_82237B88              ppc_recomp.30.cpp
  __imp__sub_82237C08              ppc_recomp.30.cpp
  __imp__sub_82237CD0              ppc_recomp.30.cpp
  __imp__sub_82237D60              ppc_recomp.30.cpp
  __imp__sub_82237F68              ppc_recomp.30.cpp
  __imp__sub_82238028              ppc_recomp.30.cpp
  __imp__sub_82238058              ppc_recomp.30.cpp
  __imp__sub_82238730              ppc_recomp.30.cpp
  __imp__sub_82239860              ppc_recomp.30.cpp
  __imp__sub_82239C90              ppc_recomp.30.cpp
  __imp__sub_8223A3B8              ppc_recomp.30.cpp
  __imp__sub_8223A450              ppc_recomp.30.cpp
  __imp__sub_8223B650              ppc_recomp.30.cpp
  __imp__sub_8223B8E8              ppc_recomp.30.cpp
  __imp__sub_8223BCC0              ppc_recomp.30.cpp
  __imp__sub_8223BDF0              ppc_recomp.30.cpp
  __imp__sub_8223BE78              ppc_recomp.30.cpp
  __imp__sub_8223BF08              ppc_recomp.30.cpp
  __imp__sub_8223C018              ppc_recomp.30.cpp
  __imp__sub_8223C130              ppc_recomp.30.cpp
  __imp__sub_8223C2A8              ppc_recomp.30.cpp
  __imp__sub_8223C420              ppc_recomp.30.cpp
  __imp__sub_8223C4D8              ppc_recomp.30.cpp
  __imp__sub_8223C6B0              ppc_recomp.30.cpp
  __imp__sub_8223C868              ppc_recomp.30.cpp
  __imp__sub_8223CEB8              ppc_recomp.30.cpp
  __imp__sub_8223D050              ppc_recomp.30.cpp
  __imp__sub_8223D0B0              ppc_recomp.30.cpp
  __imp__sub_8223D0C8              ppc_recomp.30.cpp
  __imp__sub_8223D0E0              ppc_recomp.30.cpp
  __imp__sub_8223EB20              ppc_recomp.30.cpp
  __imp__sub_8223EBB0              ppc_recomp.30.cpp
  __imp__sub_822410B8              ppc_recomp.30.cpp
  __imp__sub_82241998              ppc_recomp.30.cpp
  __imp__sub_82242128              ppc_recomp.30.cpp
  __imp__sub_82243960              ppc_recomp.30.cpp
  __imp__sub_822439D0              ppc_recomp.30.cpp
  __imp__sub_82243A40              ppc_recomp.30.cpp
  __imp__sub_82243B50              ppc_recomp.30.cpp
  __imp__sub_82243B98              ppc_recomp.30.cpp
  __imp__sub_82243DD8              ppc_recomp.30.cpp
  __imp__sub_82244B40              ppc_recomp.30.cpp
  __imp__sub_82244F48              ppc_recomp.30.cpp
  __imp__sub_822461B8              ppc_recomp.30.cpp
  __imp__sub_82246258              ppc_recomp.30.cpp
  __imp__sub_82246E20              ppc_recomp.30.cpp
  __imp__sub_82246E40              ppc_recomp.30.cpp
  __imp__sub_82247188              ppc_recomp.30.cpp
  __imp__sub_822474D0              ppc_recomp.30.cpp
  __imp__sub_822477F0              ppc_recomp.30.cpp
  __imp__sub_82247E60              ppc_recomp.30.cpp
  __imp__sub_822484A0              ppc_recomp.30.cpp
  __imp__sub_82248538              ppc_recomp.30.cpp
  __imp__sub_822485D0              ppc_recomp.30.cpp
  __imp__sub_82248678              ppc_recomp.30.cpp
  __imp__sub_82248908              ppc_recomp.30.cpp
  __imp__sub_82248938              ppc_recomp.30.cpp
  __imp__sub_82248970              ppc_recomp.30.cpp
  __imp__sub_822489B8              ppc_recomp.30.cpp
  __imp__sub_822489D0              ppc_recomp.30.cpp
  __imp__sub_82248A18              ppc_recomp.30.cpp
  __imp__sub_82248A30              ppc_recomp.30.cpp
  __imp__sub_82248A78              ppc_recomp.30.cpp
  __imp__sub_82248A90              ppc_recomp.30.cpp
  __imp__sub_82248AD8              ppc_recomp.30.cpp
  __imp__sub_82248AF8              ppc_recomp.30.cpp
  __imp__sub_82248D78              ppc_recomp.30.cpp
  __imp__sub_82248F80              ppc_recomp.30.cpp
  __imp__sub_82249C78              ppc_recomp.30.cpp
  __imp__sub_8224A0C0              ppc_recomp.30.cpp
  __imp__sub_8224A358              ppc_recomp.30.cpp
  __imp__sub_8224A3F0              ppc_recomp.30.cpp
  __imp__sub_8224A548              ppc_recomp.30.cpp
  __imp__sub_8224A5D8              ppc_recomp.30.cpp
  __imp__sub_8224AAF8              ppc_recomp.30.cpp
  __imp__sub_8224B678              ppc_recomp.30.cpp
  __imp__sub_8224B758              ppc_recomp.30.cpp
  __imp__sub_8224BA70              ppc_recomp.30.cpp
  __imp__sub_8224BC60              ppc_recomp.30.cpp
  __imp__sub_8224BDC8              ppc_recomp.30.cpp
  __imp__sub_8224BF38              ppc_recomp.30.cpp
  __imp__sub_8224C0A8              ppc_recomp.30.cpp
  __imp__sub_8224C440              ppc_recomp.30.cpp
  __imp__sub_8224D5E8              ppc_recomp.31.cpp
  __imp__sub_8224D630              ppc_recomp.31.cpp
  __imp__sub_8224D798              ppc_recomp.31.cpp
  __imp__sub_8224DEF8              ppc_recomp.31.cpp
  __imp__sub_8224E020              ppc_recomp.31.cpp
  __imp__sub_8224E158              ppc_recomp.31.cpp
  __imp__sub_8224E220              ppc_recomp.31.cpp
  __imp__sub_8224E300              ppc_recomp.31.cpp
  __imp__sub_8224E3E0              ppc_recomp.31.cpp
  __imp__sub_8224E490              ppc_recomp.31.cpp
  __imp__sub_8224E5F8              ppc_recomp.31.cpp
  __imp__sub_8224E660              ppc_recomp.31.cpp
  __imp__sub_8224ED10              ppc_recomp.31.cpp
  __imp__sub_8224EDB8              ppc_recomp.31.cpp
  __imp__sub_8224EF00              ppc_recomp.31.cpp
  __imp__sub_8224F110              ppc_recomp.31.cpp
  __imp__sub_8224F1D0              ppc_recomp.31.cpp
  __imp__sub_8224F228              ppc_recomp.31.cpp
  __imp__sub_8224F338              ppc_recomp.31.cpp
  __imp__sub_8224F3F0              ppc_recomp.31.cpp
  __imp__sub_822535E8              ppc_recomp.31.cpp
  __imp__sub_82253E70              ppc_recomp.31.cpp
  __imp__sub_82253FB8              ppc_recomp.31.cpp
  __imp__sub_82254050              ppc_recomp.31.cpp
  __imp__sub_822540C0              ppc_recomp.31.cpp
  __imp__sub_82254130              ppc_recomp.31.cpp
  __imp__sub_82254228              ppc_recomp.31.cpp
  __imp__sub_82254420              ppc_recomp.31.cpp
  __imp__sub_82256140              ppc_recomp.31.cpp
  __imp__sub_82256258              ppc_recomp.31.cpp
  __imp__sub_822563D0              ppc_recomp.31.cpp
  __imp__sub_822571E8              ppc_recomp.31.cpp
  __imp__sub_822572B0              ppc_recomp.31.cpp
  __imp__sub_822574E8              ppc_recomp.31.cpp
  __imp__sub_822576D0              ppc_recomp.31.cpp
  __imp__sub_82257900              ppc_recomp.31.cpp
  __imp__sub_82257960              ppc_recomp.31.cpp
  __imp__sub_82257C98              ppc_recomp.31.cpp
  __imp__sub_82257D38              ppc_recomp.31.cpp
  __imp__sub_82258070              ppc_recomp.31.cpp
  __imp__sub_82258250              ppc_recomp.31.cpp
  __imp__sub_822583C8              ppc_recomp.31.cpp
  __imp__sub_82258448              ppc_recomp.31.cpp
  __imp__sub_82258550              ppc_recomp.31.cpp
  __imp__sub_82258660              ppc_recomp.31.cpp
  __imp__sub_822587D0              ppc_recomp.31.cpp
  __imp__sub_822588F0              ppc_recomp.31.cpp
  __imp__sub_822589B0              ppc_recomp.31.cpp
  __imp__sub_822591B8              ppc_recomp.31.cpp
  __imp__sub_822594D8              ppc_recomp.31.cpp
  __imp__sub_8225A880              ppc_recomp.31.cpp
  __imp__sub_8225AAA8              ppc_recomp.31.cpp
  __imp__sub_8225ABD8              ppc_recomp.31.cpp
  __imp__sub_8225AE00              ppc_recomp.31.cpp
  __imp__sub_8225AF20              ppc_recomp.31.cpp
  __imp__sub_8225B048              ppc_recomp.31.cpp
  __imp__sub_8225B0A8              ppc_recomp.31.cpp
  __imp__sub_8225B288              ppc_recomp.31.cpp
  __imp__sub_8225B4F8              ppc_recomp.31.cpp
  __imp__sub_8225B8A0              ppc_recomp.31.cpp
  __imp__sub_8225B908              ppc_recomp.31.cpp
  __imp__sub_8225BB68              ppc_recomp.31.cpp
  __imp__sub_8225BC90              ppc_recomp.31.cpp
  __imp__sub_8225BEA8              ppc_recomp.31.cpp
  __imp__sub_8225BFB8              ppc_recomp.31.cpp
  __imp__sub_8225C330              ppc_recomp.31.cpp
  __imp__sub_8225C860              ppc_recomp.31.cpp
  __imp__sub_8225CB70              ppc_recomp.31.cpp
  __imp__sub_8225CC28              ppc_recomp.31.cpp
  __imp__sub_8225D1B0              ppc_recomp.31.cpp
  __imp__sub_8225D220              ppc_recomp.31.cpp
  __imp__sub_8225DBB0              ppc_recomp.31.cpp
  __imp__sub_8225DCF8              ppc_recomp.31.cpp
  __imp__sub_8225DD08              ppc_recomp.31.cpp
  __imp__sub_8225ECB8              ppc_recomp.31.cpp
  __imp__sub_82260310              ppc_recomp.31.cpp
  __imp__sub_822603F0              ppc_recomp.31.cpp
  __imp__sub_82260870              ppc_recomp.31.cpp
  __imp__sub_82260A30              ppc_recomp.31.cpp
  __imp__sub_82260AE8              ppc_recomp.31.cpp
  __imp__sub_82260E08              ppc_recomp.31.cpp
  __imp__sub_82260F18              ppc_recomp.31.cpp
  __imp__sub_82261D70              ppc_recomp.31.cpp
  __imp__sub_82262128              ppc_recomp.31.cpp
  __imp__sub_822621A8              ppc_recomp.31.cpp
  __imp__sub_82262218              ppc_recomp.31.cpp
  __imp__sub_822627C8              ppc_recomp.31.cpp
  __imp__sub_82262850              ppc_recomp.31.cpp
  __imp__sub_82263738              ppc_recomp.31.cpp
  __imp__sub_822639F0              ppc_recomp.31.cpp
  __imp__sub_82264FD8              ppc_recomp.31.cpp
  __imp__sub_82265278              ppc_recomp.31.cpp
  __imp__sub_82265AF8              ppc_recomp.31.cpp
  __imp__sub_82265D10              ppc_recomp.31.cpp
  __imp__sub_82265DD8              ppc_recomp.31.cpp
  __imp__sub_822664E0              ppc_recomp.31.cpp
  __imp__sub_82266558              ppc_recomp.31.cpp
  __imp__sub_82266680              ppc_recomp.31.cpp
  __imp__sub_82266B60              ppc_recomp.31.cpp
  __imp__sub_82267160              ppc_recomp.31.cpp
  __imp__sub_82267530              ppc_recomp.31.cpp
  __imp__sub_82267AA0              ppc_recomp.31.cpp
  __imp__sub_82268300              ppc_recomp.31.cpp
  __imp__sub_82268AA8              ppc_recomp.31.cpp
  __imp__sub_82268C50              ppc_recomp.31.cpp
  __imp__sub_82268E60              ppc_recomp.31.cpp
  __imp__sub_82269150              ppc_recomp.31.cpp
  __imp__sub_8226A6F0              ppc_recomp.31.cpp
  __imp__sub_8226A938              ppc_recomp.31.cpp
  __imp__sub_8226A940              ppc_recomp.31.cpp
  __imp__sub_8226AB58              ppc_recomp.31.cpp
  __imp__sub_8226AC60              ppc_recomp.31.cpp
  __imp__sub_8226ACF0              ppc_recomp.31.cpp
  __imp__sub_8226AD58              ppc_recomp.31.cpp
  __imp__sub_8226AE20              ppc_recomp.31.cpp
  __imp__sub_8226AED0              ppc_recomp.31.cpp
  __imp__sub_8226AF78              ppc_recomp.31.cpp
  __imp__sub_8226B0D0              ppc_recomp.32.cpp
  __imp__sub_8226B1B8              ppc_recomp.32.cpp
  __imp__sub_8226B270              ppc_recomp.32.cpp
  __imp__sub_8226B380              ppc_recomp.32.cpp
  __imp__sub_8226B430              ppc_recomp.32.cpp
  __imp__sub_8226B4E0              ppc_recomp.32.cpp
  __imp__sub_8226BB18              ppc_recomp.32.cpp
  __imp__sub_8226CAB0              ppc_recomp.32.cpp
  __imp__sub_8226D860              ppc_recomp.32.cpp
  __imp__sub_8226E038              ppc_recomp.32.cpp
  __imp__sub_8226E7D8              ppc_recomp.32.cpp
  __imp__sub_8226E970              ppc_recomp.32.cpp
  __imp__sub_82270AC8              ppc_recomp.32.cpp
  __imp__sub_82271508              ppc_recomp.32.cpp
  __imp__sub_822719B8              ppc_recomp.32.cpp
  __imp__sub_82271CA0              ppc_recomp.32.cpp
  __imp__sub_82273858              ppc_recomp.32.cpp
  __imp__sub_822761C0              ppc_recomp.32.cpp
  __imp__sub_82276280              ppc_recomp.32.cpp
  __imp__sub_82276290              ppc_recomp.32.cpp
  __imp__sub_822762A0              ppc_recomp.32.cpp
  __imp__sub_822765D0              ppc_recomp.32.cpp
  __imp__sub_822770E0              ppc_recomp.32.cpp
  __imp__sub_82277518              ppc_recomp.32.cpp
  __imp__sub_822776E8              ppc_recomp.32.cpp
  __imp__sub_822778D8              ppc_recomp.32.cpp
  __imp__sub_82277F68              ppc_recomp.32.cpp
  __imp__sub_82278038              ppc_recomp.32.cpp
  __imp__sub_822783D0              ppc_recomp.32.cpp
  __imp__sub_822792F0              ppc_recomp.32.cpp
  __imp__sub_82279638              ppc_recomp.32.cpp
  __imp__sub_8227ACA8              ppc_recomp.32.cpp
  __imp__sub_8227B008              ppc_recomp.32.cpp
  __imp__sub_8227B780              ppc_recomp.32.cpp
  __imp__sub_8227BA38              ppc_recomp.32.cpp
  __imp__sub_8227BF28              ppc_recomp.32.cpp
  __imp__sub_8227C618              ppc_recomp.32.cpp
  __imp__sub_8227C8A8              ppc_recomp.32.cpp
  __imp__sub_8227CDA8              ppc_recomp.32.cpp
  __imp__sub_8227D0D8              ppc_recomp.32.cpp
  __imp__sub_8227D190              ppc_recomp.32.cpp
  __imp__sub_8227D248              ppc_recomp.32.cpp
  __imp__sub_8227D980              ppc_recomp.32.cpp
  __imp__sub_8227D9E8              ppc_recomp.32.cpp
  __imp__sub_8227DA50              ppc_recomp.32.cpp
  __imp__sub_8227DAB8              ppc_recomp.32.cpp
  __imp__sub_8227DC50              ppc_recomp.32.cpp
  __imp__sub_8227DDB8              ppc_recomp.32.cpp
  __imp__sub_8227E418              ppc_recomp.32.cpp
  __imp__sub_8227E630              ppc_recomp.32.cpp
  __imp__sub_8227E708              ppc_recomp.32.cpp
  __imp__sub_8227E858              ppc_recomp.32.cpp
  __imp__sub_8227EDB0              ppc_recomp.32.cpp
  __imp__sub_8227EF88              ppc_recomp.32.cpp
  __imp__sub_8227F948              ppc_recomp.32.cpp
  __imp__sub_8227FB28              ppc_recomp.32.cpp
  __imp__sub_8227FC20              ppc_recomp.32.cpp
  __imp__sub_8227FD18              ppc_recomp.32.cpp
  __imp__sub_822802A0              ppc_recomp.32.cpp
  __imp__sub_82280478              ppc_recomp.32.cpp
  __imp__sub_82280810              ppc_recomp.32.cpp
  __imp__sub_82280BA0              ppc_recomp.32.cpp
  __imp__sub_82280BE8              ppc_recomp.32.cpp
  __imp__sub_82280C80              ppc_recomp.32.cpp
  __imp__sub_82280C98              ppc_recomp.32.cpp
  __imp__sub_82280E98              ppc_recomp.32.cpp
  __imp__sub_822810F0              ppc_recomp.32.cpp
  __imp__sub_82283AF8              ppc_recomp.32.cpp
  __imp__sub_822843D8              ppc_recomp.32.cpp
  __imp__sub_822845D8              ppc_recomp.32.cpp
  __imp__sub_82284868              ppc_recomp.32.cpp
  __imp__sub_82284EC8              ppc_recomp.32.cpp
  __imp__sub_82284F80              ppc_recomp.32.cpp
  __imp__sub_82287048              ppc_recomp.32.cpp
  __imp__sub_82287530              ppc_recomp.32.cpp
  __imp__sub_82287B70              ppc_recomp.32.cpp
  __imp__sub_82288108              ppc_recomp.32.cpp
  __imp__sub_82288430              ppc_recomp.32.cpp
  __imp__sub_82289340              ppc_recomp.32.cpp
  __imp__sub_82289698              ppc_recomp.32.cpp
  __imp__sub_82289A38              ppc_recomp.32.cpp
  __imp__sub_8228A1F8              ppc_recomp.32.cpp
  __imp__sub_8228A3F8              ppc_recomp.32.cpp
  __imp__sub_8228A460              ppc_recomp.32.cpp
  __imp__sub_8228A510              ppc_recomp.32.cpp
  __imp__sub_8228A578              ppc_recomp.32.cpp
  __imp__sub_8228A848              ppc_recomp.32.cpp
  __imp__sub_8228A990              ppc_recomp.32.cpp
  __imp__sub_8228ABB8              ppc_recomp.32.cpp
  __imp__sub_8228ACA0              ppc_recomp.32.cpp
  __imp__sub_8228AEE0              ppc_recomp.32.cpp
  __imp__sub_8228B5D8              ppc_recomp.32.cpp
  __imp__sub_8228B6F0              ppc_recomp.32.cpp
  __imp__sub_8228B7C8              ppc_recomp.32.cpp
  __imp__sub_8228B978              ppc_recomp.32.cpp
  __imp__sub_8228C1D0              ppc_recomp.32.cpp
  __imp__sub_8228C298              ppc_recomp.32.cpp
  __imp__sub_8228C4E8              ppc_recomp.32.cpp
  __imp__sub_8228D120              ppc_recomp.32.cpp
  __imp__sub_8228D1E8              ppc_recomp.32.cpp
  __imp__sub_8228D2D0              ppc_recomp.32.cpp
  __imp__sub_8228D378              ppc_recomp.32.cpp
  __imp__sub_8228D3E0              ppc_recomp.32.cpp
  __imp__sub_8228D448              ppc_recomp.32.cpp
  __imp__sub_8228D520              ppc_recomp.32.cpp
  __imp__sub_8228D600              ppc_recomp.32.cpp
  __imp__sub_8228D728              ppc_recomp.32.cpp
  __imp__sub_8228D9B0              ppc_recomp.33.cpp
  __imp__sub_8228DA48              ppc_recomp.33.cpp
  __imp__sub_8228DB28              ppc_recomp.33.cpp
  __imp__sub_8228DB38              ppc_recomp.33.cpp
  __imp__sub_8228DBA8              ppc_recomp.33.cpp
  __imp__sub_8228DE30              ppc_recomp.33.cpp
  __imp__sub_8228E0A8              ppc_recomp.33.cpp
  __imp__sub_8228E2B8              ppc_recomp.33.cpp
  __imp__sub_8228E500              ppc_recomp.33.cpp
  __imp__sub_8228E708              ppc_recomp.33.cpp
  __imp__sub_8228E908              ppc_recomp.33.cpp
  __imp__sub_8228EC50              ppc_recomp.33.cpp
  __imp__sub_8228EE28              ppc_recomp.33.cpp
  __imp__sub_8228F070              ppc_recomp.33.cpp
  __imp__sub_8228F1F0              ppc_recomp.33.cpp
  __imp__sub_8228F5E0              ppc_recomp.33.cpp
  __imp__sub_8228F7A0              ppc_recomp.33.cpp
  __imp__sub_8228FB50              ppc_recomp.33.cpp
  __imp__sub_8228FE98              ppc_recomp.33.cpp
  __imp__sub_82290668              ppc_recomp.33.cpp
  __imp__sub_822909C0              ppc_recomp.33.cpp
  __imp__sub_82290CE8              ppc_recomp.33.cpp
  __imp__sub_82290E58              ppc_recomp.33.cpp
  __imp__sub_82291120              ppc_recomp.33.cpp
  __imp__sub_82291A48              ppc_recomp.33.cpp
  __imp__sub_82291D80              ppc_recomp.33.cpp
  __imp__sub_82291F08              ppc_recomp.33.cpp
  __imp__sub_822920D0              ppc_recomp.33.cpp
  __imp__sub_82292350              ppc_recomp.33.cpp
  __imp__sub_82292358              ppc_recomp.33.cpp
  __imp__sub_822924A8              ppc_recomp.33.cpp
  __imp__sub_82292690              ppc_recomp.33.cpp
  __imp__sub_822926D8              ppc_recomp.33.cpp
  __imp__sub_82293148              ppc_recomp.33.cpp
  __imp__sub_82293850              ppc_recomp.33.cpp
  __imp__sub_82295548              ppc_recomp.33.cpp
  __imp__sub_82295688              ppc_recomp.33.cpp
  __imp__sub_82295C50              ppc_recomp.33.cpp
  __imp__sub_82295E60              ppc_recomp.33.cpp
  __imp__sub_82296300              ppc_recomp.33.cpp
  __imp__sub_82296958              ppc_recomp.33.cpp
  __imp__sub_82297F28              ppc_recomp.33.cpp
  __imp__sub_82298B88              ppc_recomp.33.cpp
  __imp__sub_82299818              ppc_recomp.33.cpp
  __imp__sub_82299918              ppc_recomp.33.cpp
  __imp__sub_82299A20              ppc_recomp.33.cpp
  __imp__sub_8229A448              ppc_recomp.33.cpp
  __imp__sub_8229B3B8              ppc_recomp.33.cpp
  __imp__sub_8229B8B8              ppc_recomp.33.cpp
  __imp__sub_8229C0F0              ppc_recomp.33.cpp
  __imp__sub_8229C1C0              ppc_recomp.33.cpp
  __imp__sub_8229C3D8              ppc_recomp.33.cpp
  __imp__sub_8229CBA0              ppc_recomp.33.cpp
  __imp__sub_8229D698              ppc_recomp.33.cpp
  __imp__sub_8229DEB0              ppc_recomp.33.cpp
  __imp__sub_8229DFE8              ppc_recomp.33.cpp
  __imp__sub_8229E2A0              ppc_recomp.33.cpp
  __imp__sub_8229E3E0              ppc_recomp.33.cpp
  __imp__sub_8229E478              ppc_recomp.33.cpp
  __imp__sub_8229E9C0              ppc_recomp.33.cpp
  __imp__sub_8229F1C8              ppc_recomp.33.cpp
  __imp__sub_8229F340              ppc_recomp.33.cpp
  __imp__sub_8229F4F8              ppc_recomp.33.cpp
  __imp__sub_8229F568              ppc_recomp.33.cpp
  __imp__sub_8229FAC8              ppc_recomp.33.cpp
  __imp__sub_8229FDA8              ppc_recomp.33.cpp
  __imp__sub_8229FEB8              ppc_recomp.33.cpp
  __imp__sub_822A0000              ppc_recomp.33.cpp
  __imp__sub_822A0028              ppc_recomp.33.cpp
  __imp__sub_822A0030              ppc_recomp.33.cpp
  __imp__sub_822A0038              ppc_recomp.33.cpp
  __imp__sub_822A0118              ppc_recomp.33.cpp
  __imp__sub_822A0120              ppc_recomp.33.cpp
  __imp__sub_822A1310              ppc_recomp.33.cpp
  __imp__sub_822A1D10              ppc_recomp.33.cpp
  __imp__sub_822A3010              ppc_recomp.33.cpp
  __imp__sub_822A3C20              ppc_recomp.33.cpp
  __imp__sub_822A3C40              ppc_recomp.33.cpp
  __imp__sub_822A3C60              ppc_recomp.33.cpp
  __imp__sub_822A3C6C              ppc_recomp.33.cpp
  __imp__sub_822A3C78              ppc_recomp.33.cpp
  __imp__sub_822A3C84              ppc_recomp.33.cpp
  __imp__sub_822A3CF8              ppc_recomp.33.cpp
  __imp__sub_822A3D24              ppc_recomp.33.cpp
  __imp__sub_822A3D9C              ppc_recomp.33.cpp
  __imp__sub_822A3DC0              ppc_recomp.33.cpp
  __imp__sub_822A3DF8              ppc_recomp.34.cpp
  __imp__sub_822A3E34              ppc_recomp.34.cpp
  __imp__sub_822A3E6C              ppc_recomp.34.cpp
  __imp__sub_822A3E90              ppc_recomp.34.cpp
  __imp__sub_822A3EC8              ppc_recomp.34.cpp
  __imp__sub_822A3F04              ppc_recomp.34.cpp
  __imp__sub_822A3F3C              ppc_recomp.34.cpp
  __imp__sub_822A3F60              ppc_recomp.34.cpp
  __imp__sub_822A3F98              ppc_recomp.34.cpp
  __imp__sub_822A3FD4              ppc_recomp.34.cpp
  __imp__sub_822A4014              ppc_recomp.34.cpp
  __imp__sub_822A4054              ppc_recomp.34.cpp
  __imp__sub_822A4090              ppc_recomp.34.cpp
  __imp__sub_822A40D8              ppc_recomp.34.cpp
  __imp__sub_822A40F0              ppc_recomp.34.cpp
  __imp__sub_822A4750              ppc_recomp.34.cpp
  __imp__sub_822A4FF0              ppc_recomp.34.cpp
  __imp__sub_822A5150              ppc_recomp.34.cpp
  __imp__sub_822A56F0              ppc_recomp.34.cpp
  __imp__sub_822A6B78              ppc_recomp.34.cpp
  __imp__sub_822A8980              ppc_recomp.34.cpp
  __imp__sub_822A93A0              ppc_recomp.34.cpp
  __imp__sub_822A94A0              ppc_recomp.34.cpp
  __imp__sub_822A9B68              ppc_recomp.34.cpp
  __imp__sub_822AA2E0              ppc_recomp.34.cpp
  __imp__sub_822AA630              ppc_recomp.34.cpp
  __imp__sub_822AAB20              ppc_recomp.34.cpp
  __imp__sub_822AAF00              ppc_recomp.34.cpp
  __imp__sub_822ABC18              ppc_recomp.34.cpp
  __imp__sub_822ABD30              ppc_recomp.34.cpp
  __imp__sub_822ACA88              ppc_recomp.34.cpp
  __imp__sub_822ACA98              ppc_recomp.34.cpp
  __imp__sub_822ACD18              ppc_recomp.34.cpp
  __imp__sub_822ACE48              ppc_recomp.34.cpp
  __imp__sub_822ACFF8              ppc_recomp.34.cpp
  __imp__sub_822AD428              ppc_recomp.34.cpp
  __imp__sub_822AD590              ppc_recomp.34.cpp
  __imp__sub_822AD638              ppc_recomp.34.cpp
  __imp__sub_822AD778              ppc_recomp.34.cpp
  __imp__sub_822AD8C8              ppc_recomp.35.cpp
  __imp__sub_822AD928              ppc_recomp.35.cpp
  __imp__sub_822AD9F8              ppc_recomp.35.cpp
  __imp__sub_822ADAD0              ppc_recomp.35.cpp
  __imp__sub_822ADBA8              ppc_recomp.35.cpp
  __imp__sub_822ADC90              ppc_recomp.35.cpp
  __imp__sub_822ADD70              ppc_recomp.35.cpp
  __imp__sub_822ADD90              ppc_recomp.35.cpp
  __imp__sub_822ADE70              ppc_recomp.35.cpp
  __imp__sub_822ADEE8              ppc_recomp.35.cpp
  __imp__sub_822ADF90              ppc_recomp.35.cpp
  __imp__sub_822AE210              ppc_recomp.35.cpp
  __imp__sub_822AE530              ppc_recomp.35.cpp
  __imp__sub_822AE5C0              ppc_recomp.35.cpp
  __imp__sub_822AE620              ppc_recomp.35.cpp
  __imp__sub_822AE728              ppc_recomp.35.cpp
  __imp__sub_822AE800              ppc_recomp.35.cpp
  __imp__sub_822AE8F0              ppc_recomp.35.cpp
  __imp__sub_822AE9B8              ppc_recomp.35.cpp
  __imp__sub_822AE9F0              ppc_recomp.35.cpp
  __imp__sub_822AEA28              ppc_recomp.35.cpp
  __imp__sub_822AF9B0              ppc_recomp.35.cpp
  __imp__sub_822B1078              ppc_recomp.35.cpp
  __imp__sub_822B1238              ppc_recomp.35.cpp
  __imp__sub_822B1848              ppc_recomp.35.cpp
  __imp__sub_822B1DC8              ppc_recomp.35.cpp
  __imp__sub_822B26D0              ppc_recomp.35.cpp
  __imp__sub_822B2960              ppc_recomp.35.cpp
  __imp__sub_822B35D0              ppc_recomp.35.cpp
  __imp__sub_822B3848              ppc_recomp.35.cpp
  __imp__sub_822B3990              ppc_recomp.35.cpp
  __imp__sub_822B49B0              ppc_recomp.35.cpp
  __imp__sub_822B5DF0              ppc_recomp.35.cpp
  __imp__sub_822B6120              ppc_recomp.35.cpp
  __imp__sub_822B99D8              ppc_recomp.35.cpp
  __imp__sub_822B9A68              ppc_recomp.35.cpp
  __imp__sub_822B9B08              ppc_recomp.35.cpp
  __imp__sub_822BAD98              ppc_recomp.35.cpp
  __imp__sub_822BB310              ppc_recomp.35.cpp
  __imp__sub_822BBCA0              ppc_recomp.35.cpp
  __imp__sub_822BBE28              ppc_recomp.35.cpp
  __imp__sub_822BC0B0              ppc_recomp.35.cpp
  __imp__sub_822BC1D0              ppc_recomp.35.cpp
  __imp__sub_822BC2B8              ppc_recomp.35.cpp
  __imp__sub_822BCB48              ppc_recomp.35.cpp
  __imp__sub_822BD5A8              ppc_recomp.36.cpp
  __imp__sub_822BD928              ppc_recomp.36.cpp
  __imp__sub_822BDF08              ppc_recomp.36.cpp
  __imp__sub_822BEFC0              ppc_recomp.36.cpp
  __imp__sub_822BF560              ppc_recomp.36.cpp
  __imp__sub_822BF618              ppc_recomp.36.cpp
  __imp__sub_822C0EF0              ppc_recomp.36.cpp
  __imp__sub_822C0FC0              ppc_recomp.36.cpp
  __imp__sub_822C1060              ppc_recomp.36.cpp
  __imp__sub_822C1388              ppc_recomp.36.cpp
  __imp__sub_822C2058              ppc_recomp.36.cpp
  __imp__sub_822C3AB0              ppc_recomp.36.cpp
  __imp__sub_822C4BA0              ppc_recomp.36.cpp
  __imp__sub_822C5960              ppc_recomp.36.cpp
  __imp__sub_822C5988              ppc_recomp.36.cpp
  __imp__sub_822C8238              ppc_recomp.36.cpp
  __imp__sub_822C85D0              ppc_recomp.36.cpp
  __imp__sub_822C8678              ppc_recomp.36.cpp
  __imp__sub_822C86C0              ppc_recomp.36.cpp
  __imp__sub_822C8720              ppc_recomp.36.cpp
  __imp__sub_822C8768              ppc_recomp.36.cpp
  __imp__sub_822C87A8              ppc_recomp.36.cpp
  __imp__sub_822C8870              ppc_recomp.36.cpp
  __imp__sub_822C9A28              ppc_recomp.36.cpp
  __imp__sub_822CABE8              ppc_recomp.36.cpp
  __imp__sub_822CB2E0              ppc_recomp.36.cpp
  __imp__sub_822CB3E0              ppc_recomp.36.cpp
  __imp__sub_822CB488              ppc_recomp.36.cpp
  __imp__sub_822CB4F0              ppc_recomp.36.cpp
  __imp__sub_822CBB50              ppc_recomp.36.cpp
  __imp__sub_822CBBE0              ppc_recomp.36.cpp
  __imp__sub_822CBD90              ppc_recomp.36.cpp
  __imp__sub_822CBE40              ppc_recomp.36.cpp
  __imp__sub_822CBEB8              ppc_recomp.36.cpp
  __imp__sub_822CC288              ppc_recomp.36.cpp
  __imp__sub_822CE270              ppc_recomp.36.cpp
  __imp__sub_822D0138              ppc_recomp.36.cpp
  __imp__sub_822D08B0              ppc_recomp.36.cpp
  __imp__sub_822D0960              ppc_recomp.36.cpp
  __imp__sub_822D0A28              ppc_recomp.36.cpp
  __imp__sub_822D2568              ppc_recomp.37.cpp
  __imp__sub_822D25A8              ppc_recomp.37.cpp
  __imp__sub_822D2700              ppc_recomp.37.cpp
  __imp__sub_822D2710              ppc_recomp.37.cpp
  __imp__sub_822D2810              ppc_recomp.37.cpp
  __imp__sub_822D2858              ppc_recomp.37.cpp
  __imp__sub_822D2898              ppc_recomp.37.cpp
  __imp__sub_822D28E0              ppc_recomp.37.cpp
  __imp__sub_822D2930              ppc_recomp.37.cpp
  __imp__sub_822D29D0              ppc_recomp.37.cpp
  __imp__sub_822D2AF0              ppc_recomp.37.cpp
  __imp__sub_822D2BA0              ppc_recomp.37.cpp
  __imp__sub_822D2BE0              ppc_recomp.37.cpp
  __imp__sub_822D2C68              ppc_recomp.37.cpp
  __imp__sub_822D2D78              ppc_recomp.37.cpp
  __imp__sub_822D2E00              ppc_recomp.37.cpp
  __imp__sub_822D2F08              ppc_recomp.37.cpp
  __imp__sub_822D3110              ppc_recomp.37.cpp
  __imp__sub_822D39E0              ppc_recomp.37.cpp
  __imp__sub_822D4430              ppc_recomp.37.cpp
  __imp__sub_822D4488              ppc_recomp.37.cpp
  __imp__sub_822D4560              ppc_recomp.37.cpp
  __imp__sub_822D4608              ppc_recomp.37.cpp
  __imp__sub_822D4650              ppc_recomp.37.cpp
  __imp__sub_822D4698              ppc_recomp.37.cpp
  __imp__sub_822D46B0              ppc_recomp.37.cpp
  __imp__sub_822D4DC0              ppc_recomp.37.cpp
  __imp__sub_822D4DC8              ppc_recomp.37.cpp
  __imp__sub_822D4DE8              ppc_recomp.37.cpp
  __imp__sub_822D4E28              ppc_recomp.37.cpp
  __imp__sub_822D4E40              ppc_recomp.37.cpp
  __imp__sub_822D4E60              ppc_recomp.37.cpp
  __imp__sub_822D4E88              ppc_recomp.37.cpp
  __imp__sub_822D4F20              ppc_recomp.37.cpp
  __imp__sub_822D5000              ppc_recomp.37.cpp
  __imp__sub_822D5040              ppc_recomp.37.cpp
  __imp__sub_822D5058              ppc_recomp.37.cpp
  __imp__sub_822D53E8              ppc_recomp.37.cpp
  __imp__sub_822D5870              ppc_recomp.37.cpp
  __imp__sub_822D58A0              ppc_recomp.37.cpp
  __imp__sub_822D58D0              ppc_recomp.37.cpp
  __imp__sub_822D5990              ppc_recomp.37.cpp
  __imp__sub_822D59C0              ppc_recomp.37.cpp
  __imp__sub_822D5B58              ppc_recomp.37.cpp
  __imp__sub_822D60B0              ppc_recomp.37.cpp
  __imp__sub_822D6100              ppc_recomp.37.cpp
  __imp__sub_822D6150              ppc_recomp.37.cpp
  __imp__sub_822D61A0              ppc_recomp.37.cpp
  __imp__sub_822D61F0              ppc_recomp.37.cpp
  __imp__sub_822D6218              ppc_recomp.37.cpp
  __imp__sub_822D6240              ppc_recomp.37.cpp
  __imp__sub_822D6298              ppc_recomp.37.cpp
  __imp__sub_822D62D8              ppc_recomp.37.cpp
  __imp__sub_822D6308              ppc_recomp.37.cpp
  __imp__sub_822D6320              ppc_recomp.37.cpp
  __imp__sub_822D63F0              ppc_recomp.37.cpp
  __imp__sub_822D6678              ppc_recomp.37.cpp
  __imp__sub_822D6878              ppc_recomp.37.cpp
  __imp__sub_822D68F8              ppc_recomp.37.cpp
  __imp__sub_822D6968              ppc_recomp.37.cpp
  __imp__sub_822D6988              ppc_recomp.37.cpp
  __imp__sub_822D71C8              ppc_recomp.37.cpp
  __imp__sub_822D7250              ppc_recomp.37.cpp
  __imp__sub_822D7288              ppc_recomp.37.cpp
  __imp__sub_822D7400              ppc_recomp.37.cpp
  __imp__sub_822D7778              ppc_recomp.37.cpp
  __imp__sub_822D79A8              ppc_recomp.37.cpp
  __imp__sub_822D8428              ppc_recomp.37.cpp
  __imp__sub_822D84E0              ppc_recomp.37.cpp
  __imp__sub_822D8638              ppc_recomp.37.cpp
  __imp__sub_822D86A8              ppc_recomp.37.cpp
  __imp__sub_822D8F48              ppc_recomp.37.cpp
  __imp__sub_822D9010              ppc_recomp.37.cpp
  __imp__sub_822D9260              ppc_recomp.37.cpp
  __imp__sub_822D9988              ppc_recomp.37.cpp
  __imp__sub_822D9BE0              ppc_recomp.37.cpp
  __imp__sub_822D9CF0              ppc_recomp.37.cpp
  __imp__sub_822D9D48              ppc_recomp.37.cpp
  __imp__sub_822D9FB0              ppc_recomp.37.cpp
  __imp__sub_822DA0D8              ppc_recomp.37.cpp
  __imp__sub_822E35C0              ppc_recomp.38.cpp
  __imp__sub_822E6A78              ppc_recomp.38.cpp
  __imp__sub_822EB400              ppc_recomp.38.cpp
  __imp__sub_822EB4C8              ppc_recomp.38.cpp
  __imp__sub_822EBBA8              ppc_recomp.38.cpp
  __imp__sub_822EBC18              ppc_recomp.38.cpp
  __imp__sub_822EBC28              ppc_recomp.38.cpp
  __imp__sub_822EBFD0              ppc_recomp.38.cpp
  __imp__sub_822EBFE8              ppc_recomp.38.cpp
  __imp__sub_822EC010              ppc_recomp.38.cpp
  __imp__sub_822EC028              ppc_recomp.38.cpp
  __imp__sub_822EC298              ppc_recomp.38.cpp
  __imp__sub_822EF370              ppc_recomp.38.cpp
  __imp__sub_822EF408              ppc_recomp.38.cpp
  __imp__sub_822EF4A8              ppc_recomp.38.cpp
  __imp__sub_822EF9D0              ppc_recomp.38.cpp
  __imp__sub_822EFB38              ppc_recomp.38.cpp
  __imp__sub_822EFBC0              ppc_recomp.38.cpp
  __imp__sub_822F65B8              ppc_recomp.38.cpp
  __imp__sub_822FB290              ppc_recomp.39.cpp
  __imp__sub_822FB958              ppc_recomp.39.cpp
  __imp__sub_823011C8              ppc_recomp.39.cpp
  __imp__sub_82301460              ppc_recomp.39.cpp
  __imp__sub_82301558              ppc_recomp.39.cpp
  __imp__sub_82301AC8              ppc_recomp.39.cpp
  __imp__sub_82301CC0              ppc_recomp.39.cpp
  __imp__sub_82301F00              ppc_recomp.39.cpp
  __imp__sub_82302EF8              ppc_recomp.39.cpp
  __imp__sub_82303028              ppc_recomp.39.cpp
  __imp__sub_82304F18              ppc_recomp.39.cpp
  __imp__sub_82305378              ppc_recomp.39.cpp
  __imp__sub_823056D8              ppc_recomp.39.cpp
  __imp__sub_82305918              ppc_recomp.39.cpp
  __imp__sub_823143A0              ppc_recomp.39.cpp
  __imp__sub_82314788              ppc_recomp.39.cpp
  __imp__sub_823147E8              ppc_recomp.39.cpp
  __imp__sub_82314B10              ppc_recomp.39.cpp
  __imp__sub_82316F78              ppc_recomp.39.cpp
  __imp__sub_823176E0              ppc_recomp.39.cpp
  __imp__sub_82317748              ppc_recomp.39.cpp
  __imp__sub_8231C690              ppc_recomp.39.cpp
  __imp__sub_82323DD0              ppc_recomp.40.cpp
  __imp__sub_82323F50              ppc_recomp.40.cpp
  __imp__sub_82323FF8              ppc_recomp.40.cpp
  __imp__sub_82324070              ppc_recomp.40.cpp
  __imp__sub_82324160              ppc_recomp.40.cpp
  __imp__sub_82324168              ppc_recomp.40.cpp
  __imp__sub_82324188              ppc_recomp.40.cpp
  __imp__sub_823241B8              ppc_recomp.40.cpp
  __imp__sub_82324328              ppc_recomp.40.cpp
  __imp__sub_82324340              ppc_recomp.40.cpp
  __imp__sub_82324378              ppc_recomp.40.cpp
  __imp__sub_82324530              ppc_recomp.40.cpp
  __imp__sub_82324660              ppc_recomp.40.cpp
  __imp__sub_823247B0              ppc_recomp.40.cpp
  __imp__sub_823247C0              ppc_recomp.40.cpp
  __imp__sub_82324A00              ppc_recomp.40.cpp
  __imp__sub_82325468              ppc_recomp.40.cpp
  __imp__sub_82325868              ppc_recomp.40.cpp
  __imp__sub_823258D8              ppc_recomp.40.cpp
  __imp__sub_823258E8              ppc_recomp.40.cpp
  __imp__sub_82325900              ppc_recomp.40.cpp
  __imp__sub_82325990              ppc_recomp.40.cpp
  __imp__sub_823259A8              ppc_recomp.40.cpp
  __imp__sub_823259B8              ppc_recomp.40.cpp
  __imp__sub_823259C8              ppc_recomp.40.cpp
  __imp__sub_82325AD8              ppc_recomp.40.cpp
  __imp__sub_82325E88              ppc_recomp.40.cpp
  __imp__sub_82325F18              ppc_recomp.40.cpp
  __imp__sub_82326078              ppc_recomp.40.cpp
  __imp__sub_82326600              ppc_recomp.40.cpp
  __imp__sub_82326670              ppc_recomp.40.cpp
  __imp__sub_82326728              ppc_recomp.40.cpp
  __imp__sub_82326848              ppc_recomp.40.cpp
  __imp__sub_82326A48              ppc_recomp.40.cpp
  __imp__sub_82326B20              ppc_recomp.40.cpp
  __imp__sub_82326ED0              ppc_recomp.40.cpp
  __imp__sub_82326F70              ppc_recomp.40.cpp
  __imp__sub_82327078              ppc_recomp.40.cpp
  __imp__sub_823270F8              ppc_recomp.40.cpp
  __imp__sub_823271A8              ppc_recomp.40.cpp
  __imp__sub_82327200              ppc_recomp.40.cpp
  __imp__sub_823272F0              ppc_recomp.40.cpp
  __imp__sub_823273D0              ppc_recomp.40.cpp
  __imp__sub_82327588              ppc_recomp.40.cpp
  __imp__sub_82327628              ppc_recomp.40.cpp
  __imp__sub_823276B0              ppc_recomp.40.cpp
  __imp__sub_82327750              ppc_recomp.40.cpp
  __imp__sub_823277F8              ppc_recomp.40.cpp
  __imp__sub_823278C0              ppc_recomp.40.cpp
  __imp__sub_82327948              ppc_recomp.40.cpp
  __imp__sub_823279E8              ppc_recomp.40.cpp
  __imp__sub_82327CA0              ppc_recomp.40.cpp
  __imp__sub_82327F80              ppc_recomp.40.cpp
  __imp__sub_82328008              ppc_recomp.40.cpp
  __imp__sub_82328120              ppc_recomp.40.cpp
  __imp__sub_82328260              ppc_recomp.40.cpp
  __imp__sub_823283A0              ppc_recomp.40.cpp
  __imp__sub_82328458              ppc_recomp.40.cpp
  __imp__sub_82328510              ppc_recomp.40.cpp
  __imp__sub_82328598              ppc_recomp.40.cpp
  __imp__sub_823289D0              ppc_recomp.40.cpp
  __imp__sub_82328FA8              ppc_recomp.40.cpp
  __imp__sub_823292E8              ppc_recomp.40.cpp
  __imp__sub_82329388              ppc_recomp.40.cpp
  __imp__sub_82329460              ppc_recomp.40.cpp
  __imp__sub_82329988              ppc_recomp.40.cpp
  __imp__sub_82329CA0              ppc_recomp.40.cpp
  __imp__sub_82329E30              ppc_recomp.40.cpp
  __imp__sub_82329EB0              ppc_recomp.40.cpp
  __imp__sub_8232A1C0              ppc_recomp.40.cpp
  __imp__sub_8232A278              ppc_recomp.40.cpp
  __imp__sub_8232A350              ppc_recomp.40.cpp
  __imp__sub_8232A708              ppc_recomp.40.cpp
  __imp__sub_8232A7E0              ppc_recomp.40.cpp
  __imp__sub_8232A958              ppc_recomp.40.cpp
  __imp__sub_8232A9B8              ppc_recomp.40.cpp
  __imp__sub_8232AA18              ppc_recomp.40.cpp
  __imp__sub_8232AA54              ppc_recomp.40.cpp
  __imp__sub_8232AA90              ppc_recomp.40.cpp
  __imp__sub_8232AAA0              ppc_recomp.40.cpp
  __imp__sub_8232AAB0              ppc_recomp.40.cpp
  __imp__sub_8232AAC0              ppc_recomp.40.cpp
  __imp__sub_8232AAD0              ppc_recomp.40.cpp
  __imp__sub_8232AB98              ppc_recomp.40.cpp
  __imp__sub_8232AC80              ppc_recomp.40.cpp
  __imp__sub_8232AD40              ppc_recomp.40.cpp
  __imp__sub_8232ADE8              ppc_recomp.40.cpp
  __imp__sub_8232AEB0              ppc_recomp.40.cpp
  __imp__sub_8232AF18              ppc_recomp.40.cpp
  __imp__sub_8232AFD8              ppc_recomp.40.cpp
  __imp__sub_8232B020              ppc_recomp.40.cpp
  __imp__sub_8232B088              ppc_recomp.40.cpp
  __imp__sub_8232B108              ppc_recomp.40.cpp
  __imp__sub_8232B1E0              ppc_recomp.40.cpp
  __imp__sub_8232B280              ppc_recomp.40.cpp
  __imp__sub_8232B5E8              ppc_recomp.40.cpp
  __imp__sub_8232BDA8              ppc_recomp.40.cpp
  __imp__sub_8232BE08              ppc_recomp.40.cpp
  __imp__sub_8232BEC0              ppc_recomp.40.cpp
  __imp__sub_8232BF40              ppc_recomp.40.cpp
  __imp__sub_8232BFB0              ppc_recomp.40.cpp
  __imp__sub_8232C080              ppc_recomp.40.cpp
  __imp__sub_8232C180              ppc_recomp.40.cpp
  __imp__sub_8232C428              ppc_recomp.40.cpp
  __imp__sub_8232C450              ppc_recomp.40.cpp
  __imp__sub_8232C500              ppc_recomp.40.cpp
  __imp__sub_8232C690              ppc_recomp.40.cpp
  __imp__sub_8232C958              ppc_recomp.40.cpp
  __imp__sub_8232CB08              ppc_recomp.40.cpp
  __imp__sub_8232CBA8              ppc_recomp.40.cpp
  __imp__sub_8232CC00              ppc_recomp.40.cpp
  __imp__sub_8232CC08              ppc_recomp.40.cpp
  __imp__sub_8232CC98              ppc_recomp.40.cpp
  __imp__sub_8232CD40              ppc_recomp.40.cpp
  __imp__sub_8232CEE0              ppc_recomp.40.cpp
  __imp__sub_8232CF58              ppc_recomp.40.cpp
  __imp__sub_8232D050              ppc_recomp.40.cpp
  __imp__sub_8232D168              ppc_recomp.40.cpp
  __imp__sub_8232D570              ppc_recomp.40.cpp
  __imp__sub_8232D5A8              ppc_recomp.40.cpp
  __imp__sub_8232DA90              ppc_recomp.40.cpp
  __imp__sub_8232DAA8              ppc_recomp.41.cpp
  __imp__sub_8232DC88              ppc_recomp.41.cpp
  __imp__sub_8232DD18              ppc_recomp.41.cpp
  __imp__sub_8232DDA8              ppc_recomp.41.cpp
  __imp__sub_8232DDF8              ppc_recomp.41.cpp
  __imp__sub_8232E110              ppc_recomp.41.cpp
  __imp__sub_8232E1C8              ppc_recomp.41.cpp
  __imp__sub_8232E248              ppc_recomp.41.cpp
  __imp__sub_8232E390              ppc_recomp.41.cpp
  __imp__sub_8232E520              ppc_recomp.41.cpp
  __imp__sub_8232E608              ppc_recomp.41.cpp
  __imp__sub_8232EAB8              ppc_recomp.41.cpp
  __imp__sub_8232FDC0              ppc_recomp.41.cpp
  __imp__sub_82330238              ppc_recomp.41.cpp
  __imp__sub_82330710              ppc_recomp.41.cpp
  __imp__sub_82330818              ppc_recomp.41.cpp
  __imp__sub_82330958              ppc_recomp.41.cpp
  __imp__sub_82330A98              ppc_recomp.41.cpp
  __imp__sub_82330C58              ppc_recomp.41.cpp
  __imp__sub_82330E10              ppc_recomp.41.cpp
  __imp__sub_82331190              ppc_recomp.41.cpp
  __imp__sub_82331990              ppc_recomp.41.cpp
  __imp__sub_82331C00              ppc_recomp.41.cpp
  __imp__sub_82331E30              ppc_recomp.41.cpp
  __imp__sub_82331F40              ppc_recomp.41.cpp
  __imp__sub_823321B0              ppc_recomp.41.cpp
  __imp__sub_82332250              ppc_recomp.41.cpp
  __imp__sub_82332328              ppc_recomp.41.cpp
  __imp__sub_82332558              ppc_recomp.41.cpp
  __imp__sub_82332810              ppc_recomp.41.cpp
  __imp__sub_82332960              ppc_recomp.41.cpp
  __imp__sub_82332A68              ppc_recomp.41.cpp
  __imp__sub_82332B08              ppc_recomp.41.cpp
  __imp__sub_82332C98              ppc_recomp.41.cpp
  __imp__sub_82332DF0              ppc_recomp.41.cpp
  __imp__sub_82332EA0              ppc_recomp.41.cpp
  __imp__sub_823330A8              ppc_recomp.41.cpp
  __imp__sub_82333130              ppc_recomp.41.cpp
  __imp__sub_82333450              ppc_recomp.41.cpp
  __imp__sub_82333618              ppc_recomp.41.cpp
  __imp__sub_82333840              ppc_recomp.41.cpp
  __imp__sub_82333900              ppc_recomp.41.cpp
  __imp__sub_82333AA8              ppc_recomp.41.cpp
  __imp__sub_82333DE8              ppc_recomp.41.cpp
  __imp__sub_823348C0              ppc_recomp.41.cpp
  __imp__sub_82334E88              ppc_recomp.41.cpp
  __imp__sub_82334F08              ppc_recomp.41.cpp
  __imp__sub_823350B8              ppc_recomp.41.cpp
  __imp__sub_82335240              ppc_recomp.41.cpp
  __imp__sub_82335500              ppc_recomp.41.cpp
  __imp__sub_82335640              ppc_recomp.41.cpp
  __imp__sub_82336468              ppc_recomp.41.cpp
  __imp__sub_823365D8              ppc_recomp.41.cpp
  __imp__sub_82336640              ppc_recomp.41.cpp
  __imp__sub_82336828              ppc_recomp.41.cpp
  __imp__sub_82336990              ppc_recomp.41.cpp
  __imp__sub_82336B10              ppc_recomp.41.cpp
  __imp__sub_82336CA0              ppc_recomp.41.cpp
  __imp__sub_82336E28              ppc_recomp.41.cpp
  __imp__sub_823374B8              ppc_recomp.41.cpp
  __imp__sub_82337550              ppc_recomp.41.cpp
  __imp__sub_82337908              ppc_recomp.41.cpp
  __imp__sub_82337988              ppc_recomp.41.cpp
  __imp__sub_82337AB0              ppc_recomp.41.cpp
  __imp__sub_82337C48              ppc_recomp.41.cpp
  __imp__sub_82337F18              ppc_recomp.41.cpp
  __imp__sub_82338598              ppc_recomp.41.cpp
  __imp__sub_82338800              ppc_recomp.41.cpp
  __imp__sub_82338958              ppc_recomp.41.cpp
  __imp__sub_8233B898              ppc_recomp.41.cpp
  __imp__sub_8233B968              ppc_recomp.41.cpp
  __imp__sub_8233BD00              ppc_recomp.41.cpp
  __imp__sub_8233BE38              ppc_recomp.41.cpp
  __imp__sub_8233BF58              ppc_recomp.41.cpp
  __imp__sub_8233BFF8              ppc_recomp.41.cpp
  __imp__sub_8233C5D8              ppc_recomp.41.cpp
  __imp__sub_8233C810              ppc_recomp.41.cpp
  __imp__sub_8233CB58              ppc_recomp.41.cpp
  __imp__sub_8233EAE0              ppc_recomp.41.cpp
  __imp__sub_8233EB48              ppc_recomp.41.cpp
  __imp__sub_8233EBF0              ppc_recomp.41.cpp
  __imp__sub_8233EC58              ppc_recomp.41.cpp
  __imp__sub_8233ECC0              ppc_recomp.41.cpp
  __imp__sub_8233ED28              ppc_recomp.41.cpp
  __imp__sub_8233EDD0              ppc_recomp.41.cpp
  __imp__sub_8233F798              ppc_recomp.41.cpp
  __imp__sub_8233F8A8              ppc_recomp.41.cpp
  __imp__sub_8233FB68              ppc_recomp.41.cpp
  __imp__sub_8233FBD0              ppc_recomp.41.cpp
  __imp__sub_8233FDE0              ppc_recomp.41.cpp
  __imp__sub_8233FE58              ppc_recomp.41.cpp
  __imp__sub_82340348              ppc_recomp.41.cpp
  __imp__sub_82340378              ppc_recomp.41.cpp
  __imp__sub_82340618              ppc_recomp.41.cpp
  __imp__sub_82340D20              ppc_recomp.41.cpp
  __imp__sub_823413E8              ppc_recomp.41.cpp
  __imp__sub_823417E8              ppc_recomp.41.cpp
  __imp__sub_82341850              ppc_recomp.41.cpp
  __imp__sub_82341A80              ppc_recomp.41.cpp
  __imp__sub_82341E48              ppc_recomp.41.cpp
  __imp__sub_823423D0              ppc_recomp.41.cpp
  __imp__sub_823424A0              ppc_recomp.41.cpp
  __imp__sub_82343238              ppc_recomp.41.cpp
  __imp__sub_82344000              ppc_recomp.41.cpp
  __imp__sub_82344338              ppc_recomp.41.cpp
  __imp__sub_82344708              ppc_recomp.41.cpp
  __imp__sub_82345648              ppc_recomp.41.cpp
  __imp__sub_823456A8              ppc_recomp.41.cpp
  __imp__sub_82345738              ppc_recomp.41.cpp
  __imp__sub_823464C0              ppc_recomp.41.cpp
  __imp__sub_82346810              ppc_recomp.41.cpp
  __imp__sub_82346BC0              ppc_recomp.41.cpp
  __imp__sub_82346C68              ppc_recomp.41.cpp
  __imp__sub_823470A8              ppc_recomp.41.cpp
  __imp__sub_823471C8              ppc_recomp.41.cpp
  __imp__sub_823471D8              ppc_recomp.41.cpp
  __imp__sub_82347480              ppc_recomp.41.cpp
  __imp__sub_82347540              ppc_recomp.41.cpp
  __imp__sub_82347590              ppc_recomp.41.cpp
  __imp__sub_823475B0              ppc_recomp.41.cpp
  __imp__sub_823475C0              ppc_recomp.41.cpp
  __imp__sub_823475C8              ppc_recomp.41.cpp
  __imp__sub_823475E8              ppc_recomp.41.cpp
  __imp__sub_823475F0              ppc_recomp.41.cpp
  __imp__sub_82347608              ppc_recomp.41.cpp
  __imp__sub_82347618              ppc_recomp.41.cpp
  __imp__sub_823476E0              ppc_recomp.41.cpp
  __imp__sub_823477A8              ppc_recomp.41.cpp
  __imp__sub_823477B0              ppc_recomp.41.cpp
  __imp__sub_82347808              ppc_recomp.41.cpp
  __imp__sub_82347860              ppc_recomp.41.cpp
  __imp__sub_82347868              ppc_recomp.41.cpp
  __imp__sub_823478D8              ppc_recomp.41.cpp
  __imp__sub_823478E8              ppc_recomp.41.cpp
  __imp__sub_823478F0              ppc_recomp.41.cpp
  __imp__sub_82347900              ppc_recomp.41.cpp
  __imp__sub_82347920              ppc_recomp.41.cpp
  __imp__sub_82347970              ppc_recomp.41.cpp
  __imp__sub_823479C0              ppc_recomp.41.cpp
  __imp__sub_82347AB8              ppc_recomp.41.cpp
  __imp__sub_82347AE0              ppc_recomp.41.cpp
  __imp__sub_82347B70              ppc_recomp.41.cpp
  __imp__sub_82347B80              ppc_recomp.41.cpp
  __imp__sub_82347BE0              ppc_recomp.41.cpp
  __imp__sub_82347C58              ppc_recomp.41.cpp
  __imp__sub_82347CB0              ppc_recomp.42.cpp
  __imp__sub_82347CD0              ppc_recomp.42.cpp
  __imp__sub_82347D78              ppc_recomp.42.cpp
  __imp__sub_82347D88              ppc_recomp.42.cpp
  __imp__sub_82347E28              ppc_recomp.42.cpp
  __imp__sub_82347F48              ppc_recomp.42.cpp
  __imp__sub_823480F0              ppc_recomp.42.cpp
  __imp__sub_82348158              ppc_recomp.42.cpp
  __imp__sub_823481D8              ppc_recomp.42.cpp
  __imp__sub_823483F8              ppc_recomp.42.cpp
  __imp__sub_82348460              ppc_recomp.42.cpp
  __imp__sub_823484F8              ppc_recomp.42.cpp
  __imp__sub_82348590              ppc_recomp.42.cpp
  __imp__sub_82348760              ppc_recomp.42.cpp
  __imp__sub_823487C0              ppc_recomp.42.cpp
  __imp__sub_82348830              ppc_recomp.42.cpp
  __imp__sub_82348878              ppc_recomp.42.cpp
  __imp__sub_823488F0              ppc_recomp.42.cpp
  __imp__sub_82348A68              ppc_recomp.42.cpp
  __imp__sub_82348B98              ppc_recomp.42.cpp
  __imp__sub_82348CB0              ppc_recomp.42.cpp
  __imp__sub_82348D78              ppc_recomp.42.cpp
  __imp__sub_82348F60              ppc_recomp.42.cpp
  __imp__sub_82349388              ppc_recomp.42.cpp
  __imp__sub_82349420              ppc_recomp.42.cpp
  __imp__sub_82349730              ppc_recomp.42.cpp
  __imp__sub_823497C8              ppc_recomp.42.cpp
  __imp__sub_823497D8              ppc_recomp.42.cpp
  __imp__sub_82349AA8              ppc_recomp.42.cpp
  __imp__sub_82349B90              ppc_recomp.42.cpp
  __imp__sub_82349CD8              ppc_recomp.42.cpp
  __imp__sub_82349D68              ppc_recomp.42.cpp
  __imp__sub_82349E00              ppc_recomp.42.cpp
  __imp__sub_82349E68              ppc_recomp.42.cpp
  __imp__sub_82349EF0              ppc_recomp.42.cpp
  __imp__sub_82349F40              ppc_recomp.42.cpp
  __imp__sub_8234A050              ppc_recomp.42.cpp
  __imp__sub_8234A2A8              ppc_recomp.42.cpp
  __imp__sub_8234A388              ppc_recomp.42.cpp
  __imp__sub_8234A4B0              ppc_recomp.42.cpp
  __imp__sub_8234A5F8              ppc_recomp.42.cpp
  __imp__sub_8234A600              ppc_recomp.42.cpp
  __imp__sub_8234A608              ppc_recomp.42.cpp
  __imp__sub_8234A610              ppc_recomp.42.cpp
  __imp__sub_8234A758              ppc_recomp.42.cpp
  __imp__sub_8234A7E8              ppc_recomp.42.cpp
  __imp__sub_8234A850              ppc_recomp.42.cpp
  __imp__sub_8234A870              ppc_recomp.42.cpp
  __imp__sub_8234A880              ppc_recomp.42.cpp
  __imp__sub_8234A8A8              ppc_recomp.42.cpp
  __imp__sub_8234A920              ppc_recomp.42.cpp
  __imp__sub_8234A9A0              ppc_recomp.42.cpp
  __imp__sub_8234AA70              ppc_recomp.42.cpp
  __imp__sub_8234AAC0              ppc_recomp.42.cpp
  __imp__sub_8234AB00              ppc_recomp.42.cpp
  __imp__sub_8234AB70              ppc_recomp.42.cpp
  __imp__sub_8234ABC0              ppc_recomp.42.cpp
  __imp__sub_8234ABF8              ppc_recomp.42.cpp
  __imp__sub_8234AC50              ppc_recomp.42.cpp
  __imp__sub_8234ACA8              ppc_recomp.42.cpp
  __imp__sub_8234ACB0              ppc_recomp.42.cpp
  __imp__sub_8234ACC0              ppc_recomp.42.cpp
  __imp__sub_8234B080              ppc_recomp.42.cpp
  __imp__sub_8234B0C8              ppc_recomp.42.cpp
  __imp__sub_8234B508              ppc_recomp.42.cpp
  __imp__sub_8234B520              ppc_recomp.42.cpp
  __imp__sub_8234B5F8              ppc_recomp.42.cpp
  __imp__sub_8234B678              ppc_recomp.42.cpp
  __imp__sub_8234B6A8              ppc_recomp.42.cpp
  __imp__sub_8234B6C0              ppc_recomp.42.cpp
  __imp__sub_8234B6E8              ppc_recomp.42.cpp
  __imp__sub_8234B730              ppc_recomp.42.cpp
  __imp__sub_8234B7B8              ppc_recomp.42.cpp
  __imp__sub_8234BA38              ppc_recomp.42.cpp
  __imp__sub_8234BC38              ppc_recomp.42.cpp
  __imp__sub_8234BCA0              ppc_recomp.42.cpp
  __imp__sub_8234BEB0              ppc_recomp.42.cpp
  __imp__sub_8234C0B8              ppc_recomp.42.cpp
  __imp__sub_8234C198              ppc_recomp.42.cpp
  __imp__sub_8234C2F8              ppc_recomp.42.cpp
  __imp__sub_8234C318              ppc_recomp.42.cpp
  __imp__sub_8234C370              ppc_recomp.42.cpp
  __imp__sub_8234C648              ppc_recomp.42.cpp
  __imp__sub_8234C6B8              ppc_recomp.42.cpp
  __imp__sub_8234C720              ppc_recomp.42.cpp
  __imp__sub_8234C750              ppc_recomp.42.cpp
  __imp__sub_8234C7C0              ppc_recomp.42.cpp
  __imp__sub_8234C828              ppc_recomp.42.cpp
  __imp__sub_8234C890              ppc_recomp.42.cpp
  __imp__sub_8234C908              ppc_recomp.42.cpp
  __imp__sub_8234CA08              ppc_recomp.42.cpp
  __imp__sub_8234CB38              ppc_recomp.42.cpp
  __imp__sub_8234CC30              ppc_recomp.42.cpp
  __imp__sub_8234CCE0              ppc_recomp.42.cpp
  __imp__sub_8234CE28              ppc_recomp.42.cpp
  __imp__sub_8234CF30              ppc_recomp.42.cpp
  __imp__sub_8234CFB8              ppc_recomp.42.cpp
  __imp__sub_8234D040              ppc_recomp.42.cpp
  __imp__sub_8234D118              ppc_recomp.42.cpp
  __imp__sub_8234D338              ppc_recomp.42.cpp
  __imp__sub_8234D6B0              ppc_recomp.42.cpp
  __imp__sub_8234DCB0              ppc_recomp.43.cpp
  __imp__sub_8234DD70              ppc_recomp.43.cpp
  __imp__sub_8234DDD0              ppc_recomp.43.cpp
  __imp__sub_8234DF60              ppc_recomp.43.cpp
  __imp__sub_8234E450              ppc_recomp.43.cpp
  __imp__sub_8234EDF8              ppc_recomp.43.cpp
  __imp__sub_8234F138              ppc_recomp.43.cpp
  __imp__sub_8234FC98              ppc_recomp.43.cpp
  __imp__sub_8234FED0              ppc_recomp.43.cpp
  __imp__sub_823501D8              ppc_recomp.43.cpp
  __imp__sub_823502B8              ppc_recomp.43.cpp
  __imp__sub_82350398              ppc_recomp.43.cpp
  __imp__sub_823504B0              ppc_recomp.43.cpp
  __imp__sub_823506D0              ppc_recomp.43.cpp
  __imp__sub_82350920              ppc_recomp.43.cpp
  __imp__sub_82350A28              ppc_recomp.43.cpp
  __imp__sub_82350BC0              ppc_recomp.43.cpp
  __imp__sub_82350C18              ppc_recomp.43.cpp
  __imp__sub_82350C88              ppc_recomp.43.cpp
  __imp__sub_82350CF0              ppc_recomp.43.cpp
  __imp__sub_82350D90              ppc_recomp.43.cpp
  __imp__sub_82350EC0              ppc_recomp.43.cpp
  __imp__sub_82350FD0              ppc_recomp.43.cpp
  __imp__sub_82350FE8              ppc_recomp.43.cpp
  __imp__sub_82351040              ppc_recomp.43.cpp
  __imp__sub_823510E0              ppc_recomp.43.cpp
  __imp__sub_82351130              ppc_recomp.43.cpp
  __imp__sub_823511D8              ppc_recomp.43.cpp
  __imp__sub_82351220              ppc_recomp.43.cpp
  __imp__sub_82351298              ppc_recomp.43.cpp
  __imp__sub_823512C0              ppc_recomp.43.cpp
  __imp__sub_82351400              ppc_recomp.43.cpp
  __imp__sub_823514F8              ppc_recomp.43.cpp
  __imp__sub_82351720              ppc_recomp.43.cpp
  __imp__sub_82351848              ppc_recomp.43.cpp
  __imp__sub_82351938              ppc_recomp.43.cpp
  __imp__sub_82351950              ppc_recomp.43.cpp
  __imp__sub_82351970              ppc_recomp.43.cpp
  __imp__sub_82351978              ppc_recomp.43.cpp
  __imp__sub_82351A20              ppc_recomp.43.cpp
  __imp__sub_82351A68              ppc_recomp.43.cpp
  __imp__sub_82351AC0              ppc_recomp.43.cpp
  __imp__sub_82351AE0              ppc_recomp.43.cpp
  __imp__sub_82351DD0              ppc_recomp.43.cpp
  __imp__sub_82351DE8              ppc_recomp.43.cpp
  __imp__sub_82351E40              ppc_recomp.43.cpp
  __imp__sub_82351F08              ppc_recomp.43.cpp
  __imp__sub_82351FD0              ppc_recomp.43.cpp
  __imp__sub_823522C0              ppc_recomp.43.cpp
  __imp__sub_823523C0              ppc_recomp.43.cpp
  __imp__sub_823523F8              ppc_recomp.43.cpp
  __imp__sub_82352450              ppc_recomp.43.cpp
  __imp__sub_82352560              ppc_recomp.43.cpp
  __imp__sub_823525B8              ppc_recomp.43.cpp
  __imp__sub_82352638              ppc_recomp.43.cpp
  __imp__sub_82352710              ppc_recomp.43.cpp
  __imp__sub_82352740              ppc_recomp.43.cpp
  __imp__sub_82353218              ppc_recomp.43.cpp
  __imp__sub_82353368              ppc_recomp.43.cpp
  __imp__sub_82353440              ppc_recomp.43.cpp
  __imp__sub_82353538              ppc_recomp.43.cpp
  __imp__sub_82353580              ppc_recomp.43.cpp
  __imp__sub_82353A10              ppc_recomp.43.cpp
  __imp__sub_82353B10              ppc_recomp.43.cpp
  __imp__sub_82353B80              ppc_recomp.43.cpp
  __imp__sub_82353B98              ppc_recomp.43.cpp
  __imp__sub_82353BA8              ppc_recomp.43.cpp
  __imp__sub_82353C30              ppc_recomp.43.cpp
  __imp__sub_82353C38              ppc_recomp.43.cpp
  __imp__sub_82353E28              ppc_recomp.43.cpp
  __imp__sub_823547E0              ppc_recomp.43.cpp
  __imp__sub_82354800              ppc_recomp.43.cpp
  __imp__sub_823548D0              ppc_recomp.43.cpp
  __imp__sub_82354BF8              ppc_recomp.43.cpp
  __imp__sub_82354DC8              ppc_recomp.43.cpp
  __imp__sub_82354FE0              ppc_recomp.43.cpp
  __imp__sub_82355328              ppc_recomp.43.cpp
  __imp__sub_82355630              ppc_recomp.43.cpp
  __imp__sub_82355D30              ppc_recomp.43.cpp
  __imp__sub_82355FD0              ppc_recomp.43.cpp
  __imp__sub_82356158              ppc_recomp.43.cpp
  __imp__sub_82356300              ppc_recomp.43.cpp
  __imp__sub_82356350              ppc_recomp.43.cpp
  __imp__sub_82356408              ppc_recomp.43.cpp
  __imp__sub_82356418              ppc_recomp.43.cpp
  __imp__sub_82356420              ppc_recomp.43.cpp
  __imp__sub_823564C8              ppc_recomp.43.cpp
  __imp__sub_82356540              ppc_recomp.43.cpp
  __imp__sub_823565C0              ppc_recomp.43.cpp
  __imp__sub_82356788              ppc_recomp.43.cpp
  __imp__sub_823567F0              ppc_recomp.43.cpp
  __imp__sub_82356890              ppc_recomp.43.cpp
  __imp__sub_82356910              ppc_recomp.43.cpp
  __imp__sub_82356990              ppc_recomp.43.cpp
  __imp__sub_82356A10              ppc_recomp.43.cpp
  __imp__sub_82356AD0              ppc_recomp.43.cpp
  __imp__sub_82356CC8              ppc_recomp.43.cpp
  __imp__sub_82356EA0              ppc_recomp.43.cpp
  __imp__sub_82356F14              ppc_recomp.43.cpp
  __imp__sub_82357198              ppc_recomp.43.cpp
  __imp__sub_823571B4              ppc_recomp.43.cpp
  __imp__sub_82357224              ppc_recomp.43.cpp
  __imp__sub_823572E8              ppc_recomp.43.cpp
  __imp__sub_82357434              ppc_recomp.43.cpp
  __imp__sub_82357628              ppc_recomp.43.cpp
  __imp__sub_82357738              ppc_recomp.43.cpp
  __imp__sub_82357898              ppc_recomp.43.cpp
  __imp__sub_82357C90              ppc_recomp.43.cpp
  __imp__sub_82357CC0              ppc_recomp.43.cpp
  __imp__sub_82357D08              ppc_recomp.43.cpp
  __imp__sub_82357E78              ppc_recomp.43.cpp
  __imp__sub_82358420              ppc_recomp.43.cpp
  __imp__sub_82358840              ppc_recomp.43.cpp
  __imp__sub_82358CD8              ppc_recomp.43.cpp
  __imp__sub_823594D8              ppc_recomp.44.cpp
  __imp__sub_82359570              ppc_recomp.44.cpp
  __imp__sub_823596B0              ppc_recomp.44.cpp
  __imp__sub_82359748              ppc_recomp.44.cpp
  __imp__sub_82359B60              ppc_recomp.44.cpp
  __imp__sub_82359C90              ppc_recomp.44.cpp
  __imp__sub_82359D08              ppc_recomp.44.cpp
  __imp__sub_82359D70              ppc_recomp.44.cpp
  __imp__sub_82359DB0              ppc_recomp.44.cpp
  __imp__sub_82359F10              ppc_recomp.44.cpp
  __imp__sub_82359FB8              ppc_recomp.44.cpp
  __imp__sub_8235A070              ppc_recomp.44.cpp
  __imp__sub_8235A818              ppc_recomp.44.cpp
  __imp__sub_8235A970              ppc_recomp.44.cpp
  __imp__sub_8235AA30              ppc_recomp.44.cpp
  __imp__sub_8235AAA8              ppc_recomp.44.cpp
  __imp__sub_8235AC68              ppc_recomp.44.cpp
  __imp__sub_8235ADD0              ppc_recomp.44.cpp
  __imp__sub_8235AF58              ppc_recomp.44.cpp
  __imp__sub_8235B168              ppc_recomp.44.cpp
  __imp__sub_8235B2B8              ppc_recomp.44.cpp
  __imp__sub_8235B4A0              ppc_recomp.44.cpp
  __imp__sub_8235B618              ppc_recomp.44.cpp
  __imp__sub_8235B768              ppc_recomp.44.cpp
  __imp__sub_8235B9F8              ppc_recomp.44.cpp
  __imp__sub_8235BBB0              ppc_recomp.44.cpp
  __imp__sub_8235C5C8              ppc_recomp.44.cpp
  __imp__sub_8235C8B0              ppc_recomp.44.cpp
  __imp__sub_8235CDE0              ppc_recomp.44.cpp
  __imp__sub_8235D7A8              ppc_recomp.44.cpp
  __imp__sub_8235D9D0              ppc_recomp.44.cpp
  __imp__sub_8235DA90              ppc_recomp.44.cpp
  __imp__sub_8235DB20              ppc_recomp.44.cpp
  __imp__sub_8235EAE8              ppc_recomp.44.cpp
  __imp__sub_8235F6E0              ppc_recomp.44.cpp
  __imp__sub_8235FA40              ppc_recomp.44.cpp
  __imp__sub_8235FAE0              ppc_recomp.44.cpp
  __imp__sub_8235FB70              ppc_recomp.44.cpp
  __imp__sub_8235FEB8              ppc_recomp.44.cpp
  __imp__sub_82360128              ppc_recomp.44.cpp
  __imp__sub_823601C0              ppc_recomp.44.cpp
  __imp__sub_82360268              ppc_recomp.44.cpp
  __imp__sub_823602F8              ppc_recomp.44.cpp
  __imp__sub_82360468              ppc_recomp.44.cpp
  __imp__sub_82360510              ppc_recomp.44.cpp
  __imp__sub_82360568              ppc_recomp.44.cpp
  __imp__sub_82360580              ppc_recomp.44.cpp
  __imp__sub_823605C8              ppc_recomp.44.cpp
  __imp__sub_82360600              ppc_recomp.44.cpp
  __imp__sub_82360610              ppc_recomp.44.cpp
  __imp__sub_823606A8              ppc_recomp.44.cpp
  __imp__sub_823607A0              ppc_recomp.44.cpp
  __imp__sub_82360838              ppc_recomp.44.cpp
  __imp__sub_82360840              ppc_recomp.44.cpp
  __imp__sub_82360878              ppc_recomp.44.cpp
  __imp__sub_823608C8              ppc_recomp.44.cpp
  __imp__sub_823608F8              ppc_recomp.44.cpp
  __imp__sub_82360900              ppc_recomp.44.cpp
  __imp__sub_82360928              ppc_recomp.44.cpp
  __imp__sub_82360950              ppc_recomp.44.cpp
  __imp__sub_823609C8              ppc_recomp.44.cpp
  __imp__sub_82360BB8              ppc_recomp.44.cpp
  __imp__sub_82360BF8              ppc_recomp.44.cpp
  __imp__sub_82360C10              ppc_recomp.44.cpp
  __imp__sub_82360C78              ppc_recomp.44.cpp
  __imp__sub_82360D08              ppc_recomp.44.cpp
  __imp__sub_82360D70              ppc_recomp.44.cpp
  __imp__sub_82360DE0              ppc_recomp.44.cpp
  __imp__sub_82360F10              ppc_recomp.44.cpp
  __imp__sub_82360F70              ppc_recomp.44.cpp
  __imp__sub_82360FD0              ppc_recomp.44.cpp
  __imp__sub_82361048              ppc_recomp.44.cpp
  __imp__sub_82361058              ppc_recomp.44.cpp
  __imp__sub_82361078              ppc_recomp.44.cpp
  __imp__sub_82361090              ppc_recomp.44.cpp
  __imp__sub_82361330              ppc_recomp.44.cpp
  __imp__sub_82361368              ppc_recomp.44.cpp
  __imp__sub_82361890              ppc_recomp.44.cpp
  __imp__sub_82361A18              ppc_recomp.44.cpp
  __imp__sub_82361A30              ppc_recomp.44.cpp
  __imp__sub_82361AB8              ppc_recomp.44.cpp
  __imp__sub_82361B70              ppc_recomp.44.cpp
  __imp__sub_82361BD8              ppc_recomp.44.cpp
  __imp__sub_82361D08              ppc_recomp.44.cpp
  __imp__sub_82361D54              ppc_recomp.44.cpp
  __imp__sub_82361DC4              ppc_recomp.44.cpp
  __imp__sub_82361F20              ppc_recomp.44.cpp
  __imp__sub_82361F50              ppc_recomp.44.cpp
  __imp__sub_82361F88              ppc_recomp.44.cpp
  __imp__sub_82362048              ppc_recomp.44.cpp
  __imp__sub_82362158              ppc_recomp.44.cpp
  __imp__sub_82362190              ppc_recomp.44.cpp
  __imp__sub_823621D0              ppc_recomp.44.cpp
  __imp__sub_823622D8              ppc_recomp.44.cpp
  __imp__sub_823622F0              ppc_recomp.44.cpp
  __imp__sub_82362308              ppc_recomp.44.cpp
  __imp__sub_82362368              ppc_recomp.44.cpp
  __imp__sub_82362430              ppc_recomp.44.cpp
  __imp__sub_823624F0              ppc_recomp.44.cpp
  __imp__sub_82362500              ppc_recomp.44.cpp
  __imp__sub_823625F0              ppc_recomp.44.cpp
  __imp__sub_82362680              ppc_recomp.44.cpp
  __imp__sub_82362750              ppc_recomp.44.cpp
  __imp__sub_82362780              ppc_recomp.44.cpp
  __imp__sub_823627D0              ppc_recomp.44.cpp
  __imp__sub_82362820              ppc_recomp.44.cpp
  __imp__sub_82362860              ppc_recomp.44.cpp
  __imp__sub_82362880              ppc_recomp.44.cpp
  __imp__sub_82362910              ppc_recomp.44.cpp
  __imp__sub_82362970              ppc_recomp.44.cpp
  __imp__sub_82362980              ppc_recomp.44.cpp
  __imp__sub_82362A28              ppc_recomp.44.cpp
  __imp__sub_82362AA0              ppc_recomp.45.cpp
  __imp__sub_82362AD8              ppc_recomp.45.cpp
  __imp__sub_82362B10              ppc_recomp.45.cpp
  __imp__sub_82362D40              ppc_recomp.45.cpp
  __imp__sub_82362DE0              ppc_recomp.45.cpp
  __imp__sub_82362E50              ppc_recomp.45.cpp
  __imp__sub_82362E60              ppc_recomp.45.cpp
  __imp__sub_82362F20              ppc_recomp.45.cpp
  __imp__sub_82362F48              ppc_recomp.45.cpp
  __imp__sub_82362F58              ppc_recomp.45.cpp
  __imp__sub_82362F68              ppc_recomp.45.cpp
  __imp__sub_82362F78              ppc_recomp.45.cpp
  __imp__sub_82362F88              ppc_recomp.45.cpp
  __imp__sub_82362FA0              ppc_recomp.45.cpp
  __imp__sub_82363348              ppc_recomp.45.cpp
  __imp__sub_82363488              ppc_recomp.45.cpp
  __imp__sub_82363668              ppc_recomp.45.cpp
  __imp__sub_823636D0              ppc_recomp.45.cpp
  __imp__sub_823636E8              ppc_recomp.45.cpp
  __imp__sub_823636F8              ppc_recomp.45.cpp
  __imp__sub_823638D8              ppc_recomp.45.cpp
  __imp__sub_823638F0              ppc_recomp.45.cpp
  __imp__sub_82363910              ppc_recomp.45.cpp
  __imp__sub_82363918              ppc_recomp.45.cpp
  __imp__sub_82363948              ppc_recomp.45.cpp
  __imp__sub_82363978              ppc_recomp.45.cpp
  __imp__sub_82363988              ppc_recomp.45.cpp
  __imp__sub_823639B8              ppc_recomp.45.cpp
  __imp__sub_82363A10              ppc_recomp.45.cpp
  __imp__sub_82363AB0              ppc_recomp.45.cpp
  __imp__sub_82363AC8              ppc_recomp.45.cpp
  __imp__sub_82363B08              ppc_recomp.45.cpp
  __imp__sub_82363B18              ppc_recomp.45.cpp
  __imp__sub_82363B40              ppc_recomp.45.cpp
  __imp__sub_82363B90              ppc_recomp.45.cpp
  __imp__sub_82363BC0              ppc_recomp.45.cpp
  __imp__sub_82363C10              ppc_recomp.45.cpp
  __imp__sub_82363C28              ppc_recomp.45.cpp
  __imp__sub_82363C80              ppc_recomp.45.cpp
  __imp__sub_82363CE0              ppc_recomp.45.cpp
  __imp__sub_82363CE8              ppc_recomp.45.cpp
  __imp__sub_82363D80              ppc_recomp.45.cpp
  __imp__sub_82363E38              ppc_recomp.45.cpp
  __imp__sub_82363E58              ppc_recomp.45.cpp
  __imp__sub_82363E68              ppc_recomp.45.cpp
  __imp__sub_82364000              ppc_recomp.45.cpp
  __imp__sub_82364080              ppc_recomp.45.cpp
  __imp__sub_82364188              ppc_recomp.45.cpp
  __imp__sub_82364210              ppc_recomp.45.cpp
  __imp__sub_823643B0              ppc_recomp.45.cpp
  __imp__sub_82364558              ppc_recomp.45.cpp
  __imp__sub_823646E0              ppc_recomp.45.cpp
  __imp__sub_82364708              ppc_recomp.45.cpp
  __imp__sub_82364768              ppc_recomp.45.cpp
  __imp__sub_823647C0              ppc_recomp.45.cpp
  __imp__sub_823647D0              ppc_recomp.45.cpp
  __imp__sub_82364830              ppc_recomp.45.cpp
  __imp__sub_82364878              ppc_recomp.45.cpp
  __imp__sub_823648A8              ppc_recomp.45.cpp
  __imp__sub_823648E0              ppc_recomp.45.cpp
  __imp__sub_82364968              ppc_recomp.45.cpp
  __imp__sub_82364A18              ppc_recomp.45.cpp
  __imp__sub_82364AC0              ppc_recomp.45.cpp
  __imp__sub_82364C08              ppc_recomp.45.cpp
  __imp__sub_82364DF8              ppc_recomp.45.cpp
  __imp__sub_82364E48              ppc_recomp.45.cpp
  __imp__sub_82365268              ppc_recomp.45.cpp
  __imp__sub_823652C8              ppc_recomp.45.cpp
  __imp__sub_82365460              ppc_recomp.45.cpp
  __imp__sub_82365550              ppc_recomp.45.cpp
  __imp__sub_823655A0              ppc_recomp.45.cpp
  __imp__sub_82365698              ppc_recomp.45.cpp
  __imp__sub_823656D8              ppc_recomp.45.cpp
  __imp__sub_823656E8              ppc_recomp.45.cpp
  __imp__sub_823656F0              ppc_recomp.45.cpp
  __imp__sub_823656F8              ppc_recomp.45.cpp
  __imp__sub_82365758              ppc_recomp.45.cpp
  __imp__sub_82365768              ppc_recomp.45.cpp
  __imp__sub_823658E0              ppc_recomp.45.cpp
  __imp__sub_82365A40              ppc_recomp.45.cpp
  __imp__sub_82365B88              ppc_recomp.45.cpp
  __imp__sub_82365C40              ppc_recomp.45.cpp
  __imp__sub_82365CC8              ppc_recomp.45.cpp
  __imp__sub_82365D38              ppc_recomp.45.cpp
  __imp__sub_82365D50              ppc_recomp.45.cpp
  __imp__sub_82365D58              ppc_recomp.45.cpp
  __imp__sub_82365D60              ppc_recomp.45.cpp
  __imp__sub_82365D68              ppc_recomp.45.cpp
  __imp__sub_82365E18              ppc_recomp.45.cpp
  __imp__sub_82365E88              ppc_recomp.45.cpp
  __imp__sub_82365EE8              ppc_recomp.45.cpp
  __imp__sub_82365F48              ppc_recomp.45.cpp
  __imp__sub_82365FD0              ppc_recomp.45.cpp
  __imp__sub_823660B8              ppc_recomp.45.cpp
  __imp__sub_823662A0              ppc_recomp.45.cpp
  __imp__sub_82366308              ppc_recomp.45.cpp
  __imp__sub_823663B0              ppc_recomp.45.cpp
  __imp__sub_82366438              ppc_recomp.45.cpp
  __imp__sub_823664D8              ppc_recomp.45.cpp
  __imp__sub_823665A0              ppc_recomp.45.cpp
  __imp__sub_82366600              ppc_recomp.45.cpp
  __imp__sub_82366620              ppc_recomp.45.cpp
  __imp__sub_82366680              ppc_recomp.45.cpp
  __imp__sub_82366690              ppc_recomp.45.cpp
  __imp__sub_82366720              ppc_recomp.45.cpp
  __imp__sub_823667E0              ppc_recomp.45.cpp
  __imp__sub_82366A00              ppc_recomp.45.cpp
  __imp__sub_82366AC0              ppc_recomp.45.cpp
  __imp__sub_82366BF8              ppc_recomp.45.cpp
  __imp__sub_82366C90              ppc_recomp.45.cpp
  __imp__sub_82366CF8              ppc_recomp.45.cpp
  __imp__sub_82366E08              ppc_recomp.45.cpp
  __imp__sub_82366EA8              ppc_recomp.45.cpp
  __imp__sub_82366F78              ppc_recomp.45.cpp
  __imp__sub_82367468              ppc_recomp.45.cpp
  __imp__sub_823676A8              ppc_recomp.45.cpp
  __imp__sub_82367A40              ppc_recomp.45.cpp
  __imp__sub_82367AB8              ppc_recomp.45.cpp
  __imp__sub_82367CF0              ppc_recomp.46.cpp
  __imp__sub_82367D68              ppc_recomp.46.cpp
  __imp__sub_82367D78              ppc_recomp.46.cpp
  __imp__sub_82367F78              ppc_recomp.46.cpp
  __imp__sub_82367F90              ppc_recomp.46.cpp
  __imp__sub_82368130              ppc_recomp.46.cpp
  __imp__sub_82368150              ppc_recomp.46.cpp
  __imp__sub_823682A0              ppc_recomp.46.cpp
  __imp__sub_823683A8              ppc_recomp.46.cpp
  __imp__sub_82368400              ppc_recomp.46.cpp
  __imp__sub_82368408              ppc_recomp.46.cpp
  __imp__sub_82368410              ppc_recomp.46.cpp
  __imp__sub_82368710              ppc_recomp.46.cpp
  __imp__sub_82369180              ppc_recomp.46.cpp
  __imp__sub_823691B0              ppc_recomp.46.cpp
  __imp__sub_823691E0              ppc_recomp.46.cpp
  __imp__sub_82369240              ppc_recomp.46.cpp
  __imp__sub_823693C0              ppc_recomp.46.cpp
  __imp__sub_823693D8              ppc_recomp.46.cpp
  __imp__sub_82369448              ppc_recomp.46.cpp
  __imp__sub_823694B0              ppc_recomp.46.cpp
  __imp__sub_823695F8              ppc_recomp.46.cpp
  __imp__sub_82369650              ppc_recomp.46.cpp
  __imp__sub_82369920              ppc_recomp.46.cpp
  __imp__sub_823699B0              ppc_recomp.46.cpp
  __imp__sub_82369AA8              ppc_recomp.46.cpp
  __imp__sub_82369B48              ppc_recomp.46.cpp
  __imp__sub_82369BD0              ppc_recomp.46.cpp
  __imp__sub_82369DF0              ppc_recomp.46.cpp
  __imp__sub_82369EC8              ppc_recomp.46.cpp
  __imp__sub_82369F80              ppc_recomp.46.cpp
  __imp__sub_8236A580              ppc_recomp.46.cpp
  __imp__sub_8236A5C8              ppc_recomp.46.cpp
  __imp__sub_8236AAD8              ppc_recomp.46.cpp
  __imp__sub_8236AB48              ppc_recomp.46.cpp
  __imp__sub_8236AE58              ppc_recomp.46.cpp
  __imp__sub_8236AE68              ppc_recomp.46.cpp
  __imp__sub_8236B070              ppc_recomp.46.cpp
  __imp__sub_8236B190              ppc_recomp.46.cpp
  __imp__sub_8236B2F8              ppc_recomp.46.cpp
  __imp__sub_8236B4E8              ppc_recomp.46.cpp
  __imp__sub_8236B5D8              ppc_recomp.46.cpp
  __imp__sub_8236B898              ppc_recomp.46.cpp
  __imp__sub_8236BB20              ppc_recomp.46.cpp
  __imp__sub_8236BE50              ppc_recomp.46.cpp
  __imp__sub_8236BFF8              ppc_recomp.46.cpp
  __imp__sub_8236C008              ppc_recomp.46.cpp
  __imp__sub_8236C060              ppc_recomp.46.cpp
  __imp__sub_8236C228              ppc_recomp.46.cpp
  __imp__sub_8236C270              ppc_recomp.46.cpp
  __imp__sub_8236C278              ppc_recomp.46.cpp
  __imp__sub_8236C450              ppc_recomp.46.cpp
  __imp__sub_8236C500              ppc_recomp.46.cpp
  __imp__sub_8236C5B0              ppc_recomp.46.cpp
  __imp__sub_8236C658              ppc_recomp.46.cpp
  __imp__sub_8236C700              ppc_recomp.46.cpp
  __imp__sub_8236CB00              ppc_recomp.46.cpp
  __imp__sub_8236CBC0              ppc_recomp.46.cpp
  __imp__sub_8236CD08              ppc_recomp.46.cpp
  __imp__sub_8236D030              ppc_recomp.46.cpp
  __imp__sub_8236D108              ppc_recomp.46.cpp
  __imp__sub_8236D1D0              ppc_recomp.46.cpp
  __imp__sub_8236D2D8              ppc_recomp.46.cpp
  __imp__sub_8236D3A0              ppc_recomp.46.cpp
  __imp__sub_8236D4E8              ppc_recomp.46.cpp
  __imp__sub_8236D590              ppc_recomp.46.cpp
  __imp__sub_8236D888              ppc_recomp.46.cpp
  __imp__sub_8236D920              ppc_recomp.46.cpp
  __imp__sub_8236DB90              ppc_recomp.46.cpp
  __imp__sub_8236DC40              ppc_recomp.46.cpp
  __imp__sub_8236DDF0              ppc_recomp.46.cpp
  __imp__sub_8236E0A8              ppc_recomp.46.cpp
  __imp__sub_8236E188              ppc_recomp.46.cpp
  __imp__sub_8236E1F0              ppc_recomp.46.cpp
  __imp__sub_8236E2C8              ppc_recomp.46.cpp
  __imp__sub_8236E4E8              ppc_recomp.46.cpp
  __imp__sub_8236E578              ppc_recomp.46.cpp
  __imp__sub_8236E908              ppc_recomp.46.cpp
  __imp__sub_8236EA38              ppc_recomp.46.cpp
  __imp__sub_8236EBD0              ppc_recomp.46.cpp
  __imp__sub_8236ED80              ppc_recomp.46.cpp
  __imp__sub_82370010              ppc_recomp.46.cpp
  __imp__sub_823700A8              ppc_recomp.46.cpp
  __imp__sub_8237017C              ppc_recomp.46.cpp
  __imp__sub_82370180              ppc_recomp.46.cpp
  __imp__sub_82370254              ppc_recomp.46.cpp
  __imp__sub_82370258              ppc_recomp.46.cpp
  __imp__sub_8237032C              ppc_recomp.46.cpp
  __imp__sub_82370330              ppc_recomp.46.cpp
  __imp__sub_823703D0              ppc_recomp.46.cpp
  __imp__sub_82370488              ppc_recomp.46.cpp
  __imp__sub_823704D4              ppc_recomp.46.cpp
  __imp__sub_823704D8              ppc_recomp.46.cpp
  __imp__sub_82370518              ppc_recomp.46.cpp
  __imp__sub_823705FC              ppc_recomp.46.cpp
  __imp__sub_82370600              ppc_recomp.46.cpp
  __imp__sub_82370704              ppc_recomp.46.cpp
  __imp__sub_82370708              ppc_recomp.46.cpp
  __imp__sub_82370734              ppc_recomp.46.cpp
  __imp__sub_82370738              ppc_recomp.46.cpp
  __imp__sub_8237082C              ppc_recomp.47.cpp
  __imp__sub_82370830              ppc_recomp.47.cpp
  __imp__sub_82370924              ppc_recomp.47.cpp
  __imp__sub_82370928              ppc_recomp.47.cpp
  __imp__sub_82370968              ppc_recomp.47.cpp
  __imp__sub_82370A28              ppc_recomp.47.cpp
  __imp__sub_82370AA0              ppc_recomp.47.cpp
  __imp__sub_82370B28              ppc_recomp.47.cpp
  __imp__sub_82370C10              ppc_recomp.47.cpp
  __imp__sub_82370C24              ppc_recomp.47.cpp
  __imp__sub_82370C28              ppc_recomp.47.cpp
  __imp__sub_82370C3C              ppc_recomp.47.cpp
  __imp__sub_82370C40              ppc_recomp.47.cpp
  __imp__sub_82370C54              ppc_recomp.47.cpp
  __imp__sub_82370C58              ppc_recomp.47.cpp
  __imp__sub_82370C6C              ppc_recomp.47.cpp
  __imp__sub_82370C70              ppc_recomp.47.cpp
  __imp__sub_82370C84              ppc_recomp.47.cpp
  __imp__sub_82370C88              ppc_recomp.47.cpp
  __imp__sub_82370CBC              ppc_recomp.47.cpp
  __imp__sub_82370CC0              ppc_recomp.47.cpp
  __imp__sub_82370CF4              ppc_recomp.47.cpp
  __imp__sub_82370CF8              ppc_recomp.47.cpp
  __imp__sub_82370DB4              ppc_recomp.47.cpp
  __imp__sub_82370DB8              ppc_recomp.47.cpp
  __imp__sub_82370DF8              ppc_recomp.47.cpp
  __imp__sub_82370EA0              ppc_recomp.47.cpp
  __imp__sub_82370F60              ppc_recomp.47.cpp
  __imp__sub_823712FC              ppc_recomp.47.cpp
  __imp__sub_82371300              ppc_recomp.47.cpp
  __imp__sub_82371478              ppc_recomp.47.cpp
  __imp__sub_823714E0              ppc_recomp.47.cpp
  __imp__sub_82371554              ppc_recomp.47.cpp
  __imp__sub_82371558              ppc_recomp.47.cpp
  __imp__sub_82371710              ppc_recomp.47.cpp
  __imp__sub_823718C8              ppc_recomp.47.cpp
  __imp__sub_823719B8              ppc_recomp.47.cpp
  __imp__sub_82371CDC              ppc_recomp.47.cpp
  __imp__sub_82371CE0              ppc_recomp.47.cpp
  __imp__sub_82371F60              ppc_recomp.47.cpp
  __imp__sub_823721F8              ppc_recomp.47.cpp
  __imp__sub_823722A0              ppc_recomp.47.cpp
  __imp__sub_823723C4              ppc_recomp.47.cpp
  __imp__sub_823723C8              ppc_recomp.47.cpp
  __imp__sub_8237249C              ppc_recomp.47.cpp
  __imp__sub_823724A0              ppc_recomp.47.cpp
  __imp__sub_8237259C              ppc_recomp.47.cpp
  __imp__sub_823725A0              ppc_recomp.47.cpp
  __imp__sub_82372638              ppc_recomp.47.cpp
  __imp__sub_823728EC              ppc_recomp.47.cpp
  __imp__sub_823728F0              ppc_recomp.47.cpp
  __imp__sub_823729E4              ppc_recomp.47.cpp
  __imp__sub_823729E8              ppc_recomp.47.cpp
  __imp__sub_82372D08              ppc_recomp.47.cpp
  __imp__sub_82372E30              ppc_recomp.47.cpp
  __imp__sub_82372F58              ppc_recomp.47.cpp
  __imp__sub_8237307C              ppc_recomp.47.cpp
  __imp__sub_82373080              ppc_recomp.47.cpp
  __imp__sub_823732C8              ppc_recomp.47.cpp
  __imp__sub_823733E0              ppc_recomp.47.cpp
  __imp__sub_82373448              ppc_recomp.47.cpp
  __imp__sub_82373494              ppc_recomp.47.cpp
  __imp__sub_82373498              ppc_recomp.47.cpp
  __imp__sub_82373620              ppc_recomp.47.cpp
  __imp__sub_823736DC              ppc_recomp.47.cpp
  __imp__sub_823736E0              ppc_recomp.47.cpp
  __imp__sub_82373B00              ppc_recomp.47.cpp
  __imp__sub_82373C0C              ppc_recomp.47.cpp
  __imp__sub_82373C10              ppc_recomp.47.cpp
  __imp__sub_82373CF8              ppc_recomp.47.cpp
  __imp__sub_82373EF0              ppc_recomp.47.cpp
  __imp__sub_8237410C              ppc_recomp.47.cpp
  __imp__sub_82374110              ppc_recomp.47.cpp
  __imp__sub_823742E0              ppc_recomp.47.cpp
  __imp__sub_8237470C              ppc_recomp.47.cpp
  __imp__sub_82374710              ppc_recomp.47.cpp
  __imp__sub_82374C50              ppc_recomp.47.cpp
  __imp__sub_82374D28              ppc_recomp.47.cpp
  __imp__sub_82374FB4              ppc_recomp.47.cpp
  __imp__sub_82374FB8              ppc_recomp.47.cpp
  __imp__sub_82374FD4              ppc_recomp.47.cpp
  __imp__sub_82374FD8              ppc_recomp.47.cpp
  __imp__sub_823750A0              ppc_recomp.47.cpp
  __imp__sub_823751A4              ppc_recomp.47.cpp
  __imp__sub_823751A8              ppc_recomp.47.cpp
  __imp__sub_82375C80              ppc_recomp.47.cpp
  __imp__sub_82375CFC              ppc_recomp.47.cpp
  __imp__sub_82375D00              ppc_recomp.47.cpp
  __imp__sub_82375D5C              ppc_recomp.47.cpp
  __imp__sub_82375D60              ppc_recomp.47.cpp
  __imp__sub_82376520              ppc_recomp.47.cpp
  __imp__sub_8237653C              ppc_recomp.47.cpp
  __imp__sub_82376540              ppc_recomp.47.cpp
  __imp__sub_82376A20              ppc_recomp.47.cpp
  __imp__sub_82376AA0              ppc_recomp.47.cpp
  __imp__sub_82376B34              ppc_recomp.47.cpp
  __imp__sub_82376B38              ppc_recomp.47.cpp
  __imp__sub_82376CA4              ppc_recomp.47.cpp
  __imp__sub_82376CA8              ppc_recomp.47.cpp
  __imp__sub_82376CBC              ppc_recomp.47.cpp
  __imp__sub_82376CC0              ppc_recomp.47.cpp
  __imp__sub_82377298              ppc_recomp.47.cpp
  __imp__sub_823777B0              ppc_recomp.47.cpp
  __imp__sub_82377894              ppc_recomp.47.cpp
  __imp__sub_82377898              ppc_recomp.47.cpp
  __imp__sub_82377A70              ppc_recomp.47.cpp
  __imp__sub_82377AA0              ppc_recomp.47.cpp
  __imp__sub_82377C00              ppc_recomp.47.cpp
  __imp__sub_82377C74              ppc_recomp.47.cpp
  __imp__sub_82377C78              ppc_recomp.47.cpp
  __imp__sub_82377D64              ppc_recomp.47.cpp
  __imp__sub_82377D68              ppc_recomp.47.cpp
  __imp__sub_82377FC0              ppc_recomp.47.cpp
  __imp__sub_823780EC              ppc_recomp.47.cpp
  __imp__sub_823780F0              ppc_recomp.47.cpp
  __imp__sub_823786B0              ppc_recomp.47.cpp
  __imp__sub_82378968              ppc_recomp.47.cpp
  __imp__sub_82378DF0              ppc_recomp.47.cpp
  __imp__sub_82378E7C              ppc_recomp.47.cpp
  __imp__sub_82378E80              ppc_recomp.47.cpp
  __imp__sub_82378F04              ppc_recomp.47.cpp
  __imp__sub_82378F08              ppc_recomp.47.cpp
  __imp__sub_82378F54              ppc_recomp.47.cpp
  __imp__sub_82378F58              ppc_recomp.47.cpp
  __imp__sub_82379244              ppc_recomp.47.cpp
  __imp__sub_82379248              ppc_recomp.47.cpp
  __imp__sub_82379344              ppc_recomp.47.cpp
  __imp__sub_82379348              ppc_recomp.47.cpp
  __imp__sub_823794A8              ppc_recomp.47.cpp
  __imp__sub_82379728              ppc_recomp.47.cpp
  __imp__sub_823799F4              ppc_recomp.47.cpp
  __imp__sub_823799F8              ppc_recomp.47.cpp
  __imp__sub_82379A04              ppc_recomp.47.cpp
  __imp__sub_82379A08              ppc_recomp.47.cpp
  __imp__sub_82379A10              ppc_recomp.47.cpp
  __imp__sub_82379F58              ppc_recomp.47.cpp
  __imp__sub_8237A088              ppc_recomp.47.cpp
  __imp__sub_8237A1D0              ppc_recomp.47.cpp
  __imp__sub_8237A318              ppc_recomp.47.cpp
  __imp__sub_8237A370              ppc_recomp.47.cpp
  __imp__sub_8237A3C8              ppc_recomp.47.cpp
  __imp__sub_8237A418              ppc_recomp.47.cpp
  __imp__sub_8237A468              ppc_recomp.47.cpp
  __imp__sub_8237A51C              ppc_recomp.47.cpp
  __imp__sub_8237A520              ppc_recomp.47.cpp
  __imp__sub_8237A5D4              ppc_recomp.47.cpp
  __imp__sub_8237A5D8              ppc_recomp.47.cpp
  __imp__sub_8237A720              ppc_recomp.47.cpp
  __imp__sub_8237A7EC              ppc_recomp.47.cpp
  __imp__sub_8237A7F0              ppc_recomp.47.cpp
  __imp__sub_8237A948              ppc_recomp.47.cpp
  __imp__sub_8237A9B0              ppc_recomp.47.cpp
  __imp__sub_8237AA6C              ppc_recomp.47.cpp
  __imp__sub_8237AA70              ppc_recomp.47.cpp
  __imp__sub_8237AAB0              ppc_recomp.47.cpp
  __imp__sub_8237AB5C              ppc_recomp.47.cpp
  __imp__sub_8237AB60              ppc_recomp.47.cpp
  __imp__sub_8237AC50              ppc_recomp.47.cpp
  __imp__sub_8237AD28              ppc_recomp.47.cpp
  __imp__sub_8237ADA4              ppc_recomp.47.cpp
  __imp__sub_8237ADA8              ppc_recomp.47.cpp
  __imp__sub_8237ADE8              ppc_recomp.47.cpp
  __imp__sub_8237B068              ppc_recomp.47.cpp
  __imp__sub_8237B090              ppc_recomp.47.cpp
  __imp__sub_8237B09C              ppc_recomp.47.cpp
  __imp__sub_8237B0A0              ppc_recomp.47.cpp
  __imp__sub_8237B0C8              ppc_recomp.47.cpp
  __imp__sub_8237B0D4              ppc_recomp.47.cpp
  __imp__sub_8237B0D8              ppc_recomp.47.cpp
  __imp__sub_8237B10C              ppc_recomp.47.cpp
  __imp__sub_8237B110              ppc_recomp.47.cpp
  __imp__sub_8237B11C              ppc_recomp.47.cpp
  __imp__sub_8237B120              ppc_recomp.47.cpp
  __imp__sub_8237B1AC              ppc_recomp.47.cpp
  __imp__sub_8237B1B0              ppc_recomp.47.cpp
  __imp__sub_8237B1BC              ppc_recomp.47.cpp
  __imp__sub_8237B1C0              ppc_recomp.47.cpp
  __imp__sub_8237B248              ppc_recomp.47.cpp
  __imp__sub_8237B254              ppc_recomp.47.cpp
  __imp__sub_8237B258              ppc_recomp.47.cpp
  __imp__sub_8237B2E0              ppc_recomp.47.cpp
  __imp__sub_8237B2EC              ppc_recomp.47.cpp
  __imp__sub_8237B2F0              ppc_recomp.47.cpp
  __imp__sub_8237B378              ppc_recomp.47.cpp
  __imp__sub_8237B384              ppc_recomp.47.cpp
  __imp__sub_8237B388              ppc_recomp.47.cpp
  __imp__sub_8237B3F0              ppc_recomp.47.cpp
  __imp__sub_8237B3FC              ppc_recomp.47.cpp
  __imp__sub_8237B400              ppc_recomp.47.cpp
  __imp__sub_8237B468              ppc_recomp.47.cpp
  __imp__sub_8237B474              ppc_recomp.47.cpp
  __imp__sub_8237B478              ppc_recomp.47.cpp
  __imp__sub_8237B4E0              ppc_recomp.47.cpp
  __imp__sub_8237B4EC              ppc_recomp.47.cpp
  __imp__sub_8237B4F0              ppc_recomp.47.cpp
  __imp__sub_8237B580              ppc_recomp.47.cpp
  __imp__sub_8237B58C              ppc_recomp.47.cpp
  __imp__sub_8237B590              ppc_recomp.47.cpp
  __imp__sub_8237B5D0              ppc_recomp.47.cpp
  __imp__sub_8237B5FC              ppc_recomp.47.cpp
  __imp__sub_8237B600              ppc_recomp.47.cpp
  __imp__sub_8237B628              ppc_recomp.47.cpp
  __imp__sub_8237B634              ppc_recomp.47.cpp
  __imp__sub_8237B638              ppc_recomp.47.cpp
  __imp__sub_8237B6D8              ppc_recomp.47.cpp
  __imp__sub_8237B758              ppc_recomp.47.cpp
  __imp__sub_8237B7A0              ppc_recomp.47.cpp
  __imp__sub_8237B7A8              ppc_recomp.47.cpp
  __imp__sub_8237B7D0              ppc_recomp.47.cpp
  __imp__sub_8237B7DC              ppc_recomp.47.cpp
  __imp__sub_8237B7E0              ppc_recomp.47.cpp
  __imp__sub_8237B814              ppc_recomp.47.cpp
  __imp__sub_8237B818              ppc_recomp.47.cpp
  __imp__sub_8237B824              ppc_recomp.47.cpp
  __imp__sub_8237B828              ppc_recomp.47.cpp
  __imp__sub_8237B870              ppc_recomp.47.cpp
  __imp__sub_8237B878              ppc_recomp.47.cpp
  __imp__sub_8237B8AC              ppc_recomp.47.cpp
  __imp__sub_8237B8B0              ppc_recomp.47.cpp
  __imp__sub_8237B8BC              ppc_recomp.47.cpp
  __imp__sub_8237B8C0              ppc_recomp.47.cpp
  __imp__sub_8237B8E8              ppc_recomp.47.cpp
  __imp__sub_8237B8F4              ppc_recomp.47.cpp
  __imp__sub_8237B8F8              ppc_recomp.47.cpp
  __imp__sub_8237B92C              ppc_recomp.47.cpp
  __imp__sub_8237B930              ppc_recomp.47.cpp
  __imp__sub_8237B93C              ppc_recomp.47.cpp
  __imp__sub_8237B940              ppc_recomp.47.cpp
  __imp__sub_8237B974              ppc_recomp.47.cpp
  __imp__sub_8237B978              ppc_recomp.47.cpp
  __imp__sub_8237B984              ppc_recomp.47.cpp
  __imp__sub_8237B988              ppc_recomp.47.cpp
  __imp__sub_8237B9B0              ppc_recomp.47.cpp
  __imp__sub_8237B9BC              ppc_recomp.47.cpp
  __imp__sub_8237B9C0              ppc_recomp.47.cpp
  __imp__sub_8237B9E8              ppc_recomp.47.cpp
  __imp__sub_8237B9F4              ppc_recomp.47.cpp
  __imp__sub_8237B9F8              ppc_recomp.47.cpp
  __imp__sub_8237BA2C              ppc_recomp.47.cpp
  __imp__sub_8237BA30              ppc_recomp.47.cpp
  __imp__sub_8237BA3C              ppc_recomp.47.cpp
  __imp__sub_8237BA40              ppc_recomp.47.cpp
  __imp__sub_8237BA74              ppc_recomp.47.cpp
  __imp__sub_8237BA78              ppc_recomp.47.cpp
  __imp__sub_8237BA84              ppc_recomp.47.cpp
  __imp__sub_8237BA88              ppc_recomp.47.cpp
  __imp__sub_8237BAB0              ppc_recomp.47.cpp
  __imp__sub_8237BABC              ppc_recomp.47.cpp
  __imp__sub_8237BAC0              ppc_recomp.47.cpp
  __imp__sub_8237BAE0              ppc_recomp.47.cpp
  __imp__sub_8237BAE8              ppc_recomp.47.cpp
  __imp__sub_8237BB08              ppc_recomp.47.cpp
  __imp__sub_8237BB10              ppc_recomp.47.cpp
  __imp__sub_8237BB30              ppc_recomp.47.cpp
  __imp__sub_8237BB38              ppc_recomp.47.cpp
  __imp__sub_8237BB58              ppc_recomp.47.cpp
  __imp__sub_8237BB60              ppc_recomp.48.cpp
  __imp__sub_8237BB80              ppc_recomp.48.cpp
  __imp__sub_8237BB88              ppc_recomp.48.cpp
  __imp__sub_8237BBA8              ppc_recomp.48.cpp
  __imp__sub_8237BBB0              ppc_recomp.48.cpp
  __imp__sub_8237BBDC              ppc_recomp.48.cpp
  __imp__sub_8237BBE0              ppc_recomp.48.cpp
  __imp__sub_8237BBEC              ppc_recomp.48.cpp
  __imp__sub_8237BBF0              ppc_recomp.48.cpp
  __imp__sub_8237BBF8              ppc_recomp.48.cpp
  __imp__sub_8237BC98              ppc_recomp.48.cpp
  __imp__sub_8237BCB4              ppc_recomp.48.cpp
  __imp__sub_8237BCB8              ppc_recomp.48.cpp
  __imp__sub_8237BD4C              ppc_recomp.48.cpp
  __imp__sub_8237BD50              ppc_recomp.48.cpp
  __imp__sub_8237BD60              ppc_recomp.48.cpp
  __imp__sub_8237BD88              ppc_recomp.48.cpp
  __imp__sub_8237BD94              ppc_recomp.48.cpp
  __imp__sub_8237BD98              ppc_recomp.48.cpp
  __imp__sub_8237BDBC              ppc_recomp.48.cpp
  __imp__sub_8237BDC0              ppc_recomp.48.cpp
  __imp__sub_8237BDC8              ppc_recomp.48.cpp
  __imp__sub_8237BE04              ppc_recomp.48.cpp
  __imp__sub_8237BE08              ppc_recomp.48.cpp
  __imp__sub_8237BE10              ppc_recomp.48.cpp
  __imp__sub_8237BE4C              ppc_recomp.48.cpp
  __imp__sub_8237BE50              ppc_recomp.48.cpp
  __imp__sub_8237BE58              ppc_recomp.48.cpp
  __imp__sub_8237BE94              ppc_recomp.48.cpp
  __imp__sub_8237BE98              ppc_recomp.48.cpp
  __imp__sub_8237BEA0              ppc_recomp.48.cpp
  __imp__sub_8237BEDC              ppc_recomp.48.cpp
  __imp__sub_8237BEE0              ppc_recomp.48.cpp
  __imp__sub_8237BEE8              ppc_recomp.48.cpp
  __imp__sub_8237BEF0              ppc_recomp.48.cpp
  __imp__sub_8237BEF8              ppc_recomp.48.cpp
  __imp__sub_8237BF40              ppc_recomp.48.cpp
  __imp__sub_8237BF50              ppc_recomp.48.cpp
  __imp__sub_8237BF90              ppc_recomp.48.cpp
  __imp__sub_8237BFA0              ppc_recomp.48.cpp
  __imp__sub_8237BFE0              ppc_recomp.48.cpp
  __imp__sub_8237BFF0              ppc_recomp.48.cpp
  __imp__sub_8237C01C              ppc_recomp.48.cpp
  __imp__sub_8237C020              ppc_recomp.48.cpp
  __imp__sub_8237C050              ppc_recomp.48.cpp
  __imp__sub_8237C080              ppc_recomp.48.cpp
  __imp__sub_8237C0B0              ppc_recomp.48.cpp
  __imp__sub_8237C0E0              ppc_recomp.48.cpp
  __imp__sub_8237C110              ppc_recomp.48.cpp
  __imp__sub_8237C140              ppc_recomp.48.cpp
  __imp__sub_8237C168              ppc_recomp.48.cpp
  __imp__sub_8237C194              ppc_recomp.48.cpp
  __imp__sub_8237C198              ppc_recomp.48.cpp
  __imp__sub_8237C1C8              ppc_recomp.48.cpp
  __imp__sub_8237C1F8              ppc_recomp.48.cpp
  __imp__sub_8237C228              ppc_recomp.48.cpp
  __imp__sub_8237C258              ppc_recomp.48.cpp
  __imp__sub_8237C288              ppc_recomp.48.cpp
  __imp__sub_8237C2B8              ppc_recomp.48.cpp
  __imp__sub_8237C2E0              ppc_recomp.48.cpp
  __imp__sub_8237C2EC              ppc_recomp.48.cpp
  __imp__sub_8237C2F0              ppc_recomp.48.cpp
  __imp__sub_8237C2FC              ppc_recomp.48.cpp
  __imp__sub_8237C300              ppc_recomp.48.cpp
  __imp__sub_8237C30C              ppc_recomp.48.cpp
  __imp__sub_8237C310              ppc_recomp.48.cpp
  __imp__sub_8237C31C              ppc_recomp.48.cpp
  __imp__sub_8237C320              ppc_recomp.48.cpp
  __imp__sub_8237C32C              ppc_recomp.48.cpp
  __imp__sub_8237C330              ppc_recomp.48.cpp
  __imp__sub_8237C33C              ppc_recomp.48.cpp
  __imp__sub_8237C340              ppc_recomp.48.cpp
  __imp__sub_8237C34C              ppc_recomp.48.cpp
  __imp__sub_8237C350              ppc_recomp.48.cpp
  __imp__sub_8237C35C              ppc_recomp.48.cpp
  __imp__sub_8237C360              ppc_recomp.48.cpp
  __imp__sub_8237C36C              ppc_recomp.48.cpp
  __imp__sub_8237C370              ppc_recomp.48.cpp
  __imp__sub_8237C37C              ppc_recomp.48.cpp
  __imp__sub_8237C380              ppc_recomp.48.cpp
  __imp__sub_8237C394              ppc_recomp.48.cpp
  __imp__sub_8237C398              ppc_recomp.48.cpp
  __imp__sub_8237C3A0              ppc_recomp.48.cpp
  __imp__sub_8237C3F0              ppc_recomp.48.cpp
  __imp__sub_8237C3FC              ppc_recomp.48.cpp
  __imp__sub_8237C400              ppc_recomp.48.cpp
  __imp__sub_8237C4AC              ppc_recomp.48.cpp
  __imp__sub_8237C4B0              ppc_recomp.48.cpp
  __imp__sub_8237C4B8              ppc_recomp.48.cpp
  __imp__sub_8237C564              ppc_recomp.48.cpp
  __imp__sub_8237C568              ppc_recomp.48.cpp
  __imp__sub_8237C570              ppc_recomp.48.cpp
  __imp__sub_8237C61C              ppc_recomp.48.cpp
  __imp__sub_8237C620              ppc_recomp.48.cpp
  __imp__sub_8237C628              ppc_recomp.48.cpp
  __imp__sub_8237C6D4              ppc_recomp.48.cpp
  __imp__sub_8237C6D8              ppc_recomp.48.cpp
  __imp__sub_8237C6E0              ppc_recomp.48.cpp
  __imp__sub_8237C700              ppc_recomp.48.cpp
  __imp__sub_8237C710              ppc_recomp.48.cpp
  __imp__sub_8237C730              ppc_recomp.48.cpp
  __imp__sub_8237C740              ppc_recomp.48.cpp
  __imp__sub_8237C760              ppc_recomp.48.cpp
  __imp__sub_8237C76C              ppc_recomp.48.cpp
  __imp__sub_8237C770              ppc_recomp.48.cpp
  __imp__sub_8237C798              ppc_recomp.48.cpp
  __imp__sub_8237C7A4              ppc_recomp.48.cpp
  __imp__sub_8237C7A8              ppc_recomp.48.cpp
  __imp__sub_8237C7D0              ppc_recomp.48.cpp
  __imp__sub_8237C7DC              ppc_recomp.48.cpp
  __imp__sub_8237C7E0              ppc_recomp.48.cpp
  __imp__sub_8237C800              ppc_recomp.48.cpp
  __imp__sub_8237C808              ppc_recomp.48.cpp
  __imp__sub_8237C830              ppc_recomp.48.cpp
  __imp__sub_8237C83C              ppc_recomp.48.cpp
  __imp__sub_8237C840              ppc_recomp.48.cpp
  __imp__sub_8237C868              ppc_recomp.48.cpp
  __imp__sub_8237C87C              ppc_recomp.48.cpp
  __imp__sub_8237C880              ppc_recomp.48.cpp
  __imp__sub_8237C8A8              ppc_recomp.48.cpp
  __imp__sub_8237C8B0              ppc_recomp.48.cpp
  __imp__sub_8237C8D8              ppc_recomp.48.cpp
  __imp__sub_8237C8E0              ppc_recomp.48.cpp
  __imp__sub_8237C908              ppc_recomp.48.cpp
  __imp__sub_8237C910              ppc_recomp.48.cpp
  __imp__sub_8237C938              ppc_recomp.48.cpp
  __imp__sub_8237C940              ppc_recomp.48.cpp
  __imp__sub_8237C968              ppc_recomp.48.cpp
  __imp__sub_8237C974              ppc_recomp.48.cpp
  __imp__sub_8237C978              ppc_recomp.48.cpp
  __imp__sub_8237C9A0              ppc_recomp.48.cpp
  __imp__sub_8237C9AC              ppc_recomp.48.cpp
  __imp__sub_8237C9B0              ppc_recomp.48.cpp
  __imp__sub_8237C9D8              ppc_recomp.48.cpp
  __imp__sub_8237C9E4              ppc_recomp.48.cpp
  __imp__sub_8237C9E8              ppc_recomp.48.cpp
  __imp__sub_8237CA08              ppc_recomp.48.cpp
  __imp__sub_8237CA10              ppc_recomp.48.cpp
  __imp__sub_8237CA18              ppc_recomp.48.cpp
  __imp__sub_8237CA20              ppc_recomp.48.cpp
  __imp__sub_8237CA30              ppc_recomp.48.cpp
  __imp__sub_8237CA3C              ppc_recomp.48.cpp
  __imp__sub_8237CA40              ppc_recomp.48.cpp
  __imp__sub_8237CB00              ppc_recomp.48.cpp
  __imp__sub_8237CB34              ppc_recomp.48.cpp
  __imp__sub_8237CB38              ppc_recomp.48.cpp
  __imp__sub_8237CBC0              ppc_recomp.48.cpp
  __imp__sub_8237CBD0              ppc_recomp.48.cpp
  __imp__sub_8237CC90              ppc_recomp.48.cpp
  __imp__sub_8237CCC4              ppc_recomp.48.cpp
  __imp__sub_8237CCC8              ppc_recomp.48.cpp
  __imp__sub_8237CD4C              ppc_recomp.48.cpp
  __imp__sub_8237CD50              ppc_recomp.48.cpp
  __imp__sub_8237CD60              ppc_recomp.48.cpp
  __imp__sub_8237CD9C              ppc_recomp.48.cpp
  __imp__sub_8237CDA0              ppc_recomp.48.cpp
  __imp__sub_8237CDB4              ppc_recomp.48.cpp
  __imp__sub_8237CDB8              ppc_recomp.48.cpp
  __imp__sub_8237CE40              ppc_recomp.48.cpp
  __imp__sub_8237CE50              ppc_recomp.48.cpp
  __imp__sub_8237CEB8              ppc_recomp.48.cpp
  __imp__sub_8237CEC4              ppc_recomp.48.cpp
  __imp__sub_8237CEC8              ppc_recomp.48.cpp
  __imp__sub_8237CF28              ppc_recomp.48.cpp
  __imp__sub_8237CF6C              ppc_recomp.48.cpp
  __imp__sub_8237CF70              ppc_recomp.48.cpp
  __imp__sub_8237CFD0              ppc_recomp.48.cpp
  __imp__sub_8237D010              ppc_recomp.48.cpp
  __imp__sub_8237D080              ppc_recomp.48.cpp
  __imp__sub_8237D090              ppc_recomp.48.cpp
  __imp__sub_8237D100              ppc_recomp.48.cpp
  __imp__sub_8237D110              ppc_recomp.48.cpp
  __imp__sub_8237D160              ppc_recomp.48.cpp
  __imp__sub_8237D180              ppc_recomp.48.cpp
  __imp__sub_8237D1B8              ppc_recomp.48.cpp
  __imp__sub_8237D1D0              ppc_recomp.48.cpp
  __imp__sub_8237D208              ppc_recomp.48.cpp
  __imp__sub_8237D220              ppc_recomp.48.cpp
  __imp__sub_8237D258              ppc_recomp.48.cpp
  __imp__sub_8237D270              ppc_recomp.48.cpp
  __imp__sub_8237D2B0              ppc_recomp.48.cpp
  __imp__sub_8237D2C8              ppc_recomp.48.cpp
  __imp__sub_8237D308              ppc_recomp.48.cpp
  __imp__sub_8237D320              ppc_recomp.48.cpp
  __imp__sub_8237D360              ppc_recomp.48.cpp
  __imp__sub_8237D378              ppc_recomp.48.cpp
  __imp__sub_8237D3B8              ppc_recomp.48.cpp
  __imp__sub_8237D3D0              ppc_recomp.48.cpp
  __imp__sub_8237D418              ppc_recomp.48.cpp
  __imp__sub_8237D430              ppc_recomp.48.cpp
  __imp__sub_8237D4F8              ppc_recomp.48.cpp
  __imp__sub_8237D520              ppc_recomp.48.cpp
  __imp__sub_8237D768              ppc_recomp.48.cpp
  __imp__sub_8237D998              ppc_recomp.48.cpp
  __imp__sub_8237DA28              ppc_recomp.48.cpp
  __imp__sub_8237DAB8              ppc_recomp.48.cpp
  __imp__sub_8237DB88              ppc_recomp.48.cpp
  __imp__sub_8237DBE8              ppc_recomp.48.cpp
  __imp__sub_8237DCF8              ppc_recomp.48.cpp
  __imp__sub_8237DDC0              ppc_recomp.48.cpp
  __imp__sub_8237DDD0              ppc_recomp.48.cpp
  __imp__sub_8237E138              ppc_recomp.48.cpp
  __imp__sub_8237E308              ppc_recomp.48.cpp
  __imp__sub_8237E310              ppc_recomp.48.cpp
  __imp__sub_8237E3A8              ppc_recomp.48.cpp
  __imp__sub_8237E3D0              ppc_recomp.48.cpp
  __imp__sub_8237E3E8              ppc_recomp.48.cpp
  __imp__sub_8237E458              ppc_recomp.48.cpp
  __imp__sub_8237E4F0              ppc_recomp.48.cpp
  __imp__sub_8237E578              ppc_recomp.48.cpp
  __imp__sub_8237E600              ppc_recomp.48.cpp
  __imp__sub_8237E710              ppc_recomp.48.cpp
  __imp__sub_8237EA88              ppc_recomp.48.cpp
  __imp__sub_8237EC48              ppc_recomp.48.cpp
  __imp__sub_8237EDA0              ppc_recomp.48.cpp
  __imp__sub_8237F160              ppc_recomp.48.cpp
  __imp__sub_8237F298              ppc_recomp.49.cpp
  __imp__sub_8237F738              ppc_recomp.49.cpp
  __imp__sub_8237F830              ppc_recomp.49.cpp
  __imp__sub_8237F968              ppc_recomp.49.cpp
  __imp__sub_8237FC38              ppc_recomp.49.cpp
  __imp__sub_8237FCF0              ppc_recomp.49.cpp
  __imp__sub_8237FD08              ppc_recomp.49.cpp
  __imp__sub_8237FDB8              ppc_recomp.49.cpp
  __imp__sub_8237FE78              ppc_recomp.49.cpp
  __imp__sub_8237FF98              ppc_recomp.49.cpp
  __imp__sub_823802F8              ppc_recomp.49.cpp
  __imp__sub_82380388              ppc_recomp.49.cpp
  __imp__sub_823804E0              ppc_recomp.49.cpp
  __imp__sub_82380780              ppc_recomp.49.cpp
  __imp__sub_82380CE8              ppc_recomp.49.cpp
  __imp__sub_82381108              ppc_recomp.49.cpp
  __imp__sub_82381838              ppc_recomp.49.cpp
  __imp__sub_82381920              ppc_recomp.49.cpp
  __imp__sub_823819D0              ppc_recomp.49.cpp
  __imp__sub_82381A98              ppc_recomp.49.cpp
  __imp__sub_82381B00              ppc_recomp.49.cpp
  __imp__sub_82381B70              ppc_recomp.49.cpp
  __imp__sub_82381BC8              ppc_recomp.49.cpp
  __imp__sub_82381CE0              ppc_recomp.49.cpp
  __imp__sub_82381D38              ppc_recomp.49.cpp
  __imp__sub_82381DC8              ppc_recomp.49.cpp
  __imp__sub_82381E68              ppc_recomp.49.cpp
  __imp__sub_82381F30              ppc_recomp.49.cpp
  __imp__sub_82382138              ppc_recomp.49.cpp
  __imp__sub_82382200              ppc_recomp.49.cpp
  __imp__sub_823823E0              ppc_recomp.49.cpp
  __imp__sub_82382578              ppc_recomp.49.cpp
  __imp__sub_82382650              ppc_recomp.49.cpp
  __imp__sub_82382710              ppc_recomp.49.cpp
  __imp__sub_82382798              ppc_recomp.49.cpp
  __imp__sub_82382880              ppc_recomp.49.cpp
  __imp__sub_823829A0              ppc_recomp.49.cpp
  __imp__sub_82382AB8              ppc_recomp.49.cpp
  __imp__sub_82382BC8              ppc_recomp.49.cpp
  __imp__sub_82382D00              ppc_recomp.49.cpp
  __imp__sub_82382E40              ppc_recomp.49.cpp
  __imp__sub_82382F28              ppc_recomp.49.cpp
  __imp__sub_82382FC0              ppc_recomp.49.cpp
  __imp__sub_82383028              ppc_recomp.49.cpp
  __imp__sub_82383090              ppc_recomp.49.cpp
  __imp__sub_82383160              ppc_recomp.49.cpp
  __imp__sub_82383E68              ppc_recomp.49.cpp
  __imp__sub_82383ED0              ppc_recomp.49.cpp
  __imp__sub_82383F80              ppc_recomp.49.cpp
  __imp__sub_823840E0              ppc_recomp.49.cpp
  __imp__sub_82384300              ppc_recomp.49.cpp
  __imp__sub_823843E8              ppc_recomp.49.cpp
  __imp__sub_823844D0              ppc_recomp.49.cpp
  __imp__sub_82384580              ppc_recomp.49.cpp
  __imp__sub_823845F0              ppc_recomp.49.cpp
  __imp__sub_82384600              ppc_recomp.49.cpp
  __imp__sub_823846B0              ppc_recomp.49.cpp
  __imp__sub_82384718              ppc_recomp.49.cpp
  __imp__sub_82384988              ppc_recomp.49.cpp
  __imp__sub_823849F0              ppc_recomp.49.cpp
  __imp__sub_82384AF0              ppc_recomp.49.cpp
  __imp__sub_82384BE0              ppc_recomp.49.cpp
  __imp__sub_82385218              ppc_recomp.49.cpp
  __imp__sub_82385288              ppc_recomp.49.cpp
  __imp__sub_82385298              ppc_recomp.49.cpp
  __imp__sub_82385390              ppc_recomp.49.cpp
  __imp__sub_82385428              ppc_recomp.49.cpp
  __imp__sub_82385A30              ppc_recomp.49.cpp
  __imp__sub_82385A48              ppc_recomp.49.cpp
  __imp__sub_82387080              ppc_recomp.49.cpp
  __imp__sub_823870E8              ppc_recomp.49.cpp
  __imp__sub_82387150              ppc_recomp.49.cpp
  __imp__sub_823871A0              ppc_recomp.49.cpp
  __imp__sub_82387248              ppc_recomp.49.cpp
  __imp__sub_823872B0              ppc_recomp.49.cpp
  __imp__sub_823873D8              ppc_recomp.49.cpp
  __imp__sub_82387728              ppc_recomp.49.cpp
  __imp__sub_82387810              ppc_recomp.49.cpp
  __imp__sub_82387920              ppc_recomp.49.cpp
  __imp__sub_823886F0              ppc_recomp.49.cpp
  __imp__sub_82388708              ppc_recomp.49.cpp
  __imp__sub_823887B0              ppc_recomp.49.cpp
  __imp__sub_82388838              ppc_recomp.49.cpp
  __imp__sub_82388918              ppc_recomp.49.cpp
  __imp__sub_823889E8              ppc_recomp.49.cpp
  __imp__sub_82388B58              ppc_recomp.49.cpp
  __imp__sub_82389278              ppc_recomp.49.cpp
  __imp__sub_82389318              ppc_recomp.49.cpp
  __imp__sub_82389368              ppc_recomp.49.cpp
  __imp__sub_82389420              ppc_recomp.49.cpp
  __imp__sub_823894D0              ppc_recomp.49.cpp
  __imp__sub_82389638              ppc_recomp.49.cpp
  __imp__sub_82389780              ppc_recomp.49.cpp
  __imp__sub_82389860              ppc_recomp.49.cpp
  __imp__sub_82389950              ppc_recomp.49.cpp
  __imp__sub_823899A0              ppc_recomp.49.cpp
  __imp__sub_82389A08              ppc_recomp.49.cpp
  __imp__sub_82389AE8              ppc_recomp.49.cpp
  __imp__sub_82389C20              ppc_recomp.49.cpp
  __imp__sub_82389C70              ppc_recomp.49.cpp
  __imp__sub_82389DE8              ppc_recomp.49.cpp
  __imp__sub_8238A090              ppc_recomp.49.cpp
  __imp__sub_8238A100              ppc_recomp.49.cpp
  __imp__sub_8238A1B0              ppc_recomp.49.cpp
  __imp__sub_8238A268              ppc_recomp.49.cpp
  __imp__sub_8238A328              ppc_recomp.49.cpp
  __imp__sub_8238A460              ppc_recomp.49.cpp
  __imp__sub_8238A588              ppc_recomp.49.cpp
  __imp__sub_8238A670              ppc_recomp.49.cpp
  __imp__sub_8238A6A8              ppc_recomp.49.cpp
  __imp__sub_8238AC88              ppc_recomp.49.cpp
  __imp__sub_8238ADA8              ppc_recomp.49.cpp
  __imp__sub_8238AE98              ppc_recomp.49.cpp
  __imp__sub_8238AF30              ppc_recomp.49.cpp
  __imp__sub_8238B0F0              ppc_recomp.49.cpp
  __imp__sub_8238B6C0              ppc_recomp.49.cpp
  __imp__sub_8238B8E0              ppc_recomp.49.cpp
  __imp__sub_8238B950              ppc_recomp.49.cpp
  __imp__sub_8238BA50              ppc_recomp.49.cpp
  __imp__sub_8238BA80              ppc_recomp.49.cpp
  __imp__sub_8238BB80              ppc_recomp.49.cpp
  __imp__sub_8238C040              ppc_recomp.49.cpp
  __imp__sub_8238C0B0              ppc_recomp.49.cpp
  __imp__sub_8238C2F0              ppc_recomp.49.cpp
  __imp__sub_8238C4B0              ppc_recomp.49.cpp
  __imp__sub_8238C5A8              ppc_recomp.49.cpp
  __imp__sub_8238C638              ppc_recomp.49.cpp
  __imp__sub_8238C8D8              ppc_recomp.49.cpp
  __imp__sub_8238C938              ppc_recomp.49.cpp
  __imp__sub_8238C948              ppc_recomp.49.cpp
  __imp__sub_8238C960              ppc_recomp.49.cpp
  __imp__sub_8238C9E0              ppc_recomp.49.cpp
  __imp__sub_8238CA98              ppc_recomp.49.cpp
  __imp__sub_8238CC08              ppc_recomp.49.cpp
  __imp__sub_8238CD08              ppc_recomp.49.cpp
  __imp__sub_8238CD28              ppc_recomp.49.cpp
  __imp__sub_8238CE28              ppc_recomp.49.cpp
  __imp__sub_8238CE70              ppc_recomp.50.cpp
  __imp__sub_8238CEE8              ppc_recomp.50.cpp
  __imp__sub_8238CF38              ppc_recomp.50.cpp
  __imp__sub_8238D088              ppc_recomp.50.cpp
  __imp__sub_8238D240              ppc_recomp.50.cpp
  __imp__sub_8238D2D8              ppc_recomp.50.cpp
  __imp__sub_8238D330              ppc_recomp.50.cpp
  __imp__sub_8238D410              ppc_recomp.50.cpp
  __imp__sub_8238D628              ppc_recomp.50.cpp
  __imp__sub_8238D898              ppc_recomp.50.cpp
  __imp__sub_8238D8F0              ppc_recomp.50.cpp
  __imp__sub_8238D9B0              ppc_recomp.50.cpp
  __imp__sub_8238DA90              ppc_recomp.50.cpp
  __imp__sub_8238DB18              ppc_recomp.50.cpp
  __imp__sub_8238DC60              ppc_recomp.50.cpp
  __imp__sub_8238DCF0              ppc_recomp.50.cpp
  __imp__sub_8238DF38              ppc_recomp.50.cpp
  __imp__sub_8238E168              ppc_recomp.50.cpp
  __imp__sub_8238E590              ppc_recomp.50.cpp
  __imp__sub_8238E738              ppc_recomp.50.cpp
  __imp__sub_8238E910              ppc_recomp.50.cpp
  __imp__sub_8238E9F8              ppc_recomp.50.cpp
  __imp__sub_8238EB30              ppc_recomp.50.cpp
  __imp__sub_8238EBA8              ppc_recomp.50.cpp
  __imp__sub_8238EC18              ppc_recomp.50.cpp
  __imp__sub_8238ECB0              ppc_recomp.50.cpp
  __imp__sub_8238EDB0              ppc_recomp.50.cpp
  __imp__sub_8238EFD8              ppc_recomp.50.cpp
  __imp__sub_8238F060              ppc_recomp.50.cpp
  __imp__sub_8238F4B8              ppc_recomp.50.cpp
  __imp__sub_8238F630              ppc_recomp.50.cpp
  __imp__sub_8238F698              ppc_recomp.50.cpp
  __imp__sub_8238F6F0              ppc_recomp.50.cpp
  __imp__sub_8238F7F0              ppc_recomp.50.cpp
  __imp__sub_8238F8F0              ppc_recomp.50.cpp
  __imp__sub_8238FD58              ppc_recomp.50.cpp
  __imp__sub_82390048              ppc_recomp.50.cpp
  __imp__sub_823905C8              ppc_recomp.50.cpp
  __imp__sub_82390838              ppc_recomp.50.cpp
  __imp__sub_823908B0              ppc_recomp.50.cpp
  __imp__sub_82390938              ppc_recomp.50.cpp
  __imp__sub_82391498              ppc_recomp.50.cpp
  __imp__sub_823916F0              ppc_recomp.50.cpp
  __imp__sub_823917F0              ppc_recomp.50.cpp
  __imp__sub_82391850              ppc_recomp.50.cpp
  __imp__sub_823918B0              ppc_recomp.50.cpp
  __imp__sub_82391F88              ppc_recomp.50.cpp
  __imp__sub_823923B0              ppc_recomp.50.cpp
  __imp__sub_82392710              ppc_recomp.50.cpp
  __imp__sub_823931E8              ppc_recomp.50.cpp
  __imp__sub_823932A8              ppc_recomp.50.cpp
  __imp__sub_82393368              ppc_recomp.50.cpp
  __imp__sub_82396380              ppc_recomp.50.cpp
  __imp__sub_82396C30              ppc_recomp.50.cpp
  __imp__sub_82397488              ppc_recomp.50.cpp
  __imp__sub_82397850              ppc_recomp.50.cpp
  __imp__sub_82398E80              ppc_recomp.50.cpp
  __imp__sub_82398EE8              ppc_recomp.50.cpp
  __imp__sub_823990E8              ppc_recomp.50.cpp
  __imp__sub_82399158              ppc_recomp.50.cpp
  __imp__sub_823991C0              ppc_recomp.50.cpp
  __imp__sub_82399268              ppc_recomp.50.cpp
  __imp__sub_82399560              ppc_recomp.50.cpp
  __imp__sub_82399940              ppc_recomp.50.cpp
  __imp__sub_82399B00              ppc_recomp.50.cpp
  __imp__sub_82399EE0              ppc_recomp.50.cpp
  __imp__sub_8239A0C0              ppc_recomp.50.cpp
  __imp__sub_8239A9B0              ppc_recomp.50.cpp
  __imp__sub_8239AB08              ppc_recomp.50.cpp
  __imp__sub_8239AE60              ppc_recomp.50.cpp
  __imp__sub_8239B150              ppc_recomp.50.cpp
  __imp__sub_8239B158              ppc_recomp.50.cpp
  __imp__sub_8239B2E8              ppc_recomp.50.cpp
  __imp__sub_8239B518              ppc_recomp.50.cpp
  __imp__sub_8239E1C8              ppc_recomp.50.cpp
  __imp__sub_8239E210              ppc_recomp.50.cpp
  __imp__sub_8239E280              ppc_recomp.50.cpp
  __imp__sub_8239E2F0              ppc_recomp.50.cpp
  __imp__sub_8239E3E8              ppc_recomp.50.cpp
  __imp__sub_8239E3F0              ppc_recomp.50.cpp
  __imp__sub_8239E440              ppc_recomp.50.cpp
  __imp__sub_8239E4C0              ppc_recomp.50.cpp
  __imp__sub_8239E540              ppc_recomp.50.cpp
  __imp__sub_8239E5D0              ppc_recomp.50.cpp
  __imp__sub_8239E8F8              ppc_recomp.50.cpp
  __imp__sub_8239E9B8              ppc_recomp.50.cpp
  __imp__sub_8239EA50              ppc_recomp.50.cpp
  __imp__sub_8239EAE8              ppc_recomp.50.cpp
  __imp__sub_8239EC80              ppc_recomp.50.cpp
  __imp__sub_8239EDD0              ppc_recomp.50.cpp
  __imp__sub_8239EED8              ppc_recomp.50.cpp
  __imp__sub_8239EF58              ppc_recomp.50.cpp
  __imp__sub_8239F020              ppc_recomp.50.cpp
  __imp__sub_8239F028              ppc_recomp.50.cpp
  __imp__sub_8239F078              ppc_recomp.50.cpp
  __imp__sub_8239F0C0              ppc_recomp.50.cpp
  __imp__sub_8239F110              ppc_recomp.50.cpp
  __imp__sub_8239F118              ppc_recomp.50.cpp
  __imp__sub_8239F128              ppc_recomp.50.cpp
  __imp__sub_8239F138              ppc_recomp.50.cpp
  __imp__sub_8239F1B0              ppc_recomp.50.cpp
  __imp__sub_8239F228              ppc_recomp.50.cpp
  __imp__sub_8239F2D0              ppc_recomp.50.cpp
  __imp__sub_8239F378              ppc_recomp.50.cpp
  __imp__sub_8239F3E8              ppc_recomp.50.cpp
  __imp__sub_8239F450              ppc_recomp.50.cpp
  __imp__sub_8239F590              ppc_recomp.50.cpp
  __imp__sub_8239F6D0              ppc_recomp.50.cpp
  __imp__sub_8239F9A0              ppc_recomp.50.cpp
  __imp__sub_8239FB48              ppc_recomp.50.cpp
  __imp__sub_8239FBA0              ppc_recomp.50.cpp
  __imp__sub_8239FBF0              ppc_recomp.50.cpp
  __imp__sub_8239FC40              ppc_recomp.50.cpp
  __imp__sub_8239FCB0              ppc_recomp.50.cpp
  __imp__sub_8239FDF0              ppc_recomp.50.cpp
  __imp__sub_823A09A0              ppc_recomp.51.cpp
  __imp__sub_823A09C0              ppc_recomp.51.cpp
  __imp__sub_823A0AA8              ppc_recomp.51.cpp
  __imp__sub_823A0B60              ppc_recomp.51.cpp
  __imp__sub_823A0BE0              ppc_recomp.51.cpp
  __imp__sub_823A0D60              ppc_recomp.51.cpp
  __imp__sub_823A0E30              ppc_recomp.51.cpp
  __imp__sub_823A0F50              ppc_recomp.51.cpp
  __imp__sub_823A0FD8              ppc_recomp.51.cpp
  __imp__sub_823A1060              ppc_recomp.51.cpp
  __imp__sub_823A1100              ppc_recomp.51.cpp
  __imp__sub_823A1350              ppc_recomp.51.cpp
  __imp__sub_823A1AC8              ppc_recomp.51.cpp
  __imp__sub_823A1C18              ppc_recomp.51.cpp
  __imp__sub_823A21A0              ppc_recomp.51.cpp
  __imp__sub_823A23B0              ppc_recomp.51.cpp
  __imp__sub_823A2570              ppc_recomp.51.cpp
  __imp__sub_823A2700              ppc_recomp.51.cpp
  __imp__sub_823A2838              ppc_recomp.51.cpp
  __imp__sub_823A29D8              ppc_recomp.51.cpp
  __imp__sub_823A2BB0              ppc_recomp.51.cpp
  __imp__sub_823A2D38              ppc_recomp.51.cpp
  __imp__sub_823A2FE8              ppc_recomp.51.cpp
  __imp__sub_823A3520              ppc_recomp.51.cpp
  __imp__sub_823A3A08              ppc_recomp.51.cpp
  __imp__sub_823A3AF0              ppc_recomp.51.cpp
  __imp__sub_823A3B08              ppc_recomp.51.cpp
  __imp__sub_823A3B88              ppc_recomp.51.cpp
  __imp__sub_823A3BF0              ppc_recomp.51.cpp
  __imp__sub_823A3CA8              ppc_recomp.51.cpp
  __imp__sub_823A3D40              ppc_recomp.51.cpp
  __imp__sub_823A3E00              ppc_recomp.51.cpp
  __imp__sub_823A3EA8              ppc_recomp.51.cpp
  __imp__sub_823A3F60              ppc_recomp.51.cpp
  __imp__sub_823A3FF8              ppc_recomp.51.cpp
  __imp__sub_823A4BC8              ppc_recomp.51.cpp
  __imp__sub_823A4C28              ppc_recomp.51.cpp
  __imp__sub_823A4CB0              ppc_recomp.51.cpp
  __imp__sub_823A4D30              ppc_recomp.51.cpp
  __imp__sub_823A4DF0              ppc_recomp.51.cpp
  __imp__sub_823A51C0              ppc_recomp.51.cpp
  __imp__sub_823A52E0              ppc_recomp.51.cpp
  __imp__sub_823A5B20              ppc_recomp.51.cpp
  __imp__sub_823A5C28              ppc_recomp.51.cpp
  __imp__sub_823A5C90              ppc_recomp.51.cpp
  __imp__sub_823A5EF0              ppc_recomp.51.cpp
  __imp__sub_823A5FE8              ppc_recomp.51.cpp
  __imp__sub_823A60E0              ppc_recomp.51.cpp
  __imp__sub_823A6278              ppc_recomp.51.cpp
  __imp__sub_823A63C8              ppc_recomp.51.cpp
  __imp__sub_823A6638              ppc_recomp.51.cpp
  __imp__sub_823A6878              ppc_recomp.51.cpp
  __imp__sub_823A6D70              ppc_recomp.51.cpp
  __imp__sub_823A7248              ppc_recomp.51.cpp
  __imp__sub_823A7380              ppc_recomp.51.cpp
  __imp__sub_823A7728              ppc_recomp.51.cpp
  __imp__sub_823A7C98              ppc_recomp.51.cpp
  __imp__sub_823A7F98              ppc_recomp.51.cpp
  __imp__sub_823A8020              ppc_recomp.51.cpp
  __imp__sub_823A87C0              ppc_recomp.51.cpp
  __imp__sub_823A8EB0              ppc_recomp.51.cpp
  __imp__sub_823AC5A0              ppc_recomp.51.cpp
  __imp__sub_823ACDB0              ppc_recomp.51.cpp
  __imp__sub_823AD690              ppc_recomp.51.cpp
  __imp__sub_823AD960              ppc_recomp.51.cpp
  __imp__sub_823ADDB8              ppc_recomp.51.cpp
  __imp__sub_823AE1E8              ppc_recomp.51.cpp
  __imp__sub_823AE338              ppc_recomp.51.cpp
  __imp__sub_823AE470              ppc_recomp.51.cpp
  __imp__sub_823AE540              ppc_recomp.51.cpp
  __imp__sub_823AE588              ppc_recomp.51.cpp
  __imp__sub_823AE5D0              ppc_recomp.51.cpp
  __imp__sub_823AE608              ppc_recomp.51.cpp
  __imp__sub_823AE640              ppc_recomp.51.cpp
  __imp__sub_823AEBA8              ppc_recomp.51.cpp
  __imp__sub_823AECE8              ppc_recomp.51.cpp
  __imp__sub_823AF018              ppc_recomp.51.cpp
  __imp__sub_823AF2B0              ppc_recomp.51.cpp
  __imp__sub_823AF378              ppc_recomp.51.cpp
  __imp__sub_823B78B0              ppc_recomp.52.cpp
  __imp__sub_823B82A0              ppc_recomp.52.cpp
  __imp__sub_823B8F78              ppc_recomp.52.cpp
  __imp__sub_823B9B18              ppc_recomp.52.cpp
  __imp__sub_823B9BC0              ppc_recomp.52.cpp
  __imp__sub_823B9EB0              ppc_recomp.52.cpp
  __imp__sub_823BA350              ppc_recomp.52.cpp
  __imp__sub_823BAD58              ppc_recomp.52.cpp
  __imp__sub_823BB010              ppc_recomp.52.cpp
  __imp__sub_823BB0A8              ppc_recomp.52.cpp
  __imp__sub_823BB2D0              ppc_recomp.52.cpp
  __imp__sub_823BB420              ppc_recomp.52.cpp
  __imp__sub_823BB598              ppc_recomp.52.cpp
  __imp__sub_823BBB98              ppc_recomp.52.cpp
  __imp__sub_823BBBF8              ppc_recomp.52.cpp
  __imp__sub_823BBC50              ppc_recomp.52.cpp
  __imp__sub_823BBCA8              ppc_recomp.52.cpp
  __imp__sub_823BBCF0              ppc_recomp.52.cpp
  __imp__sub_823BBD38              ppc_recomp.52.cpp
  __imp__sub_823BBDC0              ppc_recomp.52.cpp
  __imp__sub_823BBE80              ppc_recomp.52.cpp
  __imp__sub_823BBE98              ppc_recomp.52.cpp
  __imp__sub_823BBEB0              ppc_recomp.52.cpp
  __imp__sub_823BBEC8              ppc_recomp.52.cpp
  __imp__sub_823BF500              ppc_recomp.52.cpp
  __imp__sub_823BF7A0              ppc_recomp.52.cpp
  __imp__sub_823BF980              ppc_recomp.52.cpp
  __imp__sub_823BFAD0              ppc_recomp.52.cpp
  __imp__sub_823C62C0              ppc_recomp.52.cpp
  __imp__sub_823C6700              ppc_recomp.52.cpp
  __imp__sub_823C6800              ppc_recomp.52.cpp
  __imp__sub_823C68F8              ppc_recomp.52.cpp
  __imp__sub_823C69B0              ppc_recomp.52.cpp
  __imp__sub_823C6AA8              ppc_recomp.52.cpp
  __imp__sub_823DE028              ppc_recomp.54.cpp
  __imp__sub_823EE808              ppc_recomp.55.cpp
  __imp__sub_823FCD70              ppc_recomp.55.cpp
  __imp__sub_823FCD88              ppc_recomp.55.cpp
  __imp__sub_823FCDA0              ppc_recomp.55.cpp
  __imp__sub_823FCDA8              ppc_recomp.55.cpp
  __imp__sub_823FCDC8              ppc_recomp.55.cpp
  __imp__sub_823FCE20              ppc_recomp.55.cpp
  __imp__sub_823FCE58              ppc_recomp.55.cpp
  __imp__sub_823FCF68              ppc_recomp.55.cpp
  __imp__sub_823FCFD0              ppc_recomp.55.cpp
  __imp__sub_823FD0D8              ppc_recomp.55.cpp
  __imp__sub_823FD358              ppc_recomp.56.cpp
  __imp__sub_823FD618              ppc_recomp.56.cpp
  __imp__sub_823FD620              ppc_recomp.56.cpp
  __imp__sub_823FD880              ppc_recomp.56.cpp
  __imp__sub_823FD8E8              ppc_recomp.56.cpp
  __imp__sub_823FDA70              ppc_recomp.56.cpp
  __imp__sub_823FDB80              ppc_recomp.56.cpp
  __imp__sub_823FDB88              ppc_recomp.56.cpp
  __imp__sub_823FDF00              ppc_recomp.56.cpp
  __imp__sub_823FE110              ppc_recomp.56.cpp
  __imp__sub_823FF2C8              ppc_recomp.56.cpp
  __imp__sub_823FF370              ppc_recomp.56.cpp
  __imp__sub_823FF7A8              ppc_recomp.56.cpp
  __imp__sub_823FF990              ppc_recomp.56.cpp
  __imp__sub_823FFA18              ppc_recomp.56.cpp
  __imp__sub_823FFB88              ppc_recomp.56.cpp
  __imp__sub_823FFD60              ppc_recomp.56.cpp
  __imp__sub_823FFF60              ppc_recomp.56.cpp
  __imp__sub_82400230              ppc_recomp.56.cpp
  __imp__sub_824003C0              ppc_recomp.56.cpp
  __imp__sub_82400510              ppc_recomp.56.cpp
  __imp__sub_82400E20              ppc_recomp.56.cpp
  __imp__sub_82400E88              ppc_recomp.56.cpp
  __imp__sub_824015C0              ppc_recomp.56.cpp
  __imp__sub_82401918              ppc_recomp.56.cpp
  __imp__sub_82401968              ppc_recomp.56.cpp
  __imp__sub_82401DC8              ppc_recomp.56.cpp
  __imp__sub_82401ED0              ppc_recomp.56.cpp
  __imp__sub_824020E8              ppc_recomp.56.cpp
  __imp__sub_82402360              ppc_recomp.56.cpp
  __imp__sub_824023B8              ppc_recomp.56.cpp
  __imp__sub_82402FB8              ppc_recomp.56.cpp
  __imp__sub_82402FF8              ppc_recomp.56.cpp
  __imp__sub_824030D0              ppc_recomp.56.cpp
  __imp__sub_82403228              ppc_recomp.56.cpp
  __imp__sub_82403428              ppc_recomp.56.cpp
  __imp__sub_82403520              ppc_recomp.56.cpp
  __imp__sub_824037A0              ppc_recomp.56.cpp
  __imp__sub_824037F0              ppc_recomp.56.cpp
  __imp__sub_82403840              ppc_recomp.56.cpp
  __imp__sub_82403980              ppc_recomp.56.cpp
  __imp__sub_82403A90              ppc_recomp.56.cpp
  __imp__sub_82403C00              ppc_recomp.56.cpp
  __imp__sub_82403C98              ppc_recomp.56.cpp
  __imp__sub_82403D78              ppc_recomp.56.cpp
  __imp__sub_82403DE0              ppc_recomp.56.cpp
  __imp__sub_82404168              ppc_recomp.56.cpp
  __imp__sub_824041D8              ppc_recomp.56.cpp
  __imp__sub_824043D8              ppc_recomp.56.cpp
  __imp__sub_82404528              ppc_recomp.56.cpp
  __imp__sub_82404710              ppc_recomp.56.cpp
  __imp__sub_824047F0              ppc_recomp.56.cpp
  __imp__sub_82404940              ppc_recomp.56.cpp
  __imp__sub_82404AD0              ppc_recomp.56.cpp
  __imp__sub_82404EF8              ppc_recomp.56.cpp
  __imp__sub_824051B8              ppc_recomp.56.cpp
  __imp__sub_824052B0              ppc_recomp.56.cpp
  __imp__sub_824058E8              ppc_recomp.56.cpp
  __imp__sub_82405B80              ppc_recomp.56.cpp
  __imp__sub_82405CB0              ppc_recomp.56.cpp
  __imp__sub_82405ED0              ppc_recomp.56.cpp
  __imp__sub_82405FE0              ppc_recomp.56.cpp
  __imp__sub_824061E8              ppc_recomp.56.cpp
  __imp__sub_824065F0              ppc_recomp.56.cpp
  __imp__sub_82406658              ppc_recomp.56.cpp
  __imp__sub_824066D0              ppc_recomp.56.cpp
  __imp__sub_82406C40              ppc_recomp.56.cpp
  __imp__sub_82406CC8              ppc_recomp.56.cpp
  __imp__sub_824070D8              ppc_recomp.56.cpp
  __imp__sub_824070FC              ppc_recomp.56.cpp
  __imp__sub_8240712C              ppc_recomp.56.cpp
  __imp__sub_82407134              ppc_recomp.56.cpp
  __imp__sub_8240713C              ppc_recomp.56.cpp
  __imp__sub_82407154              ppc_recomp.56.cpp
  __imp__sub_82407168              ppc_recomp.56.cpp
  __imp__sub_8240717C              ppc_recomp.56.cpp
  __imp__sub_82407198              ppc_recomp.56.cpp
  __imp__sub_82407238              ppc_recomp.56.cpp
  __imp__sub_82407318              ppc_recomp.56.cpp
  __imp__sub_82407388              ppc_recomp.56.cpp
  __imp__sub_82407418              ppc_recomp.56.cpp
  __imp__sub_82407528              ppc_recomp.56.cpp
  __imp__sub_824077B8              ppc_recomp.56.cpp
  __imp__sub_82407870              ppc_recomp.56.cpp
  __imp__sub_824078C0              ppc_recomp.56.cpp
  __imp__sub_82407998              ppc_recomp.56.cpp
  __imp__sub_82407A10              ppc_recomp.56.cpp
  __imp__sub_82407B20              ppc_recomp.56.cpp
  __imp__sub_82407C70              ppc_recomp.56.cpp
  __imp__sub_82407CF8              ppc_recomp.56.cpp
  __imp__sub_824080A8              ppc_recomp.56.cpp
  __imp__sub_82408278              ppc_recomp.56.cpp
  __imp__sub_824082C8              ppc_recomp.56.cpp
  __imp__sub_824085B0              ppc_recomp.56.cpp
  __imp__sub_82408640              ppc_recomp.56.cpp
  __imp__sub_824086D8              ppc_recomp.56.cpp
  __imp__sub_824088A8              ppc_recomp.56.cpp
  __imp__sub_82408910              ppc_recomp.56.cpp
  __imp__sub_82408C58              ppc_recomp.56.cpp
  __imp__sub_82408D38              ppc_recomp.56.cpp
  __imp__sub_82408DA8              ppc_recomp.56.cpp
  __imp__sub_82408DC0              ppc_recomp.56.cpp
  __imp__sub_82408DF8              ppc_recomp.56.cpp
  __imp__sub_82408E88              ppc_recomp.56.cpp
  __imp__sub_82408F78              ppc_recomp.56.cpp
  __imp__sub_82409068              ppc_recomp.56.cpp
  __imp__sub_82409108              ppc_recomp.56.cpp
  __imp__sub_82409198              ppc_recomp.56.cpp
  __imp__sub_824092D8              ppc_recomp.56.cpp
  __imp__sub_824095D8              ppc_recomp.56.cpp
  __imp__sub_82409760              ppc_recomp.56.cpp
  __imp__sub_82409808              ppc_recomp.56.cpp
  __imp__sub_82409BE8              ppc_recomp.56.cpp
  __imp__sub_82409D30              ppc_recomp.56.cpp
  __imp__sub_82409E00              ppc_recomp.56.cpp
  __imp__sub_82409ED0              ppc_recomp.56.cpp
  __imp__sub_82409FA0              ppc_recomp.56.cpp
  __imp__sub_8240A080              ppc_recomp.56.cpp
  __imp__sub_8240A668              ppc_recomp.56.cpp
  __imp__sub_8240A8F0              ppc_recomp.56.cpp
  __imp__sub_8240AFD0              ppc_recomp.56.cpp
  __imp__sub_8240B060              ppc_recomp.56.cpp
  __imp__sub_8240B150              ppc_recomp.56.cpp
  __imp__sub_8240B250              ppc_recomp.56.cpp
  __imp__sub_8240B2D8              ppc_recomp.56.cpp
  __imp__sub_8240B358              ppc_recomp.56.cpp
  __imp__sub_8240B4D0              ppc_recomp.56.cpp
  __imp__sub_8240B5D8              ppc_recomp.56.cpp
  __imp__sub_8240B780              ppc_recomp.56.cpp
  __imp__sub_8240B900              ppc_recomp.57.cpp
  __imp__sub_8240BB00              ppc_recomp.57.cpp
  __imp__sub_8240BBE8              ppc_recomp.57.cpp
  __imp__sub_8240BE58              ppc_recomp.57.cpp
  __imp__sub_8240BF40              ppc_recomp.57.cpp
  __imp__sub_8240BF88              ppc_recomp.57.cpp
  __imp__sub_8240BFD8              ppc_recomp.57.cpp
  __imp__sub_8240C080              ppc_recomp.57.cpp
  __imp__sub_8240C098              ppc_recomp.57.cpp
  __imp__sub_8240C1C8              ppc_recomp.57.cpp
  __imp__sub_8240C250              ppc_recomp.57.cpp
  __imp__sub_8240C3B0              ppc_recomp.57.cpp
  __imp__sub_8240C438              ppc_recomp.57.cpp
  __imp__sub_8240C5D0              ppc_recomp.57.cpp
  __imp__sub_8240C5D8              ppc_recomp.57.cpp
  __imp__sub_8240C6B8              ppc_recomp.57.cpp
  __imp__sub_8240C738              ppc_recomp.57.cpp
  __imp__sub_8240C890              ppc_recomp.57.cpp
  __imp__sub_8240C908              ppc_recomp.57.cpp
  __imp__sub_8240CA78              ppc_recomp.57.cpp
  __imp__sub_8240CC28              ppc_recomp.57.cpp
  __imp__sub_8240CE30              ppc_recomp.57.cpp
  __imp__sub_8240CEE0              ppc_recomp.57.cpp
  __imp__sub_8240D188              ppc_recomp.57.cpp
  __imp__sub_8240D290              ppc_recomp.57.cpp
  __imp__sub_8240D320              ppc_recomp.57.cpp
  __imp__sub_8240D398              ppc_recomp.57.cpp
  __imp__sub_8240DB88              ppc_recomp.57.cpp
  __imp__sub_8240DDA8              ppc_recomp.57.cpp
  __imp__sub_8240DDC0              ppc_recomp.57.cpp
  __imp__sub_8240DF38              ppc_recomp.57.cpp
  __imp__sub_8240E058              ppc_recomp.57.cpp
  __imp__sub_8240E0F0              ppc_recomp.57.cpp
  __imp__sub_8240E1B8              ppc_recomp.57.cpp
  __imp__sub_8240E220              ppc_recomp.57.cpp
  __imp__sub_8240E260              ppc_recomp.57.cpp
  __imp__sub_8240E2E0              ppc_recomp.57.cpp
  __imp__sub_8240E350              ppc_recomp.57.cpp
  __imp__sub_8240E778              ppc_recomp.57.cpp
  __imp__sub_8240E8C0              ppc_recomp.57.cpp
  __imp__sub_8240E918              ppc_recomp.57.cpp
  __imp__sub_8240E9F8              ppc_recomp.57.cpp
  __imp__sub_8240EA58              ppc_recomp.57.cpp
  __imp__sub_8240EAD8              ppc_recomp.57.cpp
  __imp__sub_8240EB80              ppc_recomp.57.cpp
  __imp__sub_8240EC70              ppc_recomp.57.cpp
  __imp__sub_8240ED98              ppc_recomp.57.cpp
  __imp__sub_8240EF78              ppc_recomp.57.cpp
  __imp__sub_8240F0D8              ppc_recomp.57.cpp
  __imp__sub_8240F1D8              ppc_recomp.57.cpp
  __imp__sub_8240F450              ppc_recomp.57.cpp
  __imp__sub_8240F5E8              ppc_recomp.57.cpp
  __imp__sub_8240F650              ppc_recomp.57.cpp
  __imp__sub_82410020              ppc_recomp.57.cpp
  __imp__sub_82410460              ppc_recomp.57.cpp
  __imp__sub_82410620              ppc_recomp.57.cpp
  __imp__sub_824106C8              ppc_recomp.57.cpp
  __imp__sub_824106D8              ppc_recomp.57.cpp
  __imp__sub_82410728              ppc_recomp.57.cpp
  __imp__sub_82410838              ppc_recomp.57.cpp
  __imp__sub_82410998              ppc_recomp.57.cpp
  __imp__sub_824109D0              ppc_recomp.57.cpp
  __imp__sub_82410A70              ppc_recomp.57.cpp
  __imp__sub_82410AA8              ppc_recomp.57.cpp
  __imp__sub_82410C10              ppc_recomp.57.cpp
  __imp__sub_82410C38              ppc_recomp.57.cpp
  __imp__sub_82410C98              ppc_recomp.57.cpp
  __imp__sub_82410CF8              ppc_recomp.57.cpp
  __imp__sub_82410E10              ppc_recomp.57.cpp
  __imp__sub_82410E90              ppc_recomp.57.cpp
  __imp__sub_82410EA8              ppc_recomp.57.cpp
  __imp__sub_82410F50              ppc_recomp.57.cpp
  __imp__sub_82410F88              ppc_recomp.57.cpp
  __imp__sub_82410F90              ppc_recomp.57.cpp
  __imp__sub_82410F98              ppc_recomp.57.cpp
  __imp__sub_82410FD0              ppc_recomp.57.cpp
  __imp__sub_82410FF8              ppc_recomp.57.cpp
  __imp__sub_82411028              ppc_recomp.57.cpp
  __imp__sub_82411058              ppc_recomp.57.cpp
  __imp__sub_824111B0              ppc_recomp.57.cpp
  __imp__sub_824111B8              ppc_recomp.57.cpp
  __imp__sub_824111C0              ppc_recomp.57.cpp
  __imp__sub_824111F8              ppc_recomp.57.cpp
  __imp__sub_824112A0              ppc_recomp.57.cpp
  __imp__sub_82411580              ppc_recomp.57.cpp
  __imp__sub_82411598              ppc_recomp.57.cpp
  __imp__sub_824115C0              ppc_recomp.57.cpp
  __imp__sub_824115D8              ppc_recomp.57.cpp
  __imp__sub_82411600              ppc_recomp.57.cpp
  __imp__sub_82411658              ppc_recomp.57.cpp
  __imp__sub_824116D0              ppc_recomp.57.cpp
  __imp__sub_82411860              ppc_recomp.57.cpp
  __imp__sub_82411A58              ppc_recomp.57.cpp
  __imp__sub_82412260              ppc_recomp.57.cpp
  __imp__sub_824123D8              ppc_recomp.57.cpp
  __imp__sub_82412470              ppc_recomp.57.cpp
  __imp__sub_82412778              ppc_recomp.57.cpp
  __imp__sub_82412978              ppc_recomp.57.cpp
  __imp__sub_82412A70              ppc_recomp.57.cpp
  __imp__sub_82413140              ppc_recomp.57.cpp
  __imp__sub_824131E0              ppc_recomp.57.cpp
  __imp__sub_824133C8              ppc_recomp.57.cpp
  __imp__sub_82413628              ppc_recomp.57.cpp
  __imp__sub_824138F8              ppc_recomp.57.cpp
  __imp__sub_82413A08              ppc_recomp.57.cpp
  __imp__sub_82413AB8              ppc_recomp.57.cpp
  __imp__sub_82413AF8              ppc_recomp.57.cpp
  __imp__sub_82413D18              ppc_recomp.57.cpp
  __imp__sub_82413E10              ppc_recomp.57.cpp
  __imp__sub_82413E38              ppc_recomp.57.cpp
  __imp__sub_82413F70              ppc_recomp.57.cpp
  __imp__sub_824140B0              ppc_recomp.57.cpp
  __imp__sub_82414408              ppc_recomp.57.cpp
  __imp__sub_824145C8              ppc_recomp.57.cpp
  __imp__sub_82414870              ppc_recomp.57.cpp
  __imp__sub_82414988              ppc_recomp.57.cpp
  __imp__sub_824149F8              ppc_recomp.57.cpp
  __imp__sub_82414A58              ppc_recomp.57.cpp
  __imp__sub_82414AC8              ppc_recomp.57.cpp
  __imp__sub_82414B70              ppc_recomp.57.cpp
  __imp__sub_82414BE0              ppc_recomp.57.cpp
  __imp__sub_82414C28              ppc_recomp.57.cpp
  __imp__sub_82414C90              ppc_recomp.57.cpp
  __imp__sub_82414D08              ppc_recomp.57.cpp
  __imp__sub_82414D38              ppc_recomp.57.cpp
  __imp__sub_82414D60              ppc_recomp.57.cpp
  __imp__sub_82414E00              ppc_recomp.57.cpp
  __imp__sub_82414EB0              ppc_recomp.57.cpp
  __imp__sub_82414F78              ppc_recomp.57.cpp
  __imp__sub_82415000              ppc_recomp.57.cpp
  __imp__sub_824150B0              ppc_recomp.57.cpp
  __imp__sub_82415178              ppc_recomp.57.cpp
  __imp__sub_824151A0              ppc_recomp.57.cpp
  __imp__sub_824153A8              ppc_recomp.57.cpp
  __imp__sub_82415580              ppc_recomp.57.cpp
  __imp__sub_82415728              ppc_recomp.57.cpp
  __imp__sub_824158C8              ppc_recomp.57.cpp
  __imp__sub_82415A38              ppc_recomp.57.cpp
  __imp__sub_82415AA8              ppc_recomp.57.cpp
  __imp__sub_82415AD8              ppc_recomp.57.cpp
  __imp__sub_82415E48              ppc_recomp.57.cpp
  __imp__sub_82415F10              ppc_recomp.57.cpp
  __imp__sub_82415F88              ppc_recomp.57.cpp
  __imp__sub_82416098              ppc_recomp.57.cpp
  __imp__sub_82416688              ppc_recomp.57.cpp
  __imp__sub_82416780              ppc_recomp.57.cpp
  __imp__sub_824167E8              ppc_recomp.57.cpp
  __imp__sub_82416868              ppc_recomp.57.cpp
  __imp__sub_82416900              ppc_recomp.57.cpp
  __imp__sub_82416940              ppc_recomp.57.cpp
  __imp__sub_824169D0              ppc_recomp.57.cpp
  __imp__sub_82416A80              ppc_recomp.57.cpp
  __imp__sub_82416BF8              ppc_recomp.57.cpp
  __imp__sub_82416E28              ppc_recomp.57.cpp
  __imp__sub_82416E78              ppc_recomp.57.cpp
  __imp__sub_82416EC0              ppc_recomp.57.cpp
  __imp__sub_82416F78              ppc_recomp.57.cpp
  __imp__sub_82416FC8              ppc_recomp.57.cpp
  __imp__sub_824171D0              ppc_recomp.57.cpp
  __imp__sub_824173B8              ppc_recomp.57.cpp
  __imp__sub_82417458              ppc_recomp.58.cpp
  __imp__sub_824174E0              ppc_recomp.58.cpp
  __imp__sub_824175B0              ppc_recomp.58.cpp
  __imp__sub_82417690              ppc_recomp.58.cpp
  __imp__sub_82417700              ppc_recomp.58.cpp
  __imp__sub_82417800              ppc_recomp.58.cpp
  __imp__sub_82417858              ppc_recomp.58.cpp
  __imp__sub_824178C8              ppc_recomp.58.cpp
  __imp__sub_82417910              ppc_recomp.58.cpp
  __imp__sub_82417AB0              ppc_recomp.58.cpp
  __imp__sub_82417C90              ppc_recomp.58.cpp
  __imp__sub_82417E28              ppc_recomp.58.cpp
  __imp__sub_82418040              ppc_recomp.58.cpp
  __imp__sub_82418148              ppc_recomp.58.cpp
  __imp__sub_824182A0              ppc_recomp.58.cpp
  __imp__sub_82418428              ppc_recomp.58.cpp
  __imp__sub_82418790              ppc_recomp.58.cpp
  __imp__sub_82418818              ppc_recomp.58.cpp
  __imp__sub_82418820              ppc_recomp.58.cpp
  __imp__sub_82418850              ppc_recomp.58.cpp
  __imp__sub_82418878              ppc_recomp.58.cpp
  __imp__sub_82418940              ppc_recomp.58.cpp
  __imp__sub_824189F8              ppc_recomp.58.cpp
  __imp__sub_82418AF0              ppc_recomp.58.cpp
  __imp__sub_82418DF8              ppc_recomp.58.cpp
  __imp__sub_82418F48              ppc_recomp.58.cpp
  __imp__sub_82418FB8              ppc_recomp.58.cpp
  __imp__sub_82419018              ppc_recomp.58.cpp
  __imp__sub_824191A8              ppc_recomp.58.cpp
  __imp__sub_82419210              ppc_recomp.58.cpp
  __imp__sub_82419230              ppc_recomp.58.cpp
  __imp__sub_82419290              ppc_recomp.58.cpp
  __imp__sub_824197E8              ppc_recomp.58.cpp
  __imp__sub_82419948              ppc_recomp.58.cpp
  __imp__sub_82419A70              ppc_recomp.58.cpp
  __imp__sub_82419AE0              ppc_recomp.58.cpp
  __imp__sub_82419C10              ppc_recomp.58.cpp
  __imp__sub_82419C78              ppc_recomp.58.cpp
  __imp__sub_82419D28              ppc_recomp.58.cpp
  __imp__sub_82419D90              ppc_recomp.58.cpp
  __imp__sub_8241A138              ppc_recomp.58.cpp
  __imp__sub_8241A258              ppc_recomp.58.cpp
  __imp__sub_8241A280              ppc_recomp.58.cpp
  __imp__sub_8241A328              ppc_recomp.58.cpp
  __imp__sub_8241A658              ppc_recomp.58.cpp
  __imp__sub_8241A750              ppc_recomp.58.cpp
  __imp__sub_8241A8F0              ppc_recomp.58.cpp
  __imp__sub_8241A950              ppc_recomp.58.cpp
  __imp__sub_8241A990              ppc_recomp.58.cpp
  __imp__sub_8241A9E0              ppc_recomp.58.cpp
  __imp__sub_8241AAB0              ppc_recomp.58.cpp
  __imp__sub_8241AB30              ppc_recomp.58.cpp
  __imp__sub_8241AC78              ppc_recomp.58.cpp
  __imp__sub_8241AD10              ppc_recomp.58.cpp
  __imp__sub_8241AE90              ppc_recomp.58.cpp
  __imp__sub_8241AEF0              ppc_recomp.58.cpp
  __imp__sub_8241AF80              ppc_recomp.58.cpp
  __imp__sub_8241B028              ppc_recomp.58.cpp
  __imp__sub_8241B138              ppc_recomp.58.cpp
  __imp__sub_8241B278              ppc_recomp.58.cpp
  __imp__sub_8241B398              ppc_recomp.58.cpp
  __imp__sub_8241B3A8              ppc_recomp.58.cpp
  __imp__sub_8241B448              ppc_recomp.58.cpp
  __imp__sub_8241B4E8              ppc_recomp.58.cpp
  __imp__sub_8241C6D0              ppc_recomp.58.cpp
  __imp__sub_8241C728              ppc_recomp.58.cpp
  __imp__sub_8241C868              ppc_recomp.58.cpp
  __imp__sub_8241C920              ppc_recomp.58.cpp
  __imp__sub_8241CAA8              ppc_recomp.58.cpp
  __imp__sub_8241CC88              ppc_recomp.58.cpp
  __imp__sub_8241CDD0              ppc_recomp.58.cpp
  __imp__sub_8241CE78              ppc_recomp.58.cpp
  __imp__sub_8241CF28              ppc_recomp.58.cpp
  __imp__sub_8241DD10              ppc_recomp.58.cpp
  __imp__sub_8241DD58              ppc_recomp.58.cpp
  __imp__sub_8241DD90              ppc_recomp.58.cpp
  __imp__sub_8241DE28              ppc_recomp.58.cpp
  __imp__sub_8241E010              ppc_recomp.58.cpp
  __imp__sub_8241E048              ppc_recomp.58.cpp
  __imp__sub_8241E750              ppc_recomp.58.cpp
  __imp__sub_8241E810              ppc_recomp.58.cpp
  __imp__sub_8241E938              ppc_recomp.58.cpp
  __imp__sub_8241E9C8              ppc_recomp.58.cpp
  __imp__sub_8241EA28              ppc_recomp.58.cpp
  __imp__sub_8241EAA0              ppc_recomp.58.cpp
  __imp__sub_8241EAE8              ppc_recomp.58.cpp
  __imp__sub_8241EBB0              ppc_recomp.58.cpp
  __imp__sub_8241EBE0              ppc_recomp.58.cpp
  __imp__sub_8241EBF8              ppc_recomp.58.cpp
  __imp__sub_8241EC78              ppc_recomp.58.cpp
  __imp__sub_8241EC90              ppc_recomp.58.cpp
  __imp__sub_8241ED88              ppc_recomp.58.cpp
  __imp__sub_8241EE10              ppc_recomp.58.cpp
  __imp__sub_8241EF98              ppc_recomp.58.cpp
  __imp__sub_8241EFE8              ppc_recomp.58.cpp
  __imp__sub_8241F038              ppc_recomp.58.cpp
  __imp__sub_8241F090              ppc_recomp.58.cpp
  __imp__sub_8241F0F8              ppc_recomp.58.cpp
  __imp__sub_8241F1E0              ppc_recomp.58.cpp
  __imp__sub_8241F350              ppc_recomp.58.cpp
  __imp__sub_8241F3C0              ppc_recomp.58.cpp
  __imp__sub_8241F648              ppc_recomp.58.cpp
  __imp__sub_8241F698              ppc_recomp.58.cpp
  __imp__sub_8241F790              ppc_recomp.58.cpp
  __imp__sub_8241F8F0              ppc_recomp.58.cpp
  __imp__sub_8241FB20              ppc_recomp.58.cpp
  __imp__sub_8241FF58              ppc_recomp.58.cpp
  __imp__sub_8241FF98              ppc_recomp.58.cpp
  __imp__sub_82420080              ppc_recomp.58.cpp
  __imp__sub_82420088              ppc_recomp.58.cpp
  __imp__sub_82420108              ppc_recomp.58.cpp
  __imp__sub_82420178              ppc_recomp.58.cpp
  __imp__sub_82420308              ppc_recomp.58.cpp
  __imp__sub_82420438              ppc_recomp.58.cpp
  __imp__sub_82420740              ppc_recomp.58.cpp
  __imp__sub_82420998              ppc_recomp.58.cpp
  __imp__sub_824209B0              ppc_recomp.58.cpp
  __imp__sub_824209C0              ppc_recomp.58.cpp
  __imp__sub_824209D0              ppc_recomp.58.cpp
  __imp__sub_824209E8              ppc_recomp.58.cpp
  __imp__sub_82420A08              ppc_recomp.58.cpp
  __imp__sub_82420A20              ppc_recomp.58.cpp
  __imp__sub_82420A38              ppc_recomp.58.cpp
  __imp__sub_82420A50              ppc_recomp.58.cpp
  __imp__sub_82420A68              ppc_recomp.58.cpp
  __imp__sub_82420A78              ppc_recomp.58.cpp
  __imp__sub_82420A90              ppc_recomp.58.cpp
  __imp__sub_82420AD0              ppc_recomp.58.cpp
  __imp__sub_82420B10              ppc_recomp.58.cpp
  __imp__sub_82420B80              ppc_recomp.58.cpp
  __imp__sub_82420B98              ppc_recomp.58.cpp
  __imp__sub_82420BB8              ppc_recomp.58.cpp
  __imp__sub_82420BC0              ppc_recomp.58.cpp
  __imp__sub_82420BC8              ppc_recomp.58.cpp
  __imp__sub_82420BD0              ppc_recomp.58.cpp
  __imp__sub_82420C00              ppc_recomp.58.cpp
  __imp__sub_82420C10              ppc_recomp.59.cpp
  __imp__sub_82420C30              ppc_recomp.59.cpp
  __imp__sub_82420C48              ppc_recomp.59.cpp
  __imp__sub_82420C58              ppc_recomp.59.cpp
  __imp__sub_82420C68              ppc_recomp.59.cpp
  __imp__sub_82420C80              ppc_recomp.59.cpp
  __imp__sub_82420C90              ppc_recomp.59.cpp
  __imp__sub_82420CF8              ppc_recomp.59.cpp
  __imp__sub_82420D10              ppc_recomp.59.cpp
  __imp__sub_82420D20              ppc_recomp.59.cpp
  __imp__sub_82420D30              ppc_recomp.59.cpp
  __imp__sub_82420D38              ppc_recomp.59.cpp
  __imp__sub_82420DD0              ppc_recomp.59.cpp
  __imp__sub_82420E48              ppc_recomp.59.cpp
  __imp__sub_82420EC0              ppc_recomp.59.cpp
  __imp__sub_82420F60              ppc_recomp.59.cpp
  __imp__sub_82421048              ppc_recomp.59.cpp
  __imp__sub_82421120              ppc_recomp.59.cpp
  __imp__sub_824212B0              ppc_recomp.59.cpp
  __imp__sub_82421350              ppc_recomp.59.cpp
  __imp__sub_82421400              ppc_recomp.59.cpp
  __imp__sub_824214A8              ppc_recomp.59.cpp
  __imp__sub_82421550              ppc_recomp.59.cpp
  __imp__sub_824215F8              ppc_recomp.59.cpp
  __imp__sub_824216D0              ppc_recomp.59.cpp
  __imp__sub_82421768              ppc_recomp.59.cpp
  __imp__sub_82421818              ppc_recomp.59.cpp
  __imp__sub_82421908              ppc_recomp.59.cpp
  __imp__sub_824219C8              ppc_recomp.59.cpp
  __imp__sub_82421A18              ppc_recomp.59.cpp
  __imp__sub_82421A48              ppc_recomp.59.cpp
  __imp__sub_82421AA0              ppc_recomp.59.cpp
  __imp__sub_82421AD0              ppc_recomp.59.cpp
  __imp__sub_82421B20              ppc_recomp.59.cpp
  __imp__sub_82421E60              ppc_recomp.59.cpp
  __imp__sub_82421EB8              ppc_recomp.59.cpp
  __imp__sub_82421FC0              ppc_recomp.59.cpp
  __imp__sub_82422038              ppc_recomp.59.cpp
  __imp__sub_824220F8              ppc_recomp.59.cpp
  __imp__sub_824221C0              ppc_recomp.59.cpp
  __imp__sub_82422248              ppc_recomp.59.cpp
  __imp__sub_82422A10              ppc_recomp.59.cpp
  __imp__sub_82422A40              ppc_recomp.59.cpp
  __imp__sub_82422A60              ppc_recomp.59.cpp
  __imp__sub_82422A88              ppc_recomp.59.cpp
  __imp__sub_82422AD8              ppc_recomp.59.cpp
  __imp__sub_82422BB8              ppc_recomp.59.cpp
  __imp__sub_82422C30              ppc_recomp.59.cpp
  __imp__sub_82422CB0              ppc_recomp.59.cpp
  __imp__sub_82422D38              ppc_recomp.59.cpp
  __imp__sub_82422DE0              ppc_recomp.59.cpp
  __imp__sub_82422E18              ppc_recomp.59.cpp
  __imp__sub_82422E70              ppc_recomp.59.cpp
  __imp__sub_82422EA0              ppc_recomp.59.cpp
  __imp__sub_82422EF0              ppc_recomp.59.cpp
  __imp__sub_82422EF8              ppc_recomp.59.cpp
  __imp__sub_82422F78              ppc_recomp.59.cpp
  __imp__sub_82422FC8              ppc_recomp.59.cpp
  __imp__sub_82423028              ppc_recomp.59.cpp
  __imp__sub_82423140              ppc_recomp.59.cpp
  __imp__sub_82423230              ppc_recomp.59.cpp
  __imp__sub_82423518              ppc_recomp.59.cpp
  __imp__sub_82423538              ppc_recomp.59.cpp
  __imp__sub_82423558              ppc_recomp.59.cpp
  __imp__sub_824235E8              ppc_recomp.59.cpp
  __imp__sub_82423878              ppc_recomp.59.cpp
  __imp__sub_824239C8              ppc_recomp.59.cpp
  __imp__sub_824239D0              ppc_recomp.59.cpp
  __imp__sub_824239E8              ppc_recomp.59.cpp
  __imp__sub_82423A28              ppc_recomp.59.cpp
  __imp__sub_82423A78              ppc_recomp.59.cpp
  __imp__sub_82423CF0              ppc_recomp.59.cpp
  __imp__sub_82423EA8              ppc_recomp.59.cpp
  __imp__sub_82423F28              ppc_recomp.59.cpp
  __imp__sub_82423FF0              ppc_recomp.59.cpp
  __imp__sub_82424040              ppc_recomp.59.cpp
  __imp__sub_824240F8              ppc_recomp.59.cpp
  __imp__sub_82424258              ppc_recomp.59.cpp
  __imp__sub_824248C8              ppc_recomp.59.cpp
  __imp__sub_82425220              ppc_recomp.59.cpp
  __imp__sub_82425288              ppc_recomp.60.cpp
  __imp__sub_82426D00              ppc_recomp.60.cpp
  __imp__sub_82426EC8              ppc_recomp.60.cpp
  __imp__sub_82426FC0              ppc_recomp.60.cpp
  __imp__sub_82427030              ppc_recomp.60.cpp
  __imp__sub_82427168              ppc_recomp.60.cpp
  __imp__sub_824271A0              ppc_recomp.60.cpp
  __imp__sub_82427258              ppc_recomp.60.cpp
  __imp__sub_82427268              ppc_recomp.60.cpp
  __imp__sub_82427278              ppc_recomp.60.cpp
  __imp__sub_824272A0              ppc_recomp.60.cpp
  __imp__sub_824273F0              ppc_recomp.60.cpp
  __imp__sub_82427420              ppc_recomp.60.cpp
  __imp__sub_82427468              ppc_recomp.60.cpp
  __imp__sub_82427538              ppc_recomp.60.cpp
  __imp__sub_82427818              ppc_recomp.60.cpp
  __imp__sub_82427C40              ppc_recomp.60.cpp
  __imp__sub_82428458              ppc_recomp.60.cpp
  __imp__sub_824285C0              ppc_recomp.60.cpp
  __imp__sub_824288F8              ppc_recomp.61.cpp
  __imp__sub_82428A38              ppc_recomp.61.cpp
  __imp__sub_824291D8              ppc_recomp.61.cpp
  __imp__sub_82429248              ppc_recomp.61.cpp
  __imp__sub_82429360              ppc_recomp.61.cpp
  __imp__sub_824293F0              ppc_recomp.61.cpp
  __imp__sub_82429548              ppc_recomp.61.cpp
  __imp__sub_82429A10              ppc_recomp.61.cpp
  __imp__sub_82429A88              ppc_recomp.61.cpp
  __imp__sub_82429B50              ppc_recomp.61.cpp
  __imp__sub_82429C18              ppc_recomp.61.cpp
  __imp__sub_82429CE8              ppc_recomp.61.cpp
  __imp__sub_8242A1C0              ppc_recomp.61.cpp
  __imp__sub_8242A5A8              ppc_recomp.61.cpp
  __imp__sub_8242A6D0              ppc_recomp.61.cpp
  __imp__sub_8242A8B0              ppc_recomp.61.cpp
  __imp__sub_8242AA98              ppc_recomp.61.cpp
  __imp__sub_8242ABF8              ppc_recomp.61.cpp
  __imp__sub_8242AC58              ppc_recomp.61.cpp
  __imp__sub_8242AD28              ppc_recomp.61.cpp
  __imp__sub_8242ADE0              ppc_recomp.61.cpp
  __imp__sub_8242AE40              ppc_recomp.61.cpp
  __imp__sub_8242B0E8              ppc_recomp.61.cpp
  __imp__sub_8242B338              ppc_recomp.61.cpp
  __imp__sub_8242B418              ppc_recomp.61.cpp
  __imp__sub_8242B650              ppc_recomp.61.cpp
  __imp__sub_8242B9E0              ppc_recomp.61.cpp
  __imp__sub_8242B9F8              ppc_recomp.61.cpp
  __imp__sub_8242BA10              ppc_recomp.61.cpp
  __imp__sub_8242BA68              ppc_recomp.61.cpp
  __imp__sub_8242BB48              ppc_recomp.61.cpp
  __imp__sub_8242BCD0              ppc_recomp.61.cpp
  __imp__sub_8242BF18              ppc_recomp.61.cpp
  __imp__sub_8242C068              ppc_recomp.61.cpp
  __imp__sub_8242C4C4              ppc_recomp.61.cpp
  __imp__sub_8242C510              ppc_recomp.61.cpp
  __imp__sub_8242CC78              ppc_recomp.61.cpp
  __imp__sub_8242DDD8              ppc_recomp.61.cpp
  __imp__sub_8242E100              ppc_recomp.61.cpp
  __imp__sub_8242E4C8              ppc_recomp.61.cpp
  __imp__sub_8242FC90              ppc_recomp.61.cpp
  __imp__sub_82430500              ppc_recomp.61.cpp
  __imp__sub_82431878              ppc_recomp.61.cpp
  __imp__sub_82431920              ppc_recomp.61.cpp
  __imp__sub_82431C88              ppc_recomp.61.cpp
  __imp__sub_82433DA0              ppc_recomp.61.cpp
  __imp__sub_82433E90              ppc_recomp.61.cpp
  __imp__sub_82434608              ppc_recomp.61.cpp
  __imp__sub_82434768              ppc_recomp.62.cpp
  __imp__sub_82434830              ppc_recomp.62.cpp
  __imp__sub_824348A0              ppc_recomp.62.cpp
  __imp__sub_82434AA8              ppc_recomp.62.cpp
  __imp__sub_82434BC8              ppc_recomp.62.cpp
  __imp__sub_82434CF8              ppc_recomp.62.cpp
  __imp__sub_82434ED0              ppc_recomp.62.cpp
  __imp__sub_82435188              ppc_recomp.62.cpp
  __imp__sub_82435AE0              ppc_recomp.62.cpp
  __imp__sub_82436998              ppc_recomp.62.cpp
  __imp__sub_824369E0              ppc_recomp.62.cpp
  __imp__sub_82436F50              ppc_recomp.62.cpp
  __imp__sub_824371A8              ppc_recomp.62.cpp
  __imp__sub_82437558              ppc_recomp.62.cpp
  __imp__sub_82437618              ppc_recomp.62.cpp
  __imp__sub_824376F0              ppc_recomp.62.cpp
  __imp__sub_82438558              ppc_recomp.62.cpp
  __imp__sub_82438B68              ppc_recomp.62.cpp
  __imp__sub_82439768              ppc_recomp.62.cpp
  __imp__sub_8243CE50              ppc_recomp.62.cpp
  __imp__sub_8243D9D8              ppc_recomp.62.cpp
  __imp__sub_8243F6D8              ppc_recomp.62.cpp
  __imp__sub_8244C040              ppc_recomp.63.cpp
  __imp__sub_8244EB48              ppc_recomp.63.cpp
  __imp__sub_8244EBA0              ppc_recomp.63.cpp
  __imp__sub_8244EC00              ppc_recomp.63.cpp
  __imp__sub_8244EC48              ppc_recomp.63.cpp
  __imp__sub_8244EC90              ppc_recomp.63.cpp
  __imp__sub_8244ECD8              ppc_recomp.63.cpp
  __imp__sub_8244EDA0              ppc_recomp.63.cpp
  __imp__sub_8244F0F8              ppc_recomp.63.cpp
  __imp__sub_8244F1A0              ppc_recomp.63.cpp
  __imp__sub_8244F228              ppc_recomp.63.cpp
  __imp__sub_824507E0              ppc_recomp.63.cpp
  __imp__sub_82452BB8              ppc_recomp.63.cpp
  __imp__sub_82452CD8              ppc_recomp.63.cpp
  __imp__sub_82452CF0              ppc_recomp.63.cpp
  __imp__sub_82452D20              ppc_recomp.63.cpp
  __imp__sub_82452D38              ppc_recomp.63.cpp
  __imp__sub_82452E18              ppc_recomp.63.cpp
  __imp__sub_82452E60              ppc_recomp.63.cpp
  __imp__sub_82452F00              ppc_recomp.63.cpp
  __imp__sub_82452F90              ppc_recomp.63.cpp
  __imp__sub_824530B0              ppc_recomp.63.cpp
  __imp__sub_82453628              ppc_recomp.63.cpp
  __imp__sub_824536A0              ppc_recomp.63.cpp
  __imp__sub_824537C0              ppc_recomp.63.cpp
  __imp__sub_82453918              ppc_recomp.63.cpp
  __imp__sub_82453AB8              ppc_recomp.63.cpp
  __imp__sub_82454200              ppc_recomp.63.cpp
  __imp__sub_82454900              ppc_recomp.63.cpp
  __imp__sub_82454988              ppc_recomp.63.cpp
  __imp__sub_82454A00              ppc_recomp.63.cpp
  __imp__sub_82454BA8              ppc_recomp.63.cpp
  __imp__sub_82454C58              ppc_recomp.63.cpp
  __imp__sub_82454D00              ppc_recomp.63.cpp
  __imp__sub_82454DD0              ppc_recomp.63.cpp
  __imp__sub_82454EA8              ppc_recomp.63.cpp
  __imp__sub_82455130              ppc_recomp.63.cpp
  __imp__sub_824553E8              ppc_recomp.63.cpp
  __imp__sub_82455558              ppc_recomp.63.cpp
  __imp__sub_824556B0              ppc_recomp.63.cpp
  __imp__sub_824557C8              ppc_recomp.63.cpp
  __imp__sub_82455960              ppc_recomp.63.cpp
  __imp__sub_824559E8              ppc_recomp.63.cpp
  __imp__sub_82455AA0              ppc_recomp.63.cpp
  __imp__sub_82455AF0              ppc_recomp.63.cpp
  __imp__sub_82455BD0              ppc_recomp.63.cpp
  __imp__sub_82455CA0              ppc_recomp.63.cpp
  __imp__sub_82455F08              ppc_recomp.63.cpp
  __imp__sub_82455F98              ppc_recomp.63.cpp
  __imp__sub_82456020              ppc_recomp.63.cpp
  __imp__sub_82456178              ppc_recomp.63.cpp
  __imp__sub_82456688              ppc_recomp.63.cpp
  __imp__sub_82456950              ppc_recomp.63.cpp
  __imp__sub_82456A40              ppc_recomp.63.cpp
  __imp__sub_82456B98              ppc_recomp.63.cpp
  __imp__sub_82456D90              ppc_recomp.63.cpp
  __imp__sub_82456ED8              ppc_recomp.63.cpp
  __imp__sub_8245D3A8              ppc_recomp.64.cpp
  __imp__sub_8245D470              ppc_recomp.64.cpp
  __imp__sub_8245D590              ppc_recomp.64.cpp
  __imp__sub_8245D868              ppc_recomp.64.cpp
  __imp__sub_8245D918              ppc_recomp.64.cpp
  __imp__sub_8245D9C8              ppc_recomp.64.cpp
  __imp__sub_8245DA78              ppc_recomp.64.cpp
  __imp__sub_8245DFA8              ppc_recomp.64.cpp
  __imp__sub_8245E0A0              ppc_recomp.64.cpp
  __imp__sub_8245E290              ppc_recomp.64.cpp
  __imp__sub_8245E2C0              ppc_recomp.64.cpp
  __imp__sub_8245EA00              ppc_recomp.64.cpp
  __imp__sub_8245EF58              ppc_recomp.64.cpp
  __imp__sub_8245F508              ppc_recomp.64.cpp
  __imp__sub_8245F5A8              ppc_recomp.64.cpp
  __imp__sub_8245F5C8              ppc_recomp.64.cpp
  __imp__sub_8245F608              ppc_recomp.64.cpp
  __imp__sub_8245F750              ppc_recomp.64.cpp
  __imp__sub_8245F7F0              ppc_recomp.64.cpp
  __imp__sub_8245F8A8              ppc_recomp.64.cpp
  __imp__sub_8245F960              ppc_recomp.64.cpp
  __imp__sub_8245FAD8              ppc_recomp.64.cpp
  __imp__sub_8245FC90              ppc_recomp.64.cpp
  __imp__sub_8245FCC0              ppc_recomp.64.cpp
  __imp__sub_8245FF60              ppc_recomp.64.cpp
  __imp__sub_82460228              ppc_recomp.64.cpp
  __imp__sub_82460370              ppc_recomp.64.cpp
  __imp__sub_824604A8              ppc_recomp.64.cpp
  __imp__sub_82460538              ppc_recomp.64.cpp
  __imp__sub_82460620              ppc_recomp.64.cpp
  __imp__sub_82460928              ppc_recomp.64.cpp
  __imp__sub_824609F8              ppc_recomp.64.cpp
  __imp__sub_82461060              ppc_recomp.64.cpp
  __imp__sub_82461658              ppc_recomp.64.cpp
  __imp__sub_82461A10              ppc_recomp.64.cpp
  __imp__sub_82461CD0              ppc_recomp.64.cpp
  __imp__sub_82461E88              ppc_recomp.64.cpp
  __imp__sub_824621C0              ppc_recomp.64.cpp
  __imp__sub_82462250              ppc_recomp.64.cpp
  __imp__sub_8246BD28              ppc_recomp.65.cpp
  __imp__sub_8246C580              ppc_recomp.65.cpp
  __imp__sub_8246C708              ppc_recomp.65.cpp
  __imp__sub_8246CA80              ppc_recomp.65.cpp
  __imp__sub_8246CD88              ppc_recomp.65.cpp
  __imp__sub_82474430              ppc_recomp.65.cpp
  __imp__sub_824744A8              ppc_recomp.65.cpp
  __imp__sub_82475FD0              ppc_recomp.65.cpp
  __imp__sub_82476078              ppc_recomp.65.cpp
  __imp__sub_82476130              ppc_recomp.65.cpp
  __imp__sub_824761B0              ppc_recomp.65.cpp
  __imp__sub_82476360              ppc_recomp.65.cpp
  __imp__sub_824763E0              ppc_recomp.65.cpp
  __imp__sub_82476418              ppc_recomp.65.cpp
  __imp__sub_824764E8              ppc_recomp.65.cpp
  __imp__sub_82476638              ppc_recomp.65.cpp
  __imp__sub_82476838              ppc_recomp.65.cpp
  __imp__sub_824768B8              ppc_recomp.65.cpp
  __imp__sub_824769B0              ppc_recomp.65.cpp
  __imp__sub_82476B60              ppc_recomp.65.cpp
  __imp__sub_82476CE0              ppc_recomp.65.cpp
  __imp__sub_82476DA0              ppc_recomp.65.cpp
  __imp__sub_82477078              ppc_recomp.65.cpp
  __imp__sub_82477328              ppc_recomp.65.cpp
  __imp__sub_82477390              ppc_recomp.65.cpp
  __imp__sub_82477698              ppc_recomp.65.cpp
  __imp__sub_82477910              ppc_recomp.65.cpp
  __imp__sub_824779E8              ppc_recomp.65.cpp
  __imp__sub_824781C0              ppc_recomp.65.cpp
  __imp__sub_82478538              ppc_recomp.65.cpp
  __imp__sub_82478600              ppc_recomp.65.cpp
  __imp__sub_824786F0              ppc_recomp.65.cpp
  __imp__sub_82478B08              ppc_recomp.65.cpp
  __imp__sub_82478C70              ppc_recomp.65.cpp
  __imp__sub_82478CC8              ppc_recomp.65.cpp
  __imp__sub_82478DA8              ppc_recomp.65.cpp
  __imp__sub_82478E68              ppc_recomp.65.cpp
  __imp__sub_82479208              ppc_recomp.65.cpp
  __imp__sub_82479480              ppc_recomp.65.cpp
  __imp__sub_824795C8              ppc_recomp.65.cpp
  __imp__sub_82479868              ppc_recomp.65.cpp
  __imp__sub_82479968              ppc_recomp.65.cpp
  __imp__sub_82479A00              ppc_recomp.65.cpp
  __imp__sub_82479C88              ppc_recomp.65.cpp
  __imp__sub_82479DE0              ppc_recomp.65.cpp
  __imp__sub_82479F50              ppc_recomp.66.cpp
  __imp__sub_8247AD10              ppc_recomp.66.cpp
  __imp__sub_8247B2A8              ppc_recomp.66.cpp
  __imp__sub_8247B560              ppc_recomp.66.cpp
  __imp__sub_8247BAA8              ppc_recomp.66.cpp
  __imp__sub_8247BDD8              ppc_recomp.66.cpp
  __imp__sub_8247C4C0              ppc_recomp.66.cpp
  __imp__sub_8247C578              ppc_recomp.66.cpp
  __imp__sub_8247C6C0              ppc_recomp.66.cpp
  __imp__sub_8247C850              ppc_recomp.66.cpp
  __imp__sub_8247CC90              ppc_recomp.66.cpp
  __imp__sub_8247CD78              ppc_recomp.66.cpp
  __imp__sub_8247E2C0              ppc_recomp.66.cpp
  __imp__sub_8247E300              ppc_recomp.66.cpp
  __imp__sub_8247E340              ppc_recomp.66.cpp
  __imp__sub_8247E430              ppc_recomp.66.cpp
  __imp__sub_8247E478              ppc_recomp.66.cpp
  __imp__sub_8247E4D8              ppc_recomp.66.cpp
  __imp__sub_8247E5A8              ppc_recomp.66.cpp
  __imp__sub_8247E790              ppc_recomp.66.cpp
  __imp__sub_8247EAB8              ppc_recomp.66.cpp
  __imp__sub_8247ECD8              ppc_recomp.66.cpp
  __imp__sub_8247EF98              ppc_recomp.66.cpp
  __imp__sub_8247F6C8              ppc_recomp.66.cpp
  __imp__sub_8247FB30              ppc_recomp.66.cpp
  __imp__sub_8247FB90              ppc_recomp.66.cpp
  __imp__sub_824AFEC8              ppc_recomp.70.cpp
  __imp__sub_82564A48              ppc_recomp.75.cpp
  __imp__sub_82564AB0              ppc_recomp.75.cpp
  __imp__sub_82564B18              ppc_recomp.75.cpp
  __imp__sub_82564B88              ppc_recomp.75.cpp
  __imp__sub_82564BE0              ppc_recomp.75.cpp
  __imp__sub_82564C38              ppc_recomp.75.cpp
  __imp__sub_82564C90              ppc_recomp.75.cpp
  __imp__sub_82564CE8              ppc_recomp.75.cpp
  __imp__sub_82564DA0              ppc_recomp.75.cpp
  __imp__sub_82564F60              ppc_recomp.75.cpp
  __imp__sub_82565050              ppc_recomp.75.cpp
  __imp__sub_82565128              ppc_recomp.75.cpp
  __imp__sub_82565220              ppc_recomp.75.cpp
  __imp__sub_82565228              ppc_recomp.75.cpp
  __imp__sub_82565288              ppc_recomp.75.cpp
  __imp__sub_82565408              ppc_recomp.75.cpp
  __imp__sub_825677B0              ppc_recomp.75.cpp
  __imp__sub_825677D0              ppc_recomp.75.cpp
  __imp__sub_82567E70              ppc_recomp.75.cpp
  __imp__sub_82567ED8              ppc_recomp.75.cpp
  __imp__sub_825681D8              ppc_recomp.75.cpp
  __imp__sub_82568278              ppc_recomp.75.cpp
  __imp__sub_82568510              ppc_recomp.75.cpp
  __imp__sub_82568618              ppc_recomp.75.cpp
  __imp__sub_82568950              ppc_recomp.75.cpp
  __imp__sub_82568A78              ppc_recomp.75.cpp
  __imp__sub_82568D50              ppc_recomp.75.cpp
  __imp__sub_82568E50              ppc_recomp.75.cpp
  __imp__sub_82568EF8              ppc_recomp.75.cpp
  __imp__sub_82568F80              ppc_recomp.75.cpp
  __imp__sub_825691B0              ppc_recomp.75.cpp
  __imp__sub_82569218              ppc_recomp.75.cpp
  __imp__sub_82569358              ppc_recomp.75.cpp
  __imp__sub_8256E630              ppc_recomp.76.cpp
  __imp__sub_8256E6B0              ppc_recomp.76.cpp
  __imp__sub_8256E7C0              ppc_recomp.76.cpp
  __imp__sub_8256E8E8              ppc_recomp.76.cpp
  __imp__sub_8256E900              ppc_recomp.76.cpp
  __imp__sub_8256E958              ppc_recomp.76.cpp
  __imp__sub_8256F4A0              ppc_recomp.76.cpp
  __imp__sub_8256F550              ppc_recomp.76.cpp
  __imp__sub_8256F5F0              ppc_recomp.76.cpp
  __imp__sub_8256F6A0              ppc_recomp.76.cpp
  __imp__sub_8256F6E0              ppc_recomp.76.cpp
  __imp__sub_8256F730              ppc_recomp.76.cpp
  __imp__sub_8256F7E8              ppc_recomp.76.cpp
  __imp__sub_8256FFD8              ppc_recomp.76.cpp
  __imp__sub_8256FFF0              ppc_recomp.76.cpp
  __imp__sub_825701A0              ppc_recomp.76.cpp
  __imp__sub_82570450              ppc_recomp.76.cpp
  __imp__sub_82570550              ppc_recomp.76.cpp
  __imp__sub_82570730              ppc_recomp.76.cpp
  __imp__sub_82570D78              ppc_recomp.76.cpp
  __imp__sub_82585070              ppc_recomp.77.cpp
  __imp__sub_825863C0              ppc_recomp.77.cpp
  __imp__sub_82586448              ppc_recomp.77.cpp
  __imp__sub_82586598              ppc_recomp.77.cpp
  __imp__sub_82586600              ppc_recomp.77.cpp
  __imp__sub_825866B8              ppc_recomp.77.cpp
  __imp__sub_82586728              ppc_recomp.77.cpp
  __imp__sub_82586790              ppc_recomp.77.cpp
  __imp__sub_82586800              ppc_recomp.77.cpp
  __imp__sub_825868D8              ppc_recomp.77.cpp
  __imp__sub_82586C18              ppc_recomp.77.cpp
  __imp__sub_82586DC0              ppc_recomp.77.cpp
  __imp__sub_82586E28              ppc_recomp.77.cpp
  __imp__sub_82586EF0              ppc_recomp.77.cpp
  __imp__sub_82586FC0              ppc_recomp.77.cpp
  __imp__sub_82587208              ppc_recomp.77.cpp
  __imp__sub_82587298              ppc_recomp.77.cpp
  __imp__sub_825872A0              ppc_recomp.77.cpp
  __imp__sub_82587330              ppc_recomp.77.cpp
  __imp__sub_82587338              ppc_recomp.77.cpp
  __imp__sub_825873A8              ppc_recomp.77.cpp
  __imp__sub_82587430              ppc_recomp.77.cpp
  __imp__sub_825874A0              ppc_recomp.77.cpp
  __imp__sub_82587570              ppc_recomp.77.cpp
  __imp__sub_82587578              ppc_recomp.77.cpp
  __imp__sub_82587790              ppc_recomp.77.cpp
  __imp__sub_82587A88              ppc_recomp.77.cpp
  __imp__sub_82587C00              ppc_recomp.77.cpp
  __imp__sub_82587C18              ppc_recomp.77.cpp
  __imp__sub_82587D00              ppc_recomp.77.cpp
  __imp__sub_82587DB0              ppc_recomp.77.cpp
  __imp__sub_82587E70              ppc_recomp.77.cpp
  __imp__sub_82587F28              ppc_recomp.77.cpp
  __imp__sub_82588030              ppc_recomp.77.cpp
  __imp__sub_82588170              ppc_recomp.77.cpp
  __imp__sub_825881E0              ppc_recomp.77.cpp
  __imp__sub_82588348              ppc_recomp.77.cpp
  __imp__sub_825884E0              ppc_recomp.77.cpp
  __imp__sub_825885E8              ppc_recomp.77.cpp
  __imp__sub_825885F8              ppc_recomp.77.cpp
  __imp__sub_82588658              ppc_recomp.77.cpp
  __imp__sub_825886B8              ppc_recomp.77.cpp
  __imp__sub_82588718              ppc_recomp.77.cpp
  __imp__sub_82588808              ppc_recomp.77.cpp
  __imp__sub_82588848              ppc_recomp.77.cpp
  __imp__sub_82588940              ppc_recomp.77.cpp
  __imp__sub_825889E8              ppc_recomp.77.cpp
  __imp__sub_82588AF8              ppc_recomp.77.cpp
  __imp__sub_82588B88              ppc_recomp.77.cpp
  __imp__sub_82588C80              ppc_recomp.77.cpp
  __imp__sub_82588CD8              ppc_recomp.77.cpp
  __imp__sub_82588D98              ppc_recomp.77.cpp
  __imp__sub_82588E00              ppc_recomp.77.cpp
  __imp__sub_82588ED8              ppc_recomp.77.cpp
  __imp__sub_82588F50              ppc_recomp.77.cpp
  __imp__sub_82589098              ppc_recomp.77.cpp
  __imp__sub_82589140              ppc_recomp.77.cpp
  __imp__sub_825892D0              ppc_recomp.78.cpp
  __imp__sub_825892E0              ppc_recomp.78.cpp
  __imp__sub_825893B0              ppc_recomp.78.cpp
  __imp__sub_82589448              ppc_recomp.78.cpp
  __imp__sub_82589578              ppc_recomp.78.cpp
  __imp__sub_825895B8              ppc_recomp.78.cpp
  __imp__sub_82589630              ppc_recomp.78.cpp
  __imp__sub_82589658              ppc_recomp.78.cpp
  __imp__sub_82589708              ppc_recomp.78.cpp
  __imp__sub_82589760              ppc_recomp.78.cpp
  __imp__sub_825897F0              ppc_recomp.78.cpp
  __imp__sub_82589898              ppc_recomp.78.cpp
  __imp__sub_82589920              ppc_recomp.78.cpp
  __imp__sub_82589930              ppc_recomp.78.cpp
  __imp__sub_82589990              ppc_recomp.78.cpp
  __imp__sub_825899D8              ppc_recomp.78.cpp
  __imp__sub_82589AD8              ppc_recomp.78.cpp
  __imp__sub_82589BC8              ppc_recomp.78.cpp
  __imp__sub_82589CA8              ppc_recomp.78.cpp
  __imp__sub_82589CC0              ppc_recomp.78.cpp
  __imp__sub_82589D98              ppc_recomp.78.cpp
  __imp__sub_8258A068              ppc_recomp.78.cpp
  __imp__sub_8258A1F8              ppc_recomp.78.cpp
  __imp__sub_8258A418              ppc_recomp.78.cpp
  __imp__sub_8258A4A8              ppc_recomp.78.cpp
  __imp__sub_8258A560              ppc_recomp.78.cpp
  __imp__sub_8258A598              ppc_recomp.78.cpp
  __imp__sub_8258A600              ppc_recomp.78.cpp
  __imp__sub_8258A658              ppc_recomp.78.cpp
  __imp__sub_8258A678              ppc_recomp.78.cpp
  __imp__sub_8258A718              ppc_recomp.78.cpp
  __imp__sub_8258B038              ppc_recomp.78.cpp
  __imp__sub_8258B590              ppc_recomp.78.cpp
  __imp__sub_8258B610              ppc_recomp.78.cpp
  __imp__sub_8258C328              ppc_recomp.78.cpp
  __imp__sub_8258C350              ppc_recomp.78.cpp
  __imp__sub_8258C478              ppc_recomp.78.cpp
  __imp__sub_8258C5A8              ppc_recomp.78.cpp
  __imp__sub_8258C650              ppc_recomp.78.cpp
  __imp__sub_8258C738              ppc_recomp.78.cpp
  __imp__sub_8258C758              ppc_recomp.78.cpp
  __imp__sub_8258C7D8              ppc_recomp.78.cpp
  __imp__sub_8258C878              ppc_recomp.78.cpp
  __imp__sub_8258C8D8              ppc_recomp.78.cpp
  __imp__sub_8258C960              ppc_recomp.78.cpp
  __imp__sub_8258CA20              ppc_recomp.78.cpp
  __imp__sub_8258CB10              ppc_recomp.78.cpp
  __imp__sub_8258CBD8              ppc_recomp.78.cpp
  __imp__sub_8258CD00              ppc_recomp.78.cpp
  __imp__sub_8258CDD0              ppc_recomp.78.cpp
  __imp__sub_8258CEA0              ppc_recomp.78.cpp
  __imp__sub_8258D470              ppc_recomp.78.cpp
  __imp__sub_8258D8C8              ppc_recomp.78.cpp
  __imp__sub_8258DB70              ppc_recomp.78.cpp
  __imp__sub_8258DB80              ppc_recomp.78.cpp
  __imp__sub_8258DE38              ppc_recomp.78.cpp
  __imp__sub_8258E090              ppc_recomp.78.cpp
  __imp__sub_8258E118              ppc_recomp.78.cpp
  __imp__sub_8258E188              ppc_recomp.78.cpp
  __imp__sub_8258E1F8              ppc_recomp.78.cpp
  __imp__sub_8258E220              ppc_recomp.78.cpp
  __imp__sub_8258E2D8              ppc_recomp.78.cpp
  __imp__sub_8258E360              ppc_recomp.78.cpp
  __imp__sub_8258E3B8              ppc_recomp.78.cpp
  __imp__sub_8258E3E8              ppc_recomp.78.cpp
  __imp__sub_8258E3F0              ppc_recomp.78.cpp
  __imp__sub_8258E470              ppc_recomp.78.cpp
  __imp__sub_8258E4C8              ppc_recomp.78.cpp
  __imp__sub_8258E7D8              ppc_recomp.78.cpp
  __imp__sub_8258E8D0              ppc_recomp.78.cpp
  __imp__sub_8258E938              ppc_recomp.78.cpp
  __imp__sub_8258EAA8              ppc_recomp.78.cpp
  __imp__sub_8258EB00              ppc_recomp.78.cpp
  __imp__sub_8258EC78              ppc_recomp.78.cpp
  __imp__sub_8258ECE8              ppc_recomp.78.cpp
  __imp__sub_8258ED58              ppc_recomp.78.cpp
  __imp__sub_8258EE60              ppc_recomp.78.cpp
  __imp__sub_8258EEC0              ppc_recomp.78.cpp
  __imp__sub_8258EF80              ppc_recomp.78.cpp
  __imp__sub_8258EFD8              ppc_recomp.78.cpp
  __imp__sub_8258F040              ppc_recomp.78.cpp
  __imp__sub_8258F0C8              ppc_recomp.78.cpp
  __imp__sub_8258F138              ppc_recomp.78.cpp
  __imp__sub_8258F1A8              ppc_recomp.78.cpp
  __imp__sub_8258F258              ppc_recomp.78.cpp
  __imp__sub_8258F378              ppc_recomp.78.cpp
  __imp__sub_8258F590              ppc_recomp.78.cpp
  __imp__sub_8258F660              ppc_recomp.78.cpp
  __imp__sub_8258F768              ppc_recomp.78.cpp
  __imp__sub_8258F798              ppc_recomp.78.cpp
  __imp__sub_8258F810              ppc_recomp.78.cpp
  __imp__sub_8258FA90              ppc_recomp.78.cpp
  __imp__sub_8258FB78              ppc_recomp.78.cpp
  __imp__sub_8258FC28              ppc_recomp.78.cpp
  __imp__sub_8258FCA0              ppc_recomp.78.cpp
  __imp__sub_8258FD18              ppc_recomp.78.cpp
  __imp__sub_8258FDB8              ppc_recomp.78.cpp
  __imp__sub_8258FE40              ppc_recomp.78.cpp
  __imp__sub_8258FE90              ppc_recomp.78.cpp
  __imp__sub_8258FEB8              ppc_recomp.78.cpp
  __imp__sub_8258FF80              ppc_recomp.78.cpp
  __imp__sub_82590030              ppc_recomp.78.cpp
  __imp__sub_82590AF8              ppc_recomp.79.cpp
  __imp__sub_82590B00              ppc_recomp.79.cpp
  __imp__sub_82590B78              ppc_recomp.79.cpp
  __imp__sub_82591180              ppc_recomp.79.cpp
  __imp__sub_82591298              ppc_recomp.79.cpp
  __imp__sub_82591310              ppc_recomp.79.cpp
  __imp__sub_82591388              ppc_recomp.79.cpp
  __imp__sub_82591690              ppc_recomp.79.cpp
  __imp__sub_825916E8              ppc_recomp.79.cpp
  __imp__sub_82591798              ppc_recomp.79.cpp
  __imp__sub_82591890              ppc_recomp.79.cpp
  __imp__sub_82591948              ppc_recomp.79.cpp
  __imp__sub_825932E0              ppc_recomp.79.cpp
  __imp__sub_825944D0              ppc_recomp.79.cpp
  __imp__sub_825946C0              ppc_recomp.79.cpp
  __imp__sub_82594858              ppc_recomp.79.cpp
  __imp__sub_82594928              ppc_recomp.79.cpp
  __imp__sub_825949A8              ppc_recomp.79.cpp
  __imp__sub_82594A68              ppc_recomp.79.cpp
  __imp__sub_82594FA8              ppc_recomp.79.cpp
  __imp__sub_825950A8              ppc_recomp.79.cpp
  __imp__sub_82595140              ppc_recomp.79.cpp
  __imp__sub_8259B188              ppc_recomp.79.cpp
  __imp__sub_8259B2F0              ppc_recomp.79.cpp
  __imp__sub_8259B350              ppc_recomp.79.cpp
  __imp__sub_8259B3A0              ppc_recomp.79.cpp
  __imp__sub_8259B430              ppc_recomp.79.cpp
  __imp__sub_8259B4B0              ppc_recomp.79.cpp
  __imp__sub_8259B530              ppc_recomp.79.cpp
  __imp__sub_8259B5B0              ppc_recomp.79.cpp
  __imp__sub_8259B658              ppc_recomp.79.cpp
  __imp__sub_8259B728              ppc_recomp.79.cpp
  __imp__sub_8259B748              ppc_recomp.79.cpp
  __imp__sub_8259B758              ppc_recomp.79.cpp
  __imp__sub_8259B798              ppc_recomp.79.cpp
  __imp__sub_8259B7A8              ppc_recomp.79.cpp
  __imp__sub_8259B7E8              ppc_recomp.79.cpp
  __imp__sub_8259B800              ppc_recomp.79.cpp
  __imp__sub_8259B810              ppc_recomp.79.cpp
  __imp__sub_8259B878              ppc_recomp.79.cpp
  __imp__sub_8259B888              ppc_recomp.79.cpp
  __imp__sub_8259B890              ppc_recomp.79.cpp
  __imp__sub_8259B968              ppc_recomp.79.cpp
  __imp__sub_8259BA20              ppc_recomp.79.cpp
  __imp__sub_8259BAB8              ppc_recomp.79.cpp
  __imp__sub_8259BC08              ppc_recomp.80.cpp
  __imp__sub_8259BC88              ppc_recomp.80.cpp
  __imp__sub_8259BDF0              ppc_recomp.80.cpp
  __imp__sub_8259BE20              ppc_recomp.80.cpp
  __imp__sub_8259C100              ppc_recomp.80.cpp
  __imp__sub_8259C108              ppc_recomp.80.cpp
  __imp__sub_8259C110              ppc_recomp.80.cpp
  __imp__sub_8259C1F8              ppc_recomp.80.cpp
  __imp__sub_8259C328              ppc_recomp.80.cpp
  __imp__sub_8259C400              ppc_recomp.80.cpp
  __imp__sub_8259C4D8              ppc_recomp.80.cpp
  __imp__sub_8259C548              ppc_recomp.80.cpp
  __imp__sub_8259C6D0              ppc_recomp.80.cpp
  __imp__sub_8259CCE0              ppc_recomp.80.cpp
  __imp__sub_8259CD88              ppc_recomp.80.cpp
  __imp__sub_8259D1B0              ppc_recomp.80.cpp
  __imp__sub_8259D2A0              ppc_recomp.80.cpp
  __imp__sub_8259D300              ppc_recomp.80.cpp
  __imp__sub_8259D3A0              ppc_recomp.80.cpp
  __imp__sub_8259D7C0              ppc_recomp.80.cpp
  __imp__sub_8259D868              ppc_recomp.80.cpp
  __imp__sub_8259D9B8              ppc_recomp.80.cpp
  __imp__sub_8259DA38              ppc_recomp.80.cpp
  __imp__sub_8259DA78              ppc_recomp.80.cpp
  __imp__sub_8259DB78              ppc_recomp.80.cpp
  __imp__sub_8259DBB0              ppc_recomp.80.cpp
  __imp__sub_8259DBD0              ppc_recomp.80.cpp
  __imp__sub_8259DBE0              ppc_recomp.80.cpp
  __imp__sub_8259DD00              ppc_recomp.80.cpp
  __imp__sub_8259DDC0              ppc_recomp.80.cpp
  __imp__sub_8259DE20              ppc_recomp.80.cpp
  __imp__sub_8259DE50              ppc_recomp.80.cpp
  __imp__sub_8259DEA0              ppc_recomp.80.cpp
  __imp__sub_8259DF00              ppc_recomp.80.cpp
  __imp__sub_8259E000              ppc_recomp.80.cpp
  __imp__sub_8259E020              ppc_recomp.80.cpp
  __imp__sub_8259E050              ppc_recomp.80.cpp
  __imp__sub_8259E150              ppc_recomp.80.cpp
  __imp__sub_8259E158              ppc_recomp.80.cpp
  __imp__sub_8259E240              ppc_recomp.80.cpp
  __imp__sub_8259E248              ppc_recomp.80.cpp
  __imp__sub_8259E7C0              ppc_recomp.81.cpp
  __imp__sub_8259E7D0              ppc_recomp.81.cpp
  __imp__sub_8259E8C0              ppc_recomp.81.cpp
  __imp__sub_8259E8F0              ppc_recomp.81.cpp
  __imp__sub_8259E910              ppc_recomp.81.cpp
  __imp__sub_8259E950              ppc_recomp.81.cpp
  __imp__sub_8259E9D0              ppc_recomp.81.cpp
  __imp__sub_8259EA28              ppc_recomp.81.cpp
  __imp__sub_8259EAD8              ppc_recomp.81.cpp
  __imp__sub_8259EB38              ppc_recomp.81.cpp
  __imp__sub_8259ECC0              ppc_recomp.81.cpp
  __imp__sub_8259EF10              ppc_recomp.81.cpp
  __imp__sub_8259EFD8              ppc_recomp.81.cpp
  __imp__sub_8259F038              ppc_recomp.81.cpp
  __imp__sub_8259F130              ppc_recomp.81.cpp
  __imp__sub_8259F208              ppc_recomp.81.cpp
  __imp__sub_8259F370              ppc_recomp.81.cpp
  __imp__sub_8259F430              ppc_recomp.81.cpp
  __imp__sub_8259F450              ppc_recomp.81.cpp
  __imp__sub_8259F470              ppc_recomp.81.cpp
  __imp__sub_8259F4B0              ppc_recomp.81.cpp
  __imp__sub_8259F690              ppc_recomp.81.cpp
  __imp__sub_8259F908              ppc_recomp.81.cpp
  __imp__sub_8259F9E8              ppc_recomp.81.cpp
  __imp__sub_8259FCE0              ppc_recomp.81.cpp
  __imp__sub_8259FF08              ppc_recomp.81.cpp
  __imp__sub_825A0CD0              ppc_recomp.81.cpp
  __imp__sub_825A0FC8              ppc_recomp.81.cpp
  __imp__sub_825A1008              ppc_recomp.81.cpp
  __imp__sub_825A1070              ppc_recomp.81.cpp
  __imp__sub_825A1088              ppc_recomp.81.cpp
  __imp__sub_825A11B0              ppc_recomp.81.cpp
  __imp__sub_825A11F8              ppc_recomp.81.cpp
  __imp__sub_825A1340              ppc_recomp.81.cpp
  __imp__sub_825A13E8              ppc_recomp.81.cpp
  __imp__sub_825A1478              ppc_recomp.81.cpp
  __imp__sub_825A14B8              ppc_recomp.81.cpp
  __imp__sub_825A1518              ppc_recomp.81.cpp
  __imp__sub_825A1658              ppc_recomp.81.cpp
  __imp__sub_825A16F8              ppc_recomp.81.cpp
  __imp__sub_825A17B0              ppc_recomp.81.cpp
  __imp__sub_825A17D8              ppc_recomp.81.cpp
  __imp__sub_825A1838              ppc_recomp.81.cpp
  __imp__sub_825A1840              ppc_recomp.81.cpp
  __imp__sub_825A1848              ppc_recomp.81.cpp
  __imp__sub_825A1850              ppc_recomp.81.cpp
  __imp__sub_825A1AD0              ppc_recomp.81.cpp
  __imp__sub_825A1BE8              ppc_recomp.81.cpp
  __imp__sub_825A2018              ppc_recomp.81.cpp
  __imp__sub_825A21F0              ppc_recomp.81.cpp
  __imp__sub_825A22E0              ppc_recomp.81.cpp
  __imp__sub_825A2430              ppc_recomp.81.cpp
  __imp__sub_825A2480              ppc_recomp.81.cpp
  __imp__sub_825A24E0              ppc_recomp.81.cpp
  __imp__sub_825A2510              ppc_recomp.81.cpp
  __imp__sub_825A2544              ppc_recomp.81.cpp
  __imp__sub_825A2588              ppc_recomp.81.cpp
  __imp__sub_825A2990              ppc_recomp.81.cpp
  __imp__sub_825A2BE8              ppc_recomp.81.cpp
  __imp__sub_825A2C30              ppc_recomp.81.cpp
  __imp__sub_825A2C78              ppc_recomp.81.cpp
  __imp__sub_825A2D80              ppc_recomp.81.cpp
  __imp__sub_825A2E08              ppc_recomp.81.cpp
  __imp__sub_825A2E88              ppc_recomp.81.cpp
  __imp__sub_825A2F60              ppc_recomp.81.cpp
  __imp__sub_825A3048              ppc_recomp.81.cpp
  __imp__sub_825A3050              ppc_recomp.81.cpp
  __imp__sub_825A3078              ppc_recomp.81.cpp
  __imp__sub_825A3090              ppc_recomp.81.cpp
  __imp__sub_825A30C8              ppc_recomp.81.cpp
  __imp__sub_825A3150              ppc_recomp.81.cpp
  __imp__sub_825A3238              ppc_recomp.81.cpp
  __imp__sub_825A3270              ppc_recomp.81.cpp
  __imp__sub_825A3418              ppc_recomp.81.cpp
  __imp__sub_825A3468              ppc_recomp.81.cpp
  __imp__sub_825A34B0              ppc_recomp.81.cpp
  __imp__sub_825A3518              ppc_recomp.81.cpp
  __imp__sub_825A3598              ppc_recomp.81.cpp
  __imp__sub_825A3600              ppc_recomp.81.cpp
  __imp__sub_825A3638              ppc_recomp.81.cpp
  __imp__sub_825A3670              ppc_recomp.81.cpp
  __imp__sub_825A36E8              ppc_recomp.81.cpp
  __imp__sub_825A38C0              ppc_recomp.81.cpp
  __imp__sub_825A3958              ppc_recomp.81.cpp
  __imp__sub_825A39F0              ppc_recomp.81.cpp
  __imp__sub_825A4578              ppc_recomp.81.cpp
  __imp__sub_825A45E0              ppc_recomp.81.cpp
  __imp__sub_825A5118              ppc_recomp.81.cpp
  __imp__sub_825A5120              ppc_recomp.81.cpp
  __imp__sub_825A5170              ppc_recomp.81.cpp
  __imp__sub_825A5210              ppc_recomp.81.cpp
  __imp__sub_825A5250              ppc_recomp.81.cpp
  __imp__sub_825A5300              ppc_recomp.82.cpp
  __imp__sub_825A5370              ppc_recomp.82.cpp
  __imp__sub_825A5478              ppc_recomp.82.cpp
  __imp__sub_825A54E8              ppc_recomp.82.cpp
  __imp__sub_825A54F0              ppc_recomp.82.cpp
  __imp__sub_825A5538              ppc_recomp.82.cpp
  __imp__sub_825A5540              ppc_recomp.82.cpp
  __imp__sub_825A5548              ppc_recomp.82.cpp
  __imp__sub_825A55A8              ppc_recomp.82.cpp
  __imp__sub_825A56D4              ppc_recomp.82.cpp
  __imp__sub_825A5728              ppc_recomp.82.cpp
  __imp__sub_825A5738              ppc_recomp.82.cpp
  __imp__sub_825A57F0              ppc_recomp.82.cpp
  __imp__sub_825A5820              ppc_recomp.82.cpp
  __imp__sub_825A6240              ppc_recomp.82.cpp
  __imp__sub_825A6288              ppc_recomp.82.cpp
  __imp__sub_825A6298              ppc_recomp.82.cpp
  __imp__sub_825A6438              ppc_recomp.82.cpp
  __imp__sub_825A6488              ppc_recomp.82.cpp
  __imp__sub_825A64A0              ppc_recomp.82.cpp
  __imp__sub_825A6588              ppc_recomp.82.cpp
  __imp__sub_825A65F0              ppc_recomp.82.cpp
  __imp__sub_825A6688              ppc_recomp.82.cpp
  __imp__sub_825A7890              ppc_recomp.82.cpp
  __imp__sub_825A78D8              ppc_recomp.82.cpp
  __imp__sub_825A79C0              ppc_recomp.82.cpp
  __imp__sub_825A7A98              ppc_recomp.82.cpp
  __imp__sub_825A7C70              ppc_recomp.82.cpp
  __imp__sub_825A8240              ppc_recomp.82.cpp
  __imp__sub_825A839C              ppc_recomp.82.cpp
  __imp__sub_825A83D8              ppc_recomp.82.cpp
  __imp__sub_825A8430              ppc_recomp.82.cpp
  __imp__sub_825A84F0              ppc_recomp.82.cpp
  __imp__sub_825A864C              ppc_recomp.82.cpp
  __imp__sub_825A8688              ppc_recomp.82.cpp
  __imp__sub_825A8BB0              ppc_recomp.82.cpp
  __imp__sub_825A8E10              ppc_recomp.82.cpp
  __imp__sub_825A8F6C              ppc_recomp.82.cpp
  __imp__sub_825A9790              ppc_recomp.82.cpp
  __imp__sub_825A9818              ppc_recomp.82.cpp
  __imp__sub_825A9888              ppc_recomp.82.cpp
  __imp__sub_825A98A8              ppc_recomp.82.cpp
  __imp__sub_825A99B8              ppc_recomp.82.cpp
  __imp__sub_825A99E8              ppc_recomp.82.cpp
  __imp__sub_825AA218              ppc_recomp.82.cpp
  __imp__sub_825AA2B0              ppc_recomp.82.cpp
  __imp__sub_825AA340              ppc_recomp.82.cpp
  __imp__sub_825AA3E8              ppc_recomp.82.cpp
  __imp__sub_825AA490              ppc_recomp.82.cpp
  __imp__sub_825AA620              ppc_recomp.82.cpp
  __imp__sub_825AA700              ppc_recomp.82.cpp
  __imp__sub_825AAAC8              ppc_recomp.82.cpp
  __imp__sub_825AAAD8              ppc_recomp.82.cpp
  __imp__sub_825AAC00              ppc_recomp.82.cpp
  __imp__sub_825AAC90              ppc_recomp.82.cpp
  __imp__sub_825AADB8              ppc_recomp.82.cpp
  __imp__sub_825AADC0              ppc_recomp.82.cpp
  __imp__sub_825AADE0              ppc_recomp.82.cpp
  __imp__sub_825AB0E0              ppc_recomp.82.cpp
  __imp__sub_825AB1F8              ppc_recomp.82.cpp
  __imp__sub_825AB208              ppc_recomp.82.cpp
  __imp__sub_825AB250              ppc_recomp.82.cpp
  __imp__sub_825AB2B8              ppc_recomp.82.cpp
  __imp__sub_825AB348              ppc_recomp.82.cpp
  __imp__sub_825AB3A8              ppc_recomp.82.cpp
  __imp__sub_825ABAB8              ppc_recomp.82.cpp
  __imp__sub_825AC1C8              ppc_recomp.82.cpp
  __imp__sub_825AC548              ppc_recomp.82.cpp
  __imp__sub_825AC730              ppc_recomp.82.cpp
  __imp__sub_825AC7F0              ppc_recomp.82.cpp
  __imp__sub_825AC8D0              ppc_recomp.82.cpp
  __imp__sub_825ACAB8              ppc_recomp.82.cpp
  __imp__sub_825ACB90              ppc_recomp.82.cpp
  __imp__sub_825ACC58              ppc_recomp.82.cpp
  __imp__sub_825ACC90              ppc_recomp.82.cpp
  __imp__sub_825AD0A8              ppc_recomp.82.cpp
  __imp__sub_825AD0D8              ppc_recomp.82.cpp
  __imp__sub_825AD410              ppc_recomp.82.cpp
  __imp__sub_825AE148              ppc_recomp.82.cpp
  __imp__sub_825AE320              ppc_recomp.82.cpp
  __imp__sub_825AE340              ppc_recomp.82.cpp
  __imp__sub_825AE3F8              ppc_recomp.82.cpp
  __imp__sub_825AE488              ppc_recomp.82.cpp
  __imp__sub_825AE598              ppc_recomp.82.cpp
  __imp__sub_825AE948              ppc_recomp.82.cpp
  __imp__sub_825AE950              ppc_recomp.82.cpp
  __imp__sub_825AE968              ppc_recomp.82.cpp
  __imp__sub_825AEA08              ppc_recomp.82.cpp
  __imp__sub_825AEA88              ppc_recomp.82.cpp
  __imp__sub_825AEB40              ppc_recomp.82.cpp
  __imp__sub_825AEB48              ppc_recomp.82.cpp
  __imp__sub_825AEB50              ppc_recomp.82.cpp
  __imp__sub_825AEBE0              ppc_recomp.82.cpp
  __imp__sub_825AEC58              ppc_recomp.82.cpp
  __imp__sub_825AECE0              ppc_recomp.82.cpp
  __imp__sub_825AED30              ppc_recomp.82.cpp
  __imp__sub_825AED68              ppc_recomp.82.cpp
  __imp__sub_825AEE00              ppc_recomp.82.cpp
  __imp__sub_825AEE40              ppc_recomp.82.cpp
  __imp__sub_825AEEC0              ppc_recomp.82.cpp
  __imp__sub_825AEF40              ppc_recomp.82.cpp
  __imp__sub_825AEF80              ppc_recomp.82.cpp
  __imp__sub_825AEFF8              ppc_recomp.82.cpp
  __imp__sub_825AF010              ppc_recomp.82.cpp
  __imp__sub_825AF0C8              ppc_recomp.82.cpp
  __imp__sub_825AF158              ppc_recomp.83.cpp
  __imp__sub_825AF168              ppc_recomp.83.cpp
  __imp__sub_825AF188              ppc_recomp.83.cpp
  __imp__sub_825AF190              ppc_recomp.83.cpp
  __imp__sub_825AF198              ppc_recomp.83.cpp
  __imp__sub_825AF1A0              ppc_recomp.83.cpp
  __imp__sub_825AF1A8              ppc_recomp.83.cpp
  __imp__sub_825AF1B0              ppc_recomp.83.cpp
  __imp__sub_825AF1B8              ppc_recomp.83.cpp
  __imp__sub_825AF1C0              ppc_recomp.83.cpp
  __imp__sub_825AF1C8              ppc_recomp.83.cpp
  __imp__sub_825AF2F0              ppc_recomp.83.cpp
  __imp__sub_825AF4D8              ppc_recomp.83.cpp
  __imp__sub_825AF500              ppc_recomp.83.cpp
  __imp__sub_825AF668              ppc_recomp.83.cpp
  __imp__sub_825AF690              ppc_recomp.83.cpp
  __imp__sub_825AF6A0              ppc_recomp.83.cpp
  __imp__sub_825AF6C0              ppc_recomp.83.cpp
  __imp__sub_825AF6C8              ppc_recomp.83.cpp
  __imp__sub_825AF710              ppc_recomp.83.cpp
  __imp__sub_825AF798              ppc_recomp.83.cpp
  __imp__sub_825AF7A0              ppc_recomp.83.cpp
  __imp__sub_825AF7B0              ppc_recomp.83.cpp
  __imp__sub_825AF7B8              ppc_recomp.83.cpp
  __imp__sub_825AF888              ppc_recomp.83.cpp
  __imp__sub_825AF8E8              ppc_recomp.83.cpp
  __imp__sub_825AF920              ppc_recomp.83.cpp
  __imp__sub_825AF9B8              ppc_recomp.83.cpp
  __imp__sub_825AF9D8              ppc_recomp.83.cpp
  __imp__sub_825AF9E8              ppc_recomp.83.cpp
  __imp__sub_825AF9F8              ppc_recomp.83.cpp
  __imp__sub_825AFA00              ppc_recomp.83.cpp
  __imp__sub_825AFBB0              ppc_recomp.83.cpp
  __imp__sub_825AFBB8              ppc_recomp.83.cpp
  __imp__sub_825AFD00              ppc_recomp.83.cpp
  __imp__sub_825AFD08              ppc_recomp.83.cpp
  __imp__sub_825AFD70              ppc_recomp.83.cpp
  __imp__sub_825AFDB0              ppc_recomp.83.cpp
  __imp__sub_825AFE90              ppc_recomp.83.cpp
  __imp__sub_825AFEA0              ppc_recomp.83.cpp
  __imp__sub_825AFEB8              ppc_recomp.83.cpp
  __imp__sub_825AFF50              ppc_recomp.83.cpp
  __imp__sub_825AFFD0              ppc_recomp.83.cpp
  __imp__sub_825B00D0              ppc_recomp.83.cpp
  __imp__sub_825B0170              ppc_recomp.83.cpp
  __imp__sub_825B01B8              ppc_recomp.83.cpp
  __imp__sub_825B01D0              ppc_recomp.83.cpp
  __imp__sub_825B02A8              ppc_recomp.83.cpp
  __imp__sub_825B0350              ppc_recomp.83.cpp
  __imp__sub_825B06F0              ppc_recomp.83.cpp
  __imp__sub_825B0778              ppc_recomp.83.cpp
  __imp__sub_825B07F0              ppc_recomp.83.cpp
  __imp__sub_825B0868              ppc_recomp.83.cpp
  __imp__sub_825B0888              ppc_recomp.83.cpp
  __imp__sub_825B0A48              ppc_recomp.83.cpp
  __imp__sub_825B0B68              ppc_recomp.83.cpp
  __imp__sub_825B0DF8              ppc_recomp.83.cpp
  __imp__sub_825B1200              ppc_recomp.83.cpp
  __imp__sub_825B1338              ppc_recomp.83.cpp
  __imp__sub_825B18A8              ppc_recomp.83.cpp
  __imp__sub_825B1950              ppc_recomp.83.cpp
  __imp__sub_825B1AB8              ppc_recomp.83.cpp
  __imp__sub_825B1CF8              ppc_recomp.83.cpp
  __imp__sub_825B2060              ppc_recomp.83.cpp
  __imp__sub_825B2608              ppc_recomp.83.cpp
  __imp__sub_825B2EA8              ppc_recomp.83.cpp
  __imp__sub_825B2EF8              ppc_recomp.83.cpp
  __imp__sub_825B318C              ppc_recomp.83.cpp
  __imp__sub_825B31E0              ppc_recomp.83.cpp
  __imp__sub_825B3A1C              ppc_recomp.83.cpp
  __imp__sub_825B3A98              ppc_recomp.83.cpp
  __imp__sub_825B3AA8              ppc_recomp.83.cpp
  __imp__sub_825B3BC8              ppc_recomp.83.cpp
  __imp__sub_825B3C00              ppc_recomp.83.cpp
  __imp__sub_825B3C08              ppc_recomp.83.cpp
  __imp__sub_825B3C18              ppc_recomp.83.cpp
  __imp__sub_825B3C80              ppc_recomp.83.cpp
  __imp__sub_825B3C98              ppc_recomp.83.cpp
  __imp__sub_825B3CD0              ppc_recomp.83.cpp
  __imp__sub_825B3CF0              ppc_recomp.83.cpp
  __imp__sub_825B3D38              ppc_recomp.83.cpp
  __imp__sub_825B3D70              ppc_recomp.83.cpp
  __imp__sub_825B3E30              ppc_recomp.83.cpp
  __imp__sub_825B3EC0              ppc_recomp.83.cpp
  __imp__sub_825B3F50              ppc_recomp.83.cpp
  __imp__sub_825B3FA8              ppc_recomp.83.cpp
  __imp__sub_825B4088              ppc_recomp.83.cpp
  __imp__sub_825B40E0              ppc_recomp.83.cpp
  __imp__sub_825B4198              ppc_recomp.83.cpp
  __imp__sub_825B4200              ppc_recomp.83.cpp
  __imp__sub_825B42B8              ppc_recomp.83.cpp
  __imp__sub_825B4300              ppc_recomp.83.cpp
  __imp__sub_825B4340              ppc_recomp.83.cpp
  __imp__sub_825B43B0              ppc_recomp.83.cpp
  __imp__sub_825B43B8              ppc_recomp.83.cpp
  __imp__sub_825B4438              ppc_recomp.83.cpp
  __imp__sub_825B44A8              ppc_recomp.83.cpp
  __imp__sub_825B4508              ppc_recomp.83.cpp
  __imp__sub_825B4578              ppc_recomp.83.cpp
  __imp__sub_825B4650              ppc_recomp.83.cpp
  __imp__sub_825B48D0              ppc_recomp.83.cpp
  __imp__sub_825B4990              ppc_recomp.83.cpp
  __imp__sub_825B4A58              ppc_recomp.83.cpp
  __imp__sub_825B4AB0              ppc_recomp.83.cpp
  __imp__sub_825B4AB8              ppc_recomp.83.cpp
  __imp__sub_825B4AF0              ppc_recomp.83.cpp
  __imp__sub_825B4B58              ppc_recomp.83.cpp
  __imp__sub_825B4BD8              ppc_recomp.83.cpp
  __imp__sub_825B4BE8              ppc_recomp.83.cpp
  __imp__sub_825B4CC8              ppc_recomp.83.cpp
  __imp__sub_825B4D40              ppc_recomp.83.cpp
  __imp__sub_825B4E18              ppc_recomp.83.cpp
  __imp__sub_825B4E70              ppc_recomp.83.cpp
  __imp__sub_825B4E80              ppc_recomp.83.cpp
  __imp__sub_825B4FE8              ppc_recomp.83.cpp
  __imp__sub_825B5038              ppc_recomp.83.cpp
  __imp__sub_825B50D8              ppc_recomp.83.cpp
  __imp__sub_825B5160              ppc_recomp.83.cpp
  __imp__sub_825B5298              ppc_recomp.83.cpp
  __imp__sub_825B5358              ppc_recomp.83.cpp
  __imp__sub_825B53D8              ppc_recomp.83.cpp
  __imp__sub_825B55D8              ppc_recomp.83.cpp
  __imp__sub_825B5830              ppc_recomp.83.cpp
  __imp__sub_825B5A78              ppc_recomp.83.cpp
  __imp__sub_825B5AA0              ppc_recomp.83.cpp
  __imp__sub_825B5AA8              ppc_recomp.83.cpp
  __imp__sub_825B5B20              ppc_recomp.83.cpp
  __imp__sub_825B5B90              ppc_recomp.83.cpp
  __imp__sub_825B5C68              ppc_recomp.83.cpp
  __imp__sub_825B5CB8              ppc_recomp.83.cpp
  __imp__sub_825B5EA8              ppc_recomp.83.cpp
  __imp__sub_825B6628              ppc_recomp.84.cpp
  __imp__sub_825B66E0              ppc_recomp.84.cpp
  __imp__sub_825B7668              ppc_recomp.84.cpp
  __imp__sub_825B7750              ppc_recomp.84.cpp
  __imp__sub_825B7820              ppc_recomp.84.cpp
  __imp__sub_825B80D8              ppc_recomp.84.cpp
  __imp__sub_825B8148              ppc_recomp.84.cpp
  __imp__sub_825B8248              ppc_recomp.84.cpp
  __imp__sub_825B82D0              ppc_recomp.84.cpp
  __imp__sub_825B8428              ppc_recomp.84.cpp
  __imp__sub_825B8470              ppc_recomp.84.cpp
  __imp__sub_825B8548              ppc_recomp.84.cpp
  __imp__sub_825B86C8              ppc_recomp.84.cpp
  __imp__sub_825B8718              ppc_recomp.84.cpp
  __imp__sub_825B8770              ppc_recomp.84.cpp
  __imp__sub_825B87A8              ppc_recomp.84.cpp
  __imp__sub_825B88F8              ppc_recomp.84.cpp
  __imp__sub_825B8EA0              ppc_recomp.84.cpp
  __imp__sub_825B8EB0              ppc_recomp.84.cpp
  __imp__sub_825B8F00              ppc_recomp.84.cpp
  __imp__sub_825B9CF8              ppc_recomp.84.cpp
  __imp__sub_825B9D78              ppc_recomp.84.cpp
  __imp__sub_825B9DE8              ppc_recomp.84.cpp
  __imp__sub_825BA000              ppc_recomp.84.cpp
  __imp__sub_825BA248              ppc_recomp.84.cpp
  __imp__sub_825BA308              ppc_recomp.84.cpp
  __imp__sub_825BA368              ppc_recomp.84.cpp
  __imp__sub_825BA3A0              ppc_recomp.84.cpp
  __imp__sub_825BA5B0              ppc_recomp.84.cpp
  __imp__sub_825BA928              ppc_recomp.84.cpp
  __imp__sub_825BAB18              ppc_recomp.84.cpp
  __imp__sub_825BABB8              ppc_recomp.84.cpp
  __imp__sub_825BACB0              ppc_recomp.84.cpp
  __imp__sub_825BAD20              ppc_recomp.84.cpp
  __imp__sub_825BADE0              ppc_recomp.84.cpp
  __imp__sub_825BAE58              ppc_recomp.84.cpp
  __imp__sub_825BB368              ppc_recomp.84.cpp
  __imp__sub_825BB6C0              ppc_recomp.84.cpp
  __imp__sub_825BB758              ppc_recomp.84.cpp
  __imp__sub_825BB830              ppc_recomp.84.cpp
  __imp__sub_825BB9F8              ppc_recomp.84.cpp
  __imp__sub_825BBAD8              ppc_recomp.84.cpp
  __imp__sub_825BBBA0              ppc_recomp.84.cpp
  __imp__sub_825BBFD8              ppc_recomp.84.cpp
  __imp__sub_825BC038              ppc_recomp.84.cpp
  __imp__sub_825BC0C0              ppc_recomp.84.cpp
  __imp__sub_825BC0D8              ppc_recomp.84.cpp
  __imp__sub_825BC148              ppc_recomp.84.cpp
  __imp__sub_825BC2F8              ppc_recomp.84.cpp
  __imp__sub_825BC388              ppc_recomp.84.cpp
  __imp__sub_825BC3F0              ppc_recomp.84.cpp
  __imp__sub_825BC528              ppc_recomp.84.cpp
  __imp__sub_825BC628              ppc_recomp.84.cpp
  __imp__sub_825BC788              ppc_recomp.84.cpp
  __imp__sub_825BC818              ppc_recomp.84.cpp
  __imp__sub_825BC8E0              ppc_recomp.84.cpp
  __imp__sub_825BCA28              ppc_recomp.84.cpp
  __imp__sub_825BCBE0              ppc_recomp.84.cpp
  __imp__sub_825BCD70              ppc_recomp.84.cpp
  __imp__sub_825BCEA8              ppc_recomp.84.cpp
  __imp__sub_825BCF00              ppc_recomp.84.cpp
  __imp__sub_825BCFE0              ppc_recomp.84.cpp
  __imp__sub_825BD078              ppc_recomp.84.cpp
  __imp__sub_825BD090              ppc_recomp.84.cpp
  __imp__sub_825BD0E8              ppc_recomp.84.cpp
  __imp__sub_825BD138              ppc_recomp.84.cpp
  __imp__sub_825BD2A0              ppc_recomp.84.cpp
  __imp__sub_825BD318              ppc_recomp.84.cpp
  __imp__sub_825BD3C8              ppc_recomp.84.cpp
  __imp__sub_825BD560              ppc_recomp.84.cpp
  __imp__sub_825BD6F8              ppc_recomp.84.cpp
  __imp__sub_825BD860              ppc_recomp.84.cpp
  __imp__sub_825BD900              ppc_recomp.84.cpp
  __imp__sub_825BD980              ppc_recomp.84.cpp
  __imp__sub_825BD9F8              ppc_recomp.84.cpp
  __imp__sub_825BDA90              ppc_recomp.84.cpp
  __imp__sub_825BDB00              ppc_recomp.84.cpp
  __imp__sub_825BDBE8              ppc_recomp.84.cpp
  __imp__sub_825BDFE0              ppc_recomp.84.cpp
  __imp__sub_825BE0C0              ppc_recomp.84.cpp
  __imp__sub_825BE2F0              ppc_recomp.84.cpp
  __imp__sub_825BEB58              ppc_recomp.84.cpp
  __imp__sub_825BEBD8              ppc_recomp.84.cpp
  __imp__sub_825BECD0              ppc_recomp.84.cpp
  __imp__sub_825BED18              ppc_recomp.84.cpp
  __imp__sub_825BEE88              ppc_recomp.84.cpp
  __imp__sub_825BEF00              ppc_recomp.84.cpp
  __imp__sub_825BEF50              ppc_recomp.84.cpp
  __imp__sub_825BEF58              ppc_recomp.84.cpp
  __imp__sub_825BF1C8              ppc_recomp.84.cpp
  __imp__sub_825BF250              ppc_recomp.84.cpp
  __imp__sub_825BF2B8              ppc_recomp.84.cpp
  __imp__sub_825BF3E8              ppc_recomp.84.cpp
  __imp__sub_825BF630              ppc_recomp.84.cpp
  __imp__sub_825BF7F0              ppc_recomp.84.cpp
  __imp__sub_825BF800              ppc_recomp.84.cpp
  __imp__sub_825BF930              ppc_recomp.84.cpp
  __imp__sub_825BFA20              ppc_recomp.84.cpp
  __imp__sub_825BFB78              ppc_recomp.84.cpp
  __imp__sub_825BFCC0              ppc_recomp.84.cpp
  __imp__sub_825C00D8              ppc_recomp.84.cpp
  __imp__sub_825C0170              ppc_recomp.84.cpp
  __imp__sub_825C0178              ppc_recomp.84.cpp
  __imp__sub_825C0180              ppc_recomp.84.cpp
  __imp__sub_825C0188              ppc_recomp.84.cpp
  __imp__sub_825C01B8              ppc_recomp.84.cpp
  __imp__sub_825C01C8              ppc_recomp.84.cpp
  __imp__sub_825C01D8              ppc_recomp.84.cpp
  __imp__sub_825C0208              ppc_recomp.84.cpp
  __imp__sub_825C0230              ppc_recomp.84.cpp
  __imp__sub_825C0268              ppc_recomp.84.cpp
  __imp__sub_825C0298              ppc_recomp.84.cpp
  __imp__sub_825C02C8              ppc_recomp.84.cpp
  __imp__sub_825C02F8              ppc_recomp.84.cpp
  __imp__sub_825C0378              ppc_recomp.84.cpp
  __imp__sub_825C03C8              ppc_recomp.84.cpp
  __imp__sub_825C03F0              ppc_recomp.84.cpp
  __imp__sub_825C0418              ppc_recomp.84.cpp
  __imp__sub_825C0448              ppc_recomp.84.cpp
  __imp__sub_825C0490              ppc_recomp.84.cpp
  __imp__sub_825C04E0              ppc_recomp.84.cpp
  __imp__sub_825C0510              ppc_recomp.85.cpp
  __imp__sub_825C0530              ppc_recomp.85.cpp
  __imp__sub_825C0550              ppc_recomp.85.cpp
  __imp__sub_825C0570              ppc_recomp.85.cpp
  __imp__sub_825C0590              ppc_recomp.85.cpp
  __imp__sub_825C05B0              ppc_recomp.85.cpp
  __imp__sub_825C05C8              ppc_recomp.85.cpp
  __imp__sub_825C05E8              ppc_recomp.85.cpp
  __imp__sub_825C0608              ppc_recomp.85.cpp
  __imp__sub_825C0628              ppc_recomp.85.cpp
  __imp__sub_825C0648              ppc_recomp.85.cpp
  __imp__sub_825C0668              ppc_recomp.85.cpp
  __imp__sub_825C0688              ppc_recomp.85.cpp
  __imp__sub_825C06A8              ppc_recomp.85.cpp
  __imp__sub_825C06C8              ppc_recomp.85.cpp
  __imp__sub_825C06E8              ppc_recomp.85.cpp
  __imp__sub_825C0708              ppc_recomp.85.cpp
  __imp__sub_825C0728              ppc_recomp.85.cpp
  __imp__sub_825C0748              ppc_recomp.85.cpp
  __imp__sub_825C0768              ppc_recomp.85.cpp
  __imp__sub_825C0788              ppc_recomp.85.cpp
  __imp__sub_825C07A8              ppc_recomp.85.cpp
  __imp__sub_825C07C8              ppc_recomp.85.cpp
  __imp__sub_825C07E8              ppc_recomp.85.cpp
  __imp__sub_825C0808              ppc_recomp.85.cpp
  __imp__sub_825C0828              ppc_recomp.85.cpp
  __imp__sub_825C0848              ppc_recomp.85.cpp
  __imp__sub_825C0868              ppc_recomp.85.cpp
  __imp__sub_825C0888              ppc_recomp.85.cpp
  __imp__sub_825C08A8              ppc_recomp.85.cpp
  __imp__sub_825C08C8              ppc_recomp.85.cpp
  __imp__sub_825C08E8              ppc_recomp.85.cpp
  __imp__sub_825C0908              ppc_recomp.85.cpp
  __imp__sub_825C0928              ppc_recomp.85.cpp
  __imp__sub_825C0940              ppc_recomp.85.cpp
  __imp__sub_825C0960              ppc_recomp.85.cpp
  __imp__sub_825C0980              ppc_recomp.85.cpp
  __imp__sub_825C09A0              ppc_recomp.85.cpp
  __imp__sub_825C09C0              ppc_recomp.85.cpp
  __imp__sub_825C09E0              ppc_recomp.85.cpp
  __imp__sub_825C0A00              ppc_recomp.85.cpp
  __imp__sub_825C0A20              ppc_recomp.85.cpp
  __imp__sub_825C0A40              ppc_recomp.85.cpp
  __imp__sub_825C0A58              ppc_recomp.85.cpp
  __imp__sub_825C0A78              ppc_recomp.85.cpp
  __imp__sub_825C0A98              ppc_recomp.85.cpp
  __imp__sub_825C0AB8              ppc_recomp.85.cpp
  __imp__sub_825C0AD8              ppc_recomp.85.cpp
  __imp__sub_825C0AF8              ppc_recomp.85.cpp
  __imp__sub_825C0B18              ppc_recomp.85.cpp
  __imp__sub_825C0B38              ppc_recomp.85.cpp
  __imp__sub_825C0B58              ppc_recomp.85.cpp
  __imp__sub_825C0B70              ppc_recomp.85.cpp
  __imp__sub_825C0B90              ppc_recomp.85.cpp
  __imp__sub_825C0BB0              ppc_recomp.85.cpp
  __imp__sub_825C0BD0              ppc_recomp.85.cpp
  __imp__sub_825C0BF0              ppc_recomp.85.cpp
  __imp__sub_825C0C10              ppc_recomp.85.cpp
  __imp__sub_825C0C30              ppc_recomp.85.cpp
  __imp__sub_825C0C50              ppc_recomp.85.cpp
  __imp__sub_825C0C70              ppc_recomp.85.cpp
  __imp__sub_825C0C90              ppc_recomp.85.cpp
  __imp__sub_825C0CA8              ppc_recomp.85.cpp
  __imp__sub_825C0CC8              ppc_recomp.85.cpp
  __imp__sub_825C0CE8              ppc_recomp.85.cpp
  __imp__sub_825C0D08              ppc_recomp.85.cpp
  __imp__sub_825C0D28              ppc_recomp.85.cpp
  __imp__sub_825C0D48              ppc_recomp.85.cpp
  __imp__sub_825C0D68              ppc_recomp.85.cpp
  __imp__sub_825C0D88              ppc_recomp.85.cpp
  __imp__sub_825C0DA8              ppc_recomp.85.cpp
  __imp__sub_825C0DC8              ppc_recomp.85.cpp
  __imp__sub_825C0DE0              ppc_recomp.85.cpp
  __imp__sub_825C0E00              ppc_recomp.85.cpp
  __imp__sub_825C0E20              ppc_recomp.85.cpp
  __imp__sub_825C0E40              ppc_recomp.85.cpp
  __imp__sub_825C0E60              ppc_recomp.85.cpp
  __imp__sub_825C0E80              ppc_recomp.85.cpp
  __imp__sub_825C0EA0              ppc_recomp.85.cpp
  __imp__sub_825C0EC0              ppc_recomp.85.cpp
  __imp__sub_825C0EE0              ppc_recomp.85.cpp
  __imp__sub_825C0F00              ppc_recomp.85.cpp
  __imp__sub_825C0F18              ppc_recomp.85.cpp
  __imp__sub_825C0F38              ppc_recomp.85.cpp
  __imp__sub_825C0F58              ppc_recomp.85.cpp
  __imp__sub_825C0F78              ppc_recomp.85.cpp
  __imp__sub_825C0F98              ppc_recomp.85.cpp
  __imp__sub_825C0FB0              ppc_recomp.85.cpp
  __imp__sub_825C0FC8              ppc_recomp.85.cpp
  __imp__sub_825C0FF0              ppc_recomp.85.cpp
  __imp__sub_825C1010              ppc_recomp.85.cpp
  __imp__sub_825C1028              ppc_recomp.85.cpp
  __imp__sub_825C1048              ppc_recomp.85.cpp
  __imp__sub_825C1068              ppc_recomp.85.cpp
  __imp__sub_825C1088              ppc_recomp.85.cpp
  __imp__sub_825C10B0              ppc_recomp.85.cpp
  __imp__sub_825C10D0              ppc_recomp.85.cpp
  __imp__sub_825C10F0              ppc_recomp.85.cpp
  __imp__sub_825C1108              ppc_recomp.85.cpp
  __imp__sub_825C1128              ppc_recomp.85.cpp
  __imp__sub_825C1148              ppc_recomp.85.cpp
  __imp__sub_825C1168              ppc_recomp.85.cpp
  __imp__sub_825C1188              ppc_recomp.85.cpp
  __imp__sub_825C11A8              ppc_recomp.85.cpp
  __imp__sub_825C11C8              ppc_recomp.85.cpp
  __imp__sub_825C11E0              ppc_recomp.85.cpp
  __imp__sub_825C1200              ppc_recomp.85.cpp
  __imp__sub_825C1220              ppc_recomp.85.cpp
  __imp__sub_825C1240              ppc_recomp.85.cpp
  __imp__sub_825C1260              ppc_recomp.85.cpp
  __imp__sub_825C1280              ppc_recomp.85.cpp
  __imp__sub_825C12A0              ppc_recomp.85.cpp
  __imp__sub_825C12C0              ppc_recomp.85.cpp
  __imp__sub_825C12E0              ppc_recomp.85.cpp
  __imp__sub_825C1300              ppc_recomp.85.cpp
  __imp__sub_825C1318              ppc_recomp.85.cpp
  __imp__sub_825C1338              ppc_recomp.85.cpp
  __imp__sub_825C1358              ppc_recomp.85.cpp
  __imp__sub_825C1378              ppc_recomp.85.cpp
  __imp__sub_825C1398              ppc_recomp.85.cpp
  __imp__sub_825C13D0              ppc_recomp.85.cpp
  __imp__sub_825C13E0              ppc_recomp.85.cpp
  __imp__sub_825C1408              ppc_recomp.85.cpp
  __imp__sub_825C1430              ppc_recomp.85.cpp
  __imp__sub_825C1450              ppc_recomp.85.cpp
  __imp__sub_825C1470              ppc_recomp.85.cpp
  __imp__sub_825C1490              ppc_recomp.85.cpp
  __imp__sub_825C14B0              ppc_recomp.85.cpp
  __imp__sub_825C14D0              ppc_recomp.85.cpp
  __imp__sub_825C14E8              ppc_recomp.85.cpp
  __imp__sub_825C1508              ppc_recomp.85.cpp
  __imp__sub_825C1528              ppc_recomp.85.cpp
  __imp__sub_825C1548              ppc_recomp.85.cpp
  __imp__sub_825C1568              ppc_recomp.85.cpp
  __imp__sub_825C1580              ppc_recomp.85.cpp
  __imp__sub_825C15A0              ppc_recomp.85.cpp
  __imp__sub_825C15C0              ppc_recomp.85.cpp
  __imp__sub_825C15E0              ppc_recomp.85.cpp
  __imp__sub_825C1600              ppc_recomp.85.cpp
  __imp__sub_825C1620              ppc_recomp.85.cpp
  __imp__sub_825C1638              ppc_recomp.85.cpp
  __imp__sub_825C1658              ppc_recomp.85.cpp
  __imp__sub_825C1678              ppc_recomp.85.cpp
  __imp__sub_825C1698              ppc_recomp.85.cpp
  __imp__sub_825C16B8              ppc_recomp.85.cpp
  __imp__sub_825C16D8              ppc_recomp.85.cpp
  __imp__sub_825C1708              ppc_recomp.85.cpp
  __imp__sub_825C1748              ppc_recomp.85.cpp
  __imp__sub_825C1768              ppc_recomp.85.cpp
  __imp__sub_825C1788              ppc_recomp.85.cpp
  __imp__sub_825C17A8              ppc_recomp.85.cpp
  __imp__sub_825C17C0              ppc_recomp.85.cpp
  __imp__sub_825C17F8              ppc_recomp.85.cpp
  __imp__sub_825C1818              ppc_recomp.85.cpp
  __imp__sub_825C1838              ppc_recomp.85.cpp
  __imp__sub_825C1858              ppc_recomp.85.cpp
  __imp__sub_825C1870              ppc_recomp.85.cpp
  __imp__sub_825C1888              ppc_recomp.85.cpp
  __imp__sub_825C1918              ppc_recomp.85.cpp
  __imp__sub_825C1940              ppc_recomp.85.cpp
  __imp__sub_825C1968              ppc_recomp.85.cpp
  __imp__sub_825C1978              ppc_recomp.85.cpp
  __imp__sub_825C1998              ppc_recomp.85.cpp
  __imp__sub_825C19D8              ppc_recomp.85.cpp
  __imp__sub_825C1A28              ppc_recomp.85.cpp
  __imp__sub_825C1A48              ppc_recomp.85.cpp
  __imp__sub_825C1A58              ppc_recomp.85.cpp
  __imp__sub_825C1A68              ppc_recomp.85.cpp
  __imp__sub_825C1A78              ppc_recomp.85.cpp
  __imp__sub_825C1A88              ppc_recomp.85.cpp
  __imp__sub_825C1A98              ppc_recomp.85.cpp
  __imp__sub_825C1AA8              ppc_recomp.85.cpp
  __imp__sub_825C1AB8              ppc_recomp.85.cpp
  __imp__sub_825C1AC8              ppc_recomp.85.cpp
  __imp__sub_825C1AD8              ppc_recomp.85.cpp
  __imp__sub_825C1AE8              ppc_recomp.85.cpp
  __imp__sub_825C1AF8              ppc_recomp.85.cpp
  __imp__sub_825C1B08              ppc_recomp.85.cpp
  __imp__sub_825C1B18              ppc_recomp.85.cpp
  __imp__sub_825C1B28              ppc_recomp.85.cpp
  __imp__sub_825C1B38              ppc_recomp.85.cpp
  __imp__sub_825C1B48              ppc_recomp.85.cpp
  __imp__sub_825C1B58              ppc_recomp.85.cpp
  __imp__sub_825C1B68              ppc_recomp.85.cpp
  __imp__sub_825C1B78              ppc_recomp.85.cpp
  __imp__sub_825C1B88              ppc_recomp.85.cpp
  __imp__sub_825C1B98              ppc_recomp.85.cpp
  __imp__sub_825C1BA8              ppc_recomp.85.cpp
  __imp__sub_825C1BB8              ppc_recomp.85.cpp
  __imp__sub_825C1BC8              ppc_recomp.85.cpp
  __imp__sub_825C1BD8              ppc_recomp.85.cpp
  __imp__sub_825C1BE8              ppc_recomp.85.cpp
  __imp__sub_825C1BF8              ppc_recomp.85.cpp
  __imp__sub_825C1C08              ppc_recomp.85.cpp
  __imp__sub_825C1C18              ppc_recomp.85.cpp
  __imp__sub_825C1C28              ppc_recomp.85.cpp
  __imp__sub_825C1C38              ppc_recomp.85.cpp
  __imp__sub_825C1C48              ppc_recomp.85.cpp
  __imp__sub_825C1C58              ppc_recomp.85.cpp
  __imp__sub_825C1C78              ppc_recomp.85.cpp
  __imp__sub_825C1C98              ppc_recomp.86.cpp
  __imp__sub_825C1CB8              ppc_recomp.86.cpp
  __imp__sub_825C1CD8              ppc_recomp.86.cpp
  __imp__sub_825C1CF8              ppc_recomp.86.cpp
  __imp__sub_825C1D10              ppc_recomp.86.cpp
  __imp__sub_825C1D30              ppc_recomp.86.cpp
  __imp__sub_825C1D50              ppc_recomp.86.cpp
  __imp__sub_825C1D70              ppc_recomp.86.cpp
  __imp__sub_825C1D90              ppc_recomp.86.cpp
  __imp__sub_825C1DB8              ppc_recomp.86.cpp
  __imp__sub_825C1DD0              ppc_recomp.86.cpp
  __imp__sub_825C1DF0              ppc_recomp.86.cpp
  __imp__sub_825C1E10              ppc_recomp.86.cpp
  __imp__sub_825C1E30              ppc_recomp.86.cpp
  __imp__sub_825C1E50              ppc_recomp.86.cpp
  __imp__sub_825C1E70              ppc_recomp.86.cpp
  __imp__sub_825C1E90              ppc_recomp.86.cpp
  __imp__sub_825C1EB0              ppc_recomp.86.cpp
  __imp__sub_825C1ED0              ppc_recomp.86.cpp
  __imp__sub_825C1EF0              ppc_recomp.86.cpp
  __imp__sub_825C1F10              ppc_recomp.86.cpp
  __imp__sub_825C1F30              ppc_recomp.86.cpp
  __imp__sub_825C1F50              ppc_recomp.86.cpp
  __imp__sub_825C1F70              ppc_recomp.86.cpp
  __imp__sub_825C1F90              ppc_recomp.86.cpp
  __imp__sub_825C1FB0              ppc_recomp.86.cpp
  __imp__sub_825C1FD0              ppc_recomp.86.cpp
  __imp__sub_825C1FF0              ppc_recomp.86.cpp
  __imp__sub_825C2010              ppc_recomp.86.cpp
  __imp__sub_825C2030              ppc_recomp.86.cpp
  __imp__sub_825C2050              ppc_recomp.86.cpp
  __imp__sub_825C2070              ppc_recomp.86.cpp
  __imp__sub_825C2090              ppc_recomp.86.cpp
  __imp__sub_825C20B0              ppc_recomp.86.cpp
  __imp__sub_825C20D8              ppc_recomp.86.cpp
  __imp__sub_825C20F0              ppc_recomp.86.cpp
  __imp__sub_825C2128              ppc_recomp.86.cpp
  __imp__sub_825C2140              ppc_recomp.86.cpp
  __imp__sub_825C2170              ppc_recomp.86.cpp
  __imp__sub_825C2190              ppc_recomp.86.cpp
  __imp__sub_825C21C0              ppc_recomp.86.cpp
  __imp__sub_825C21E0              ppc_recomp.86.cpp
  __imp__sub_825C2200              ppc_recomp.86.cpp
  __imp__sub_825C2220              ppc_recomp.86.cpp
  __imp__sub_825C2250              ppc_recomp.86.cpp
  __imp__sub_825C2278              ppc_recomp.86.cpp
  __imp__sub_825C22C8              ppc_recomp.86.cpp
  __imp__sub_825C22E8              ppc_recomp.86.cpp
  __imp__sub_825C2318              ppc_recomp.86.cpp
  __imp__sub_825C2330              ppc_recomp.86.cpp
  __imp__sub_825C2348              ppc_recomp.86.cpp
  __imp__sub_825C2360              ppc_recomp.86.cpp
  __imp__sub_825C2390              ppc_recomp.86.cpp
  __imp__sub_825C23C0              ppc_recomp.86.cpp
  __imp__sub_825C23F0              ppc_recomp.86.cpp
  __imp__sub_825C2458              ppc_recomp.86.cpp
  __imp__sub_825C2478              ppc_recomp.86.cpp
  __imp__sub_825C2498              ppc_recomp.86.cpp
  __imp__sub_825C24B8              ppc_recomp.86.cpp
  __imp__sub_825C24D8              ppc_recomp.86.cpp
  __imp__sub_825C24F0              ppc_recomp.86.cpp
  __imp__sub_825C2518              ppc_recomp.86.cpp
  __imp__sub_825C2540              ppc_recomp.86.cpp
  __imp__sub_825C2560              ppc_recomp.86.cpp
  __imp__sub_825C2578              ppc_recomp.86.cpp
  __imp__sub_825C2598              ppc_recomp.86.cpp
  __imp__sub_825C25B8              ppc_recomp.86.cpp
  __imp__sub_825C25D8              ppc_recomp.86.cpp
  __imp__sub_825C25F8              ppc_recomp.86.cpp
  __imp__sub_825C2618              ppc_recomp.86.cpp
  __imp__sub_825C2638              ppc_recomp.86.cpp
  __imp__sub_825C2658              ppc_recomp.86.cpp
  __imp__sub_825C2678              ppc_recomp.86.cpp
  __imp__sub_825C2698              ppc_recomp.86.cpp
  __imp__sub_825C26F0              ppc_recomp.86.cpp
  __imp__sub_825C2710              ppc_recomp.86.cpp
  __imp__sub_825C2730              ppc_recomp.86.cpp
  __imp__sub_825C2750              ppc_recomp.86.cpp
  __imp__sub_825C2770              ppc_recomp.86.cpp
  __imp__sub_825C2790              ppc_recomp.86.cpp
  __imp__sub_825C27B0              ppc_recomp.86.cpp
  __imp__sub_825C27D0              ppc_recomp.86.cpp
  __imp__sub_825C27F0              ppc_recomp.86.cpp
  __imp__sub_825C2810              ppc_recomp.86.cpp
  __imp__sub_825C2830              ppc_recomp.86.cpp
  __imp__sub_825C2850              ppc_recomp.86.cpp
  __imp__sub_825C2870              ppc_recomp.86.cpp
  __imp__sub_825C2890              ppc_recomp.86.cpp
  __imp__sub_825C28B0              ppc_recomp.86.cpp
  __imp__sub_825C28D0              ppc_recomp.86.cpp
  __imp__sub_825C2908              ppc_recomp.86.cpp
  __imp__sub_825C2938              ppc_recomp.86.cpp
  __imp__sub_825C2958              ppc_recomp.86.cpp
  __imp__sub_825C2970              ppc_recomp.86.cpp
  __imp__sub_825C2990              ppc_recomp.86.cpp
  __imp__sub_825C29B0              ppc_recomp.86.cpp
  __imp__sub_825C29D0              ppc_recomp.86.cpp
  __imp__sub_825C29E8              ppc_recomp.86.cpp
  __imp__sub_825C2A00              ppc_recomp.86.cpp
  __imp__sub_825C2A20              ppc_recomp.86.cpp
  __imp__sub_825C2A40              ppc_recomp.86.cpp
  __imp__sub_825C2A60              ppc_recomp.86.cpp
  __imp__sub_825C2A80              ppc_recomp.86.cpp
  __imp__sub_825C2A98              ppc_recomp.86.cpp
  __imp__sub_825C2AB8              ppc_recomp.86.cpp
  __imp__sub_825C2AE8              ppc_recomp.86.cpp
  __imp__sub_825C2B00              ppc_recomp.86.cpp
  __imp__sub_825C2B18              ppc_recomp.86.cpp
  __imp__sub_825C2B38              ppc_recomp.86.cpp
  __imp__sub_825C2B50              ppc_recomp.86.cpp
  __imp__sub_825C2B68              ppc_recomp.86.cpp
  __imp__sub_825C2B88              ppc_recomp.86.cpp
  __imp__sub_825C2BA8              ppc_recomp.86.cpp
  __imp__sub_825C2BC8              ppc_recomp.86.cpp
  __imp__sub_825C2BE0              ppc_recomp.86.cpp
  __imp__sub_825C2BF8              ppc_recomp.86.cpp
  __imp__sub_825C2C18              ppc_recomp.86.cpp
  __imp__sub_825C2C30              ppc_recomp.86.cpp
  __imp__sub_825C2C50              ppc_recomp.86.cpp
  __imp__sub_825C2C70              ppc_recomp.86.cpp
  __imp__sub_825C2C90              ppc_recomp.86.cpp
  __imp__sub_825C2CB8              ppc_recomp.86.cpp
  __imp__sub_825C2CD8              ppc_recomp.86.cpp
  __imp__sub_825C2CF0              ppc_recomp.86.cpp
  __imp__sub_825C2D18              ppc_recomp.86.cpp
  __imp__sub_825C2D30              ppc_recomp.86.cpp
  __imp__sub_825C2D50              ppc_recomp.86.cpp
  __imp__sub_825C2D70              ppc_recomp.86.cpp
  __imp__sub_825C2D90              ppc_recomp.86.cpp
  __imp__sub_825C2DA8              ppc_recomp.86.cpp
  __imp__sub_825C2DD0              ppc_recomp.86.cpp
  __imp__sub_825C2DE8              ppc_recomp.86.cpp
  __imp__sub_825C2E00              ppc_recomp.86.cpp
  __imp__sub_825C2E18              ppc_recomp.86.cpp
  __imp__sub_825C2E38              ppc_recomp.86.cpp
  __imp__sub_825C2E58              ppc_recomp.86.cpp
  __imp__sub_825C2E78              ppc_recomp.86.cpp
  __imp__sub_825C2E90              ppc_recomp.86.cpp
  __imp__sub_825C2EA8              ppc_recomp.86.cpp
  __imp__sub_825C2EC8              ppc_recomp.86.cpp
  __imp__sub_825C2EE8              ppc_recomp.86.cpp
  __imp__sub_825C2F08              ppc_recomp.86.cpp
  __imp__sub_825C2F28              ppc_recomp.86.cpp
  __imp__sub_825C2F48              ppc_recomp.86.cpp
  __imp__sub_825C2F78              ppc_recomp.86.cpp
  __imp__sub_825C2F98              ppc_recomp.86.cpp
  __imp__sub_825C2FB8              ppc_recomp.86.cpp
  __imp__sub_825C2FD8              ppc_recomp.86.cpp
  __imp__sub_825C2FF8              ppc_recomp.86.cpp
  __imp__sub_825C3018              ppc_recomp.86.cpp
  __imp__sub_825C3038              ppc_recomp.86.cpp
  __imp__sub_825C3058              ppc_recomp.86.cpp
  __imp__sub_825C3078              ppc_recomp.86.cpp
  __imp__sub_825C30A8              ppc_recomp.86.cpp
  __imp__sub_825C30F0              ppc_recomp.86.cpp
  __imp__sub_825C3110              ppc_recomp.86.cpp
  __imp__sub_825C3130              ppc_recomp.86.cpp
  __imp__sub_825C3148              ppc_recomp.86.cpp
  __imp__sub_825C3190              ppc_recomp.86.cpp
  __imp__sub_825C31B0              ppc_recomp.86.cpp
  __imp__sub_825C31C8              ppc_recomp.86.cpp
  __imp__sub_825C31F0              ppc_recomp.86.cpp
  __imp__sub_825C3210              ppc_recomp.86.cpp
  __imp__sub_825C3230              ppc_recomp.86.cpp
  __imp__sub_825C3250              ppc_recomp.86.cpp
  __imp__sub_825C3270              ppc_recomp.86.cpp
  __imp__sub_825C3290              ppc_recomp.86.cpp
  __imp__sub_825C32B0              ppc_recomp.86.cpp
  __imp__sub_825C32D0              ppc_recomp.86.cpp
  __imp__sub_825C32F0              ppc_recomp.86.cpp
  __imp__sub_825C3308              ppc_recomp.86.cpp
  __imp__sub_825C3328              ppc_recomp.86.cpp
  __imp__sub_825C3348              ppc_recomp.86.cpp
  __imp__sub_825C3368              ppc_recomp.86.cpp
  __imp__sub_825C3388              ppc_recomp.86.cpp
  __imp__sub_825C33A8              ppc_recomp.86.cpp
  __imp__sub_825C33C8              ppc_recomp.86.cpp
  __imp__sub_825C33E8              ppc_recomp.86.cpp
  __imp__sub_825C3408              ppc_recomp.86.cpp
  __imp__sub_825C3420              ppc_recomp.86.cpp
  __imp__sub_825C3440              ppc_recomp.86.cpp
  __imp__sub_825C3460              ppc_recomp.86.cpp
  __imp__sub_825C3480              ppc_recomp.86.cpp
  __imp__sub_825C34A0              ppc_recomp.86.cpp
  __imp__sub_825C34C0              ppc_recomp.86.cpp
  __imp__sub_825C34E0              ppc_recomp.86.cpp
  __imp__sub_825C3500              ppc_recomp.87.cpp
  __imp__sub_825C3520              ppc_recomp.87.cpp
  __imp__sub_825C3540              ppc_recomp.87.cpp
  __imp__sub_825C3558              ppc_recomp.87.cpp
  __imp__sub_825C3578              ppc_recomp.87.cpp
  __imp__sub_825C3598              ppc_recomp.87.cpp
  __imp__sub_825C35B8              ppc_recomp.87.cpp
  __imp__sub_825C35D8              ppc_recomp.87.cpp
  __imp__sub_825C3628              ppc_recomp.87.cpp
  __imp__sub_825C3650              ppc_recomp.87.cpp
  __imp__sub_825C3688              ppc_recomp.87.cpp
  __imp__sub_825C36B0              ppc_recomp.87.cpp
  __imp__sub_825C3700              ppc_recomp.87.cpp
  __imp__sub_825C3730              ppc_recomp.87.cpp
  __imp__sub_825C3760              ppc_recomp.87.cpp
  __imp__sub_825C3790              ppc_recomp.87.cpp
  __imp__sub_825C37C0              ppc_recomp.87.cpp
  __imp__sub_825C37F0              ppc_recomp.87.cpp
  __imp__sub_825C3820              ppc_recomp.87.cpp
  __imp__sub_825C3850              ppc_recomp.87.cpp
  __imp__sub_825C3880              ppc_recomp.87.cpp
  __imp__sub_825C38A0              ppc_recomp.87.cpp
  __imp__sub_825C38C0              ppc_recomp.87.cpp
  __imp__sub_825C38E0              ppc_recomp.87.cpp
  __imp__sub_825C3900              ppc_recomp.87.cpp
  __imp__sub_825C3920              ppc_recomp.87.cpp
  __imp__sub_825C3940              ppc_recomp.87.cpp
  __imp__sub_825C3958              ppc_recomp.87.cpp
  __imp__sub_825C3978              ppc_recomp.87.cpp
  __imp__sub_825C3998              ppc_recomp.87.cpp
  __imp__sub_825C39B8              ppc_recomp.87.cpp
  __imp__sub_825C39D8              ppc_recomp.87.cpp
  __imp__sub_825C39E8              ppc_recomp.87.cpp
  __imp__sub_825C3A08              ppc_recomp.87.cpp
  __imp__sub_825C3A28              ppc_recomp.87.cpp
  __imp__sub_825C3A48              ppc_recomp.87.cpp
  __imp__sub_825C3A68              ppc_recomp.87.cpp
  __imp__sub_825C3A88              ppc_recomp.87.cpp
  __imp__sub_825C3AA8              ppc_recomp.87.cpp
  __imp__sub_825C3AC8              ppc_recomp.87.cpp
  __imp__sub_825C3AE8              ppc_recomp.87.cpp
  __imp__sub_825C3B08              ppc_recomp.87.cpp
  __imp__sub_825C3B20              ppc_recomp.87.cpp
  __imp__sub_825C3B40              ppc_recomp.87.cpp
  __imp__sub_825C3B60              ppc_recomp.87.cpp
  __imp__sub_825C3B80              ppc_recomp.87.cpp
  __imp__sub_825C3BA0              ppc_recomp.87.cpp
  __imp__sub_825C3BB0              ppc_recomp.87.cpp
  __imp__sub_825C3BC8              ppc_recomp.87.cpp
  __imp__sub_825C3BE8              ppc_recomp.87.cpp
  __imp__sub_825C3C08              ppc_recomp.87.cpp
  __imp__sub_825C3C28              ppc_recomp.87.cpp
  __imp__sub_825C3C48              ppc_recomp.87.cpp
  __imp__sub_825C3C68              ppc_recomp.87.cpp
  __imp__sub_825C3C80              ppc_recomp.87.cpp
  __imp__sub_825C3CA0              ppc_recomp.87.cpp
  __imp__sub_825C3CC0              ppc_recomp.87.cpp
  __imp__sub_825C3CE0              ppc_recomp.87.cpp
  __imp__sub_825C3D00              ppc_recomp.87.cpp
  __imp__sub_825C3D18              ppc_recomp.87.cpp
  __imp__sub_825C3D30              ppc_recomp.87.cpp
  __imp__sub_825C3D50              ppc_recomp.87.cpp
  __imp__sub_825C3D70              ppc_recomp.87.cpp
  __imp__sub_825C3D88              ppc_recomp.87.cpp
  __imp__sub_825C3DA0              ppc_recomp.87.cpp
  __imp__sub_825C3DB8              ppc_recomp.87.cpp
  __imp__sub_825C3DD0              ppc_recomp.87.cpp
  __imp__sub_825C3DF0              ppc_recomp.87.cpp
  __imp__sub_825C3E10              ppc_recomp.87.cpp
  __imp__sub_825C3E30              ppc_recomp.87.cpp
  __imp__sub_825C3E50              ppc_recomp.87.cpp
  __imp__sub_825C3E70              ppc_recomp.87.cpp
  __imp__sub_825C3E88              ppc_recomp.87.cpp
  __imp__sub_825C3EA8              ppc_recomp.87.cpp
  __imp__sub_825C3EC8              ppc_recomp.87.cpp
  __imp__sub_825C3EE8              ppc_recomp.87.cpp
  __imp__sub_825C3F08              ppc_recomp.87.cpp
  __imp__sub_825C3F28              ppc_recomp.87.cpp
  __imp__sub_825C3F68              ppc_recomp.87.cpp
  __imp__sub_825C3FD8              ppc_recomp.87.cpp
  __imp__sub_825C4078              ppc_recomp.87.cpp
  __imp__sub_825C40A0              ppc_recomp.87.cpp
  __imp__sub_825C40E0              ppc_recomp.87.cpp
  __imp__sub_825C41B8              ppc_recomp.87.cpp
  __imp__sub_825C41F0              ppc_recomp.87.cpp
  __imp__sub_825C4348              ppc_recomp.87.cpp
  __imp__sub_825C43C8              ppc_recomp.87.cpp
  __imp__sub_825C43E8              ppc_recomp.87.cpp
  __imp__sub_825C4408              ppc_recomp.87.cpp
  __imp__sub_825C4428              ppc_recomp.87.cpp
  __imp__sub_825C4448              ppc_recomp.87.cpp
  __imp__sub_825C4468              ppc_recomp.87.cpp
  __imp__sub_825C4480              ppc_recomp.87.cpp
  __imp__sub_825C44A0              ppc_recomp.87.cpp
  __imp__sub_825C44C0              ppc_recomp.87.cpp
  __imp__sub_825C44E0              ppc_recomp.87.cpp
  __imp__sub_825C4500              ppc_recomp.87.cpp
  __imp__sub_825C4518              ppc_recomp.87.cpp
  __imp__sub_825C4E10              ppc_recomp.87.cpp
  __imp__sub_825C5540              ppc_recomp.87.cpp
  __imp__sub_825C5E38              ppc_recomp.87.cpp
  __imp__sub_825C5E58              ppc_recomp.87.cpp
  __imp__sub_825C5E78              ppc_recomp.87.cpp
  __imp__sub_825C5E98              ppc_recomp.87.cpp
  __imp__sub_825C5EB8              ppc_recomp.87.cpp
  __imp__sub_825C5ED8              ppc_recomp.87.cpp
  __imp__sub_825C5EF0              ppc_recomp.87.cpp
  __imp__sub_825C5F10              ppc_recomp.87.cpp
  __imp__sub_825C5F30              ppc_recomp.87.cpp
  __imp__sub_825C5F50              ppc_recomp.87.cpp
  __imp__sub_825C5F70              ppc_recomp.87.cpp
  __imp__sub_825C5F90              ppc_recomp.87.cpp
  __imp__sub_825C5FA8              ppc_recomp.87.cpp
  __imp__sub_825C5FC8              ppc_recomp.87.cpp
  __imp__sub_825C5FE0              ppc_recomp.87.cpp
  __imp__sub_825C5FF8              ppc_recomp.87.cpp
  __imp__sub_825C6010              ppc_recomp.87.cpp
  __imp__sub_825C6030              ppc_recomp.87.cpp
  __imp__sub_825C6050              ppc_recomp.87.cpp
  __imp__sub_825C6070              ppc_recomp.87.cpp
  __imp__sub_825C6090              ppc_recomp.87.cpp
  __imp__sub_825C60B0              ppc_recomp.87.cpp
  __imp__sub_825C60D0              ppc_recomp.87.cpp
  __imp__sub_825C60F0              ppc_recomp.87.cpp
  __imp__sub_825C6108              ppc_recomp.87.cpp
  __imp__sub_825C6128              ppc_recomp.87.cpp
  __imp__sub_825C6148              ppc_recomp.87.cpp
  __imp__sub_825C6168              ppc_recomp.87.cpp
  __imp__sub_825C6188              ppc_recomp.87.cpp
  __imp__sub_825C61B8              ppc_recomp.87.cpp
  __imp__sub_825C61C8              ppc_recomp.87.cpp
  __imp__sub_825C6200              ppc_recomp.87.cpp
  __imp__sub_825C6238              ppc_recomp.87.cpp
  __imp__sub_825C6270              ppc_recomp.87.cpp
  __imp__sub_825C6280              ppc_recomp.87.cpp
  __imp__sub_825C62A0              ppc_recomp.87.cpp
  __imp__sub_825C62C0              ppc_recomp.87.cpp
  __imp__sub_825C62E0              ppc_recomp.87.cpp
  __imp__sub_825C6300              ppc_recomp.87.cpp
  __imp__sub_825C6320              ppc_recomp.87.cpp
  __imp__sub_825C6338              ppc_recomp.87.cpp
  __imp__sub_825C6358              ppc_recomp.87.cpp
  __imp__sub_825C6378              ppc_recomp.87.cpp
  __imp__sub_825C6398              ppc_recomp.87.cpp
  __imp__sub_825C6408              ppc_recomp.87.cpp
  __imp__sub_825C6480              ppc_recomp.87.cpp
  __imp__sub_825C64B0              ppc_recomp.87.cpp
  __imp__sub_825C6528              ppc_recomp.87.cpp
  __imp__sub_825C6550              ppc_recomp.87.cpp
  __imp__sub_825C6570              ppc_recomp.87.cpp
  __imp__sub_825C6580              ppc_recomp.87.cpp
  __imp__sub_825C65A0              ppc_recomp.87.cpp
  __imp__sub_825C65F8              ppc_recomp.87.cpp
  __imp__sub_825C6630              ppc_recomp.87.cpp
  __imp__sub_825C6668              ppc_recomp.87.cpp
  __imp__sub_825C66A0              ppc_recomp.87.cpp
  __imp__sub_825C66E0              ppc_recomp.87.cpp
  __imp__sub_825C66F8              ppc_recomp.87.cpp
  __imp__sub_825C6700              ppc_recomp.87.cpp
  __imp__sub_825C6718              ppc_recomp.87.cpp
  __imp__sub_825C6748              ppc_recomp.87.cpp
  __imp__sub_825C6758              ppc_recomp.87.cpp
  __imp__sub_825C67A0              ppc_recomp.87.cpp
  __imp__sub_825C67B0              ppc_recomp.87.cpp
  __imp__sub_825C67C8              ppc_recomp.87.cpp
  __imp__sub_825C67D0              ppc_recomp.87.cpp
  __imp__sub_825C67D8              ppc_recomp.87.cpp
  __imp__sub_825C67E0              ppc_recomp.87.cpp
  __imp__sub_825C67E8              ppc_recomp.87.cpp
  __imp__sub_825C67F0              ppc_recomp.87.cpp
  __imp__sub_825C67F8              ppc_recomp.87.cpp
  __imp__sub_825C6800              ppc_recomp.87.cpp
  __imp__sub_825C6808              ppc_recomp.87.cpp
  __imp__sub_825C6810              ppc_recomp.87.cpp
  __imp__sub_825C6818              ppc_recomp.87.cpp
  __imp__sub_825C6820              ppc_recomp.87.cpp
  __imp__sub_825C6828              ppc_recomp.87.cpp
  __imp__sub_825C6830              ppc_recomp.87.cpp
  __imp__sub_825C6838              ppc_recomp.87.cpp
  __imp__sub_825C6840              ppc_recomp.87.cpp
  __imp__sub_825C6848              ppc_recomp.87.cpp
  __imp__sub_825C6850              ppc_recomp.87.cpp
  __imp__sub_825C6858              ppc_recomp.87.cpp
  __imp__sub_825C6870              ppc_recomp.87.cpp
  __imp__sub_825C6888              ppc_recomp.87.cpp
  __imp__sub_825C6890              ppc_recomp.87.cpp
  __imp__sub_825C6898              ppc_recomp.87.cpp
  __imp__sub_825C68A0              ppc_recomp.88.cpp
  __imp__sub_825C68A8              ppc_recomp.88.cpp
  __imp__sub_825C68B0              ppc_recomp.88.cpp
  __imp__sub_825C68B8              ppc_recomp.88.cpp
  __imp__sub_825C68C0              ppc_recomp.88.cpp
  __imp__sub_825C68D0              ppc_recomp.88.cpp
  __imp__sub_825C68E8              ppc_recomp.88.cpp
  __imp__sub_825C68F0              ppc_recomp.88.cpp
  __imp__sub_825C68F8              ppc_recomp.88.cpp
  __imp__sub_825C6908              ppc_recomp.88.cpp
  __imp__sub_825C6918              ppc_recomp.88.cpp
  __imp__sub_825C6938              ppc_recomp.88.cpp
  __imp__sub_825C6990              ppc_recomp.88.cpp
  __imp__sub_825C69A0              ppc_recomp.88.cpp
  __imp__sub_825C69F8              ppc_recomp.88.cpp
  __imp__sub_825C6A38              ppc_recomp.88.cpp
  __imp__sub_825C6A48              ppc_recomp.88.cpp
  __imp__sub_825C6A88              ppc_recomp.88.cpp
  __imp__sub_825C6AF8              ppc_recomp.88.cpp
  __imp__sub_825C6B10              ppc_recomp.88.cpp
  __imp__sub_825C6B28              ppc_recomp.88.cpp
  __imp__sub_825C6B40              ppc_recomp.88.cpp

Aliases selecionados:
  __restfpr_14                     -> __imp____restfpr_14
  __restfpr_15                     -> __imp____restfpr_15
  __restfpr_16                     -> __imp____restfpr_16
  __restfpr_17                     -> __imp____restfpr_17
  __restfpr_18                     -> __imp____restfpr_18
  __restfpr_19                     -> __imp____restfpr_19
  __restfpr_20                     -> __imp____restfpr_20
  __restfpr_21                     -> __imp____restfpr_21
  __restfpr_22                     -> __imp____restfpr_22
  __restfpr_23                     -> __imp____restfpr_23
  __restfpr_24                     -> __imp____restfpr_24
  __restfpr_25                     -> __imp____restfpr_25
  __restfpr_26                     -> __imp____restfpr_26
  __restfpr_27                     -> __imp____restfpr_27
  __restfpr_28                     -> __imp____restfpr_28
  __restgprlr_14                   -> __imp____restgprlr_14
  __restgprlr_15                   -> __imp____restgprlr_15
  __restgprlr_16                   -> __imp____restgprlr_16
  __restgprlr_17                   -> __imp____restgprlr_17
  __restgprlr_18                   -> __imp____restgprlr_18
  __restgprlr_19                   -> __imp____restgprlr_19
  __restgprlr_20                   -> __imp____restgprlr_20
  __restgprlr_21                   -> __imp____restgprlr_21
  __restgprlr_22                   -> __imp____restgprlr_22
  __restgprlr_23                   -> __imp____restgprlr_23
  __restgprlr_24                   -> __imp____restgprlr_24
  __restgprlr_25                   -> __imp____restgprlr_25
  __restgprlr_26                   -> __imp____restgprlr_26
  __restgprlr_27                   -> __imp____restgprlr_27
  __restgprlr_28                   -> __imp____restgprlr_28
  __restgprlr_29                   -> __imp____restgprlr_29
  __restvmx_122                    -> __imp____restvmx_122
  __savefpr_14                     -> __imp____savefpr_14
  __savefpr_15                     -> __imp____savefpr_15
  __savefpr_16                     -> __imp____savefpr_16
  __savefpr_17                     -> __imp____savefpr_17
  __savefpr_18                     -> __imp____savefpr_18
  __savefpr_19                     -> __imp____savefpr_19
  __savefpr_20                     -> __imp____savefpr_20
  __savefpr_21                     -> __imp____savefpr_21
  __savefpr_22                     -> __imp____savefpr_22
  __savefpr_23                     -> __imp____savefpr_23
  __savefpr_24                     -> __imp____savefpr_24
  __savefpr_25                     -> __imp____savefpr_25
  __savefpr_26                     -> __imp____savefpr_26
  __savefpr_27                     -> __imp____savefpr_27
  __savefpr_28                     -> __imp____savefpr_28
  __savegprlr_14                   -> __imp____savegprlr_14
  __savegprlr_15                   -> __imp____savegprlr_15
  __savegprlr_16                   -> __imp____savegprlr_16
  __savegprlr_17                   -> __imp____savegprlr_17
  __savegprlr_18                   -> __imp____savegprlr_18
  __savegprlr_19                   -> __imp____savegprlr_19
  __savegprlr_20                   -> __imp____savegprlr_20
  __savegprlr_21                   -> __imp____savegprlr_21
  __savegprlr_22                   -> __imp____savegprlr_22
  __savegprlr_23                   -> __imp____savegprlr_23
  __savegprlr_24                   -> __imp____savegprlr_24
  __savegprlr_25                   -> __imp____savegprlr_25
  __savegprlr_26                   -> __imp____savegprlr_26
  __savegprlr_27                   -> __imp____savegprlr_27
  __savegprlr_28                   -> __imp____savegprlr_28
  __savegprlr_29                   -> __imp____savegprlr_29
  __savevmx_122                    -> __imp____savevmx_122
  _xstart                          -> __imp___xstart
  sub_82090000                     -> __imp__sub_82090000
  sub_82090100                     -> __imp__sub_82090100
  sub_820902C8                     -> __imp__sub_820902C8
  sub_82090400                     -> __imp__sub_82090400
  sub_82090480                     -> __imp__sub_82090480
  sub_82090490                     -> __imp__sub_82090490
  sub_82090550                     -> __imp__sub_82090550
  sub_820905C8                     -> __imp__sub_820905C8
  sub_820905D8                     -> __imp__sub_820905D8
  sub_820905F8                     -> __imp__sub_820905F8
  sub_82090650                     -> __imp__sub_82090650
  sub_820906A0                     -> __imp__sub_820906A0
  sub_82090730                     -> __imp__sub_82090730
  sub_82090818                     -> __imp__sub_82090818
  sub_82090830                     -> __imp__sub_82090830
  sub_82090850                     -> __imp__sub_82090850
  sub_820908E8                     -> __imp__sub_820908E8
  sub_820909E0                     -> __imp__sub_820909E0
  sub_82090C60                     -> __imp__sub_82090C60
  sub_82090F98                     -> __imp__sub_82090F98
  sub_82091018                     -> __imp__sub_82091018
  sub_820910A0                     -> __imp__sub_820910A0
  sub_82091270                     -> __imp__sub_82091270
  sub_82091348                     -> __imp__sub_82091348
  sub_82091838                     -> __imp__sub_82091838
  sub_82091908                     -> __imp__sub_82091908
  sub_82091C68                     -> __imp__sub_82091C68
  sub_82091DD8                     -> __imp__sub_82091DD8
  sub_82091FD0                     -> __imp__sub_82091FD0
  sub_820920F0                     -> __imp__sub_820920F0
  sub_820922A0                     -> __imp__sub_820922A0
  sub_82092390                     -> __imp__sub_82092390
  sub_820924C8                     -> __imp__sub_820924C8
  sub_82092630                     -> __imp__sub_82092630
  sub_820927F0                     -> __imp__sub_820927F0
  sub_820928A0                     -> __imp__sub_820928A0
  sub_82092920                     -> __imp__sub_82092920
  sub_82094760                     -> __imp__sub_82094760
  sub_820947F0                     -> __imp__sub_820947F0
  sub_82094E30                     -> __imp__sub_82094E30
  sub_82095480                     -> __imp__sub_82095480
  sub_820957E0                     -> __imp__sub_820957E0
  sub_82095DF8                     -> __imp__sub_82095DF8
  sub_82095F70                     -> __imp__sub_82095F70
  sub_82096118                     -> __imp__sub_82096118
  sub_820962D0                     -> __imp__sub_820962D0
  sub_82096788                     -> __imp__sub_82096788
  sub_82096880                     -> __imp__sub_82096880
  sub_82096A88                     -> __imp__sub_82096A88
  sub_82096B70                     -> __imp__sub_82096B70
  sub_82096D80                     -> __imp__sub_82096D80
  sub_82096E70                     -> __imp__sub_82096E70
  sub_82096F50                     -> __imp__sub_82096F50
  sub_82097048                     -> __imp__sub_82097048
  sub_820970D8                     -> __imp__sub_820970D8
  sub_82097140                     -> __imp__sub_82097140
  sub_82097220                     -> __imp__sub_82097220
  sub_820973C0                     -> __imp__sub_820973C0
  sub_82097540                     -> __imp__sub_82097540
  sub_82097AE8                     -> __imp__sub_82097AE8
  sub_820987C0                     -> __imp__sub_820987C0
  sub_82098838                     -> __imp__sub_82098838
  sub_820988A0                     -> __imp__sub_820988A0
  sub_82098988                     -> __imp__sub_82098988
  sub_82098B08                     -> __imp__sub_82098B08
  sub_82098FC0                     -> __imp__sub_82098FC0
  sub_82099158                     -> __imp__sub_82099158
  sub_82099308                     -> __imp__sub_82099308
  sub_82099418                     -> __imp__sub_82099418
  sub_82099928                     -> __imp__sub_82099928
  sub_82099E08                     -> __imp__sub_82099E08
  sub_82099F18                     -> __imp__sub_82099F18
  sub_82099FE8                     -> __imp__sub_82099FE8
  sub_8209A0E8                     -> __imp__sub_8209A0E8
  sub_8209A260                     -> __imp__sub_8209A260
  sub_8209A390                     -> __imp__sub_8209A390
  sub_8209A418                     -> __imp__sub_8209A418
  sub_8209A4A0                     -> __imp__sub_8209A4A0
  sub_8209A9E0                     -> __imp__sub_8209A9E0
  sub_8209AAB0                     -> __imp__sub_8209AAB0
  sub_8209AC20                     -> __imp__sub_8209AC20
  sub_8209B4A8                     -> __imp__sub_8209B4A8
  sub_8209BC40                     -> __imp__sub_8209BC40
  sub_8209C798                     -> __imp__sub_8209C798
  sub_8209CF08                     -> __imp__sub_8209CF08
  sub_8209DA98                     -> __imp__sub_8209DA98
  sub_8209F518                     -> __imp__sub_8209F518
  sub_8209F5E8                     -> __imp__sub_8209F5E8
  sub_8209FEF8                     -> __imp__sub_8209FEF8
  sub_820A0150                     -> __imp__sub_820A0150
  sub_820A03A8                     -> __imp__sub_820A03A8
  sub_820A03C0                     -> __imp__sub_820A03C0
  sub_820A0898                     -> __imp__sub_820A0898
  sub_820A08B0                     -> __imp__sub_820A08B0
  sub_820A08C8                     -> __imp__sub_820A08C8
  sub_820A08E0                     -> __imp__sub_820A08E0
  sub_820A0C68                     -> __imp__sub_820A0C68
  sub_820A0C80                     -> __imp__sub_820A0C80
  sub_820A0C98                     -> __imp__sub_820A0C98
  sub_820A0CB0                     -> __imp__sub_820A0CB0
  sub_820A0CC8                     -> __imp__sub_820A0CC8
  sub_820A0CE0                     -> __imp__sub_820A0CE0
  sub_820A1998                     -> __imp__sub_820A1998
  sub_820A19B0                     -> __imp__sub_820A19B0
  sub_820A19C8                     -> __imp__sub_820A19C8
  sub_820A19E0                     -> __imp__sub_820A19E0
  sub_820A19F8                     -> __imp__sub_820A19F8
  sub_820A1A10                     -> __imp__sub_820A1A10
  sub_820A2208                     -> __imp__sub_820A2208
  sub_820A2220                     -> __imp__sub_820A2220
  sub_820A24E8                     -> __imp__sub_820A24E8
  sub_820A2500                     -> __imp__sub_820A2500
  sub_820A2518                     -> __imp__sub_820A2518
  sub_820A2530                     -> __imp__sub_820A2530
  sub_820A2BE8                     -> __imp__sub_820A2BE8
  sub_820A2C00                     -> __imp__sub_820A2C00
  sub_820A2C18                     -> __imp__sub_820A2C18
  sub_820A2C30                     -> __imp__sub_820A2C30
  sub_820A3588                     -> __imp__sub_820A3588
  sub_820A35A8                     -> __imp__sub_820A35A8
  sub_820A3798                     -> __imp__sub_820A3798
  sub_820A3800                     -> __imp__sub_820A3800
  sub_820A38E8                     -> __imp__sub_820A38E8
  sub_820A3988                     -> __imp__sub_820A3988
  sub_820A3AF0                     -> __imp__sub_820A3AF0
  sub_820A5820                     -> __imp__sub_820A5820
  sub_820A58C8                     -> __imp__sub_820A58C8
  sub_820A5940                     -> __imp__sub_820A5940
  sub_820A5A90                     -> __imp__sub_820A5A90
  sub_820A5B58                     -> __imp__sub_820A5B58
  sub_820A5C20                     -> __imp__sub_820A5C20
  sub_820A5CE0                     -> __imp__sub_820A5CE0
  sub_820A5D98                     -> __imp__sub_820A5D98
  sub_820A5DF0                     -> __imp__sub_820A5DF0
  sub_820A5E80                     -> __imp__sub_820A5E80
  sub_820A5E90                     -> __imp__sub_820A5E90
  sub_820A5EA8                     -> __imp__sub_820A5EA8
  sub_820A5F00                     -> __imp__sub_820A5F00
  sub_820A5F48                     -> __imp__sub_820A5F48
  sub_820A5F88                     -> __imp__sub_820A5F88
  sub_820A6000                     -> __imp__sub_820A6000
  sub_820A6138                     -> __imp__sub_820A6138
  sub_820A63B8                     -> __imp__sub_820A63B8
  sub_820A8720                     -> __imp__sub_820A8720
  sub_820A8850                     -> __imp__sub_820A8850
  sub_820A8A60                     -> __imp__sub_820A8A60
  sub_820A8CA8                     -> __imp__sub_820A8CA8
  sub_820A8E28                     -> __imp__sub_820A8E28
  sub_820A9700                     -> __imp__sub_820A9700
  sub_820AAB50                     -> __imp__sub_820AAB50
  sub_820AB130                     -> __imp__sub_820AB130
  sub_820ABA98                     -> __imp__sub_820ABA98
  sub_820AC4F0                     -> __imp__sub_820AC4F0
  sub_820AC678                     -> __imp__sub_820AC678
  sub_820AC718                     -> __imp__sub_820AC718
  sub_820AC8C8                     -> __imp__sub_820AC8C8
  sub_820ACC40                     -> __imp__sub_820ACC40
  sub_820ACD48                     -> __imp__sub_820ACD48
  sub_820ACD58                     -> __imp__sub_820ACD58
  sub_820AD010                     -> __imp__sub_820AD010
  sub_820AD420                     -> __imp__sub_820AD420
  sub_820AD5E0                     -> __imp__sub_820AD5E0
  sub_820AD828                     -> __imp__sub_820AD828
  sub_820AD830                     -> __imp__sub_820AD830
  sub_820AD8B8                     -> __imp__sub_820AD8B8
  sub_820AD8C0                     -> __imp__sub_820AD8C0
  sub_820AD8D0                     -> __imp__sub_820AD8D0
  sub_820AD8F0                     -> __imp__sub_820AD8F0
  sub_820ADAF8                     -> __imp__sub_820ADAF8
  sub_820ADCA8                     -> __imp__sub_820ADCA8
  sub_820ADEA0                     -> __imp__sub_820ADEA0
  sub_820AF1C8                     -> __imp__sub_820AF1C8
  sub_820AF5F8                     -> __imp__sub_820AF5F8
  sub_820AF9B0                     -> __imp__sub_820AF9B0
  sub_820AFEC0                     -> __imp__sub_820AFEC0
  sub_820B0048                     -> __imp__sub_820B0048
  sub_820B00A0                     -> __imp__sub_820B00A0
  sub_820B0248                     -> __imp__sub_820B0248
  sub_820B02F8                     -> __imp__sub_820B02F8
  sub_820B0638                     -> __imp__sub_820B0638
  sub_820B0758                     -> __imp__sub_820B0758
  sub_820B08A0                     -> __imp__sub_820B08A0
  sub_820B0A48                     -> __imp__sub_820B0A48
  sub_820B0A80                     -> __imp__sub_820B0A80
  sub_820B0AE0                     -> __imp__sub_820B0AE0
  sub_820B1488                     -> __imp__sub_820B1488
  sub_820B1C08                     -> __imp__sub_820B1C08
  sub_820B1C70                     -> __imp__sub_820B1C70
  sub_820B2190                     -> __imp__sub_820B2190
  sub_820B2790                     -> __imp__sub_820B2790
  sub_820B2C88                     -> __imp__sub_820B2C88
  sub_820B31D0                     -> __imp__sub_820B31D0
  sub_820B3600                     -> __imp__sub_820B3600
  sub_820B3BB8                     -> __imp__sub_820B3BB8
  sub_820B3C98                     -> __imp__sub_820B3C98
  sub_820B3D58                     -> __imp__sub_820B3D58
  sub_820B43B8                     -> __imp__sub_820B43B8
  sub_820B4B78                     -> __imp__sub_820B4B78
  sub_820B4E78                     -> __imp__sub_820B4E78
  sub_820B5710                     -> __imp__sub_820B5710
  sub_820B5848                     -> __imp__sub_820B5848
  sub_820B58B8                     -> __imp__sub_820B58B8
  sub_820B5908                     -> __imp__sub_820B5908
  sub_820B59C8                     -> __imp__sub_820B59C8
  sub_820B5A38                     -> __imp__sub_820B5A38
  sub_820B5AC8                     -> __imp__sub_820B5AC8
  sub_820B5B80                     -> __imp__sub_820B5B80
  sub_820B5C80                     -> __imp__sub_820B5C80
  sub_820B5CF8                     -> __imp__sub_820B5CF8
  sub_820B5DE0                     -> __imp__sub_820B5DE0
  sub_820B5EA8                     -> __imp__sub_820B5EA8
  sub_820B5ED8                     -> __imp__sub_820B5ED8
  sub_820B5FB0                     -> __imp__sub_820B5FB0
  sub_820B6418                     -> __imp__sub_820B6418
  sub_820B6628                     -> __imp__sub_820B6628
  sub_820B6778                     -> __imp__sub_820B6778
  sub_820B6780                     -> __imp__sub_820B6780
  sub_820B6B68                     -> __imp__sub_820B6B68
  sub_820B6C50                     -> __imp__sub_820B6C50
  sub_820B7058                     -> __imp__sub_820B7058
  sub_820B70F8                     -> __imp__sub_820B70F8
  sub_820B7208                     -> __imp__sub_820B7208
  sub_820B72E0                     -> __imp__sub_820B72E0
  sub_820B7490                     -> __imp__sub_820B7490
  sub_820B7590                     -> __imp__sub_820B7590
  sub_820B75B0                     -> __imp__sub_820B75B0
  sub_820B75D0                     -> __imp__sub_820B75D0
  sub_820B7610                     -> __imp__sub_820B7610
  sub_820B7630                     -> __imp__sub_820B7630
  sub_820B76C0                     -> __imp__sub_820B76C0
  sub_820B7708                     -> __imp__sub_820B7708
  sub_820B78C0                     -> __imp__sub_820B78C0
  sub_820B78F0                     -> __imp__sub_820B78F0
  sub_820B7980                     -> __imp__sub_820B7980
  sub_820B7AB0                     -> __imp__sub_820B7AB0
  sub_820B85A8                     -> __imp__sub_820B85A8
  sub_820BA278                     -> __imp__sub_820BA278
  sub_820BA2C8                     -> __imp__sub_820BA2C8
  sub_820BA3C0                     -> __imp__sub_820BA3C0
  sub_820BA400                     -> __imp__sub_820BA400
  sub_820BA460                     -> __imp__sub_820BA460
  sub_820BA760                     -> __imp__sub_820BA760
  sub_820BA8F8                     -> __imp__sub_820BA8F8
  sub_820BB288                     -> __imp__sub_820BB288
  sub_820BB2F8                     -> __imp__sub_820BB2F8
  sub_820BB4E0                     -> __imp__sub_820BB4E0
  sub_820BB708                     -> __imp__sub_820BB708
  sub_820BBA60                     -> __imp__sub_820BBA60
  sub_820BBAB8                     -> __imp__sub_820BBAB8
  sub_820BBE60                     -> __imp__sub_820BBE60
  sub_820BBE80                     -> __imp__sub_820BBE80
  sub_820BBEB0                     -> __imp__sub_820BBEB0
  sub_820BBEB8                     -> __imp__sub_820BBEB8
  sub_820BBEC0                     -> __imp__sub_820BBEC0
  sub_820BBFA8                     -> __imp__sub_820BBFA8
  sub_820BC028                     -> __imp__sub_820BC028
  sub_820BC578                     -> __imp__sub_820BC578
  sub_820BC608                     -> __imp__sub_820BC608
  sub_820BC6D0                     -> __imp__sub_820BC6D0
  sub_820BC7E0                     -> __imp__sub_820BC7E0
  sub_820BC860                     -> __imp__sub_820BC860
  sub_820BC878                     -> __imp__sub_820BC878
  sub_820BC8B0                     -> __imp__sub_820BC8B0
  sub_820BC9D8                     -> __imp__sub_820BC9D8
  sub_820BC9E8                     -> __imp__sub_820BC9E8
  sub_820BCCE8                     -> __imp__sub_820BCCE8
  sub_820BD6D0                     -> __imp__sub_820BD6D0
  sub_820BD910                     -> __imp__sub_820BD910
  sub_820BDA30                     -> __imp__sub_820BDA30
  sub_820BDA98                     -> __imp__sub_820BDA98
  sub_820BDB18                     -> __imp__sub_820BDB18
  sub_820BDB60                     -> __imp__sub_820BDB60
  sub_820BE700                     -> __imp__sub_820BE700
  sub_820BE7F0                     -> __imp__sub_820BE7F0
  sub_820BE978                     -> __imp__sub_820BE978
  sub_820BEE00                     -> __imp__sub_820BEE00
  sub_820BEFE0                     -> __imp__sub_820BEFE0
  sub_820BF238                     -> __imp__sub_820BF238
  sub_820BF278                     -> __imp__sub_820BF278
  sub_820BF2B8                     -> __imp__sub_820BF2B8
  sub_820BF2D8                     -> __imp__sub_820BF2D8
  sub_820BF410                     -> __imp__sub_820BF410
  sub_820C0170                     -> __imp__sub_820C0170
  sub_820C2428                     -> __imp__sub_820C2428
  sub_820C2530                     -> __imp__sub_820C2530
  sub_820C3210                     -> __imp__sub_820C3210
  sub_820C35E0                     -> __imp__sub_820C35E0
  sub_820C3C68                     -> __imp__sub_820C3C68
  sub_820C4480                     -> __imp__sub_820C4480
  sub_820C4680                     -> __imp__sub_820C4680
  sub_820C5900                     -> __imp__sub_820C5900
  sub_820C5E78                     -> __imp__sub_820C5E78
  sub_820C6EA8                     -> __imp__sub_820C6EA8
  sub_820C7280                     -> __imp__sub_820C7280
  sub_820C7440                     -> __imp__sub_820C7440
  sub_820C75A0                     -> __imp__sub_820C75A0
  sub_820C8758                     -> __imp__sub_820C8758
  sub_820C88C0                     -> __imp__sub_820C88C0
  sub_820C8C18                     -> __imp__sub_820C8C18
  sub_820C8CE0                     -> __imp__sub_820C8CE0
  sub_820C8D50                     -> __imp__sub_820C8D50
  sub_820C8DA0                     -> __imp__sub_820C8DA0
  sub_820C91E8                     -> __imp__sub_820C91E8
  sub_820C9280                     -> __imp__sub_820C9280
  sub_820C9540                     -> __imp__sub_820C9540
  sub_820C9710                     -> __imp__sub_820C9710
  sub_820C9AE8                     -> __imp__sub_820C9AE8
  sub_820C9CC0                     -> __imp__sub_820C9CC0
  sub_820CA1A0                     -> __imp__sub_820CA1A0
  sub_820CA900                     -> __imp__sub_820CA900
  sub_820CAD88                     -> __imp__sub_820CAD88
  sub_820CAF28                     -> __imp__sub_820CAF28
  sub_820CB060                     -> __imp__sub_820CB060
  sub_820CB148                     -> __imp__sub_820CB148
  sub_820CB998                     -> __imp__sub_820CB998
  sub_820CBA20                     -> __imp__sub_820CBA20
  sub_820CCD28                     -> __imp__sub_820CCD28
  sub_820CCDE0                     -> __imp__sub_820CCDE0
  sub_820CD1F8                     -> __imp__sub_820CD1F8
  sub_820CD4B8                     -> __imp__sub_820CD4B8
  sub_820CD988                     -> __imp__sub_820CD988
  sub_820CDA90                     -> __imp__sub_820CDA90
  sub_820CDCA8                     -> __imp__sub_820CDCA8
  sub_820CDD50                     -> __imp__sub_820CDD50
  sub_820CEE38                     -> __imp__sub_820CEE38
  sub_820CF050                     -> __imp__sub_820CF050
  sub_820D0018                     -> __imp__sub_820D0018
  sub_820D01D8                     -> __imp__sub_820D01D8
  sub_820D1B78                     -> __imp__sub_820D1B78
  sub_820D2028                     -> __imp__sub_820D2028
  sub_820D2158                     -> __imp__sub_820D2158
  sub_820D23F8                     -> __imp__sub_820D23F8
  sub_820D26F8                     -> __imp__sub_820D26F8
  sub_820D2968                     -> __imp__sub_820D2968
  sub_820D2B28                     -> __imp__sub_820D2B28
  sub_820D2C30                     -> __imp__sub_820D2C30
  sub_820D2CB8                     -> __imp__sub_820D2CB8
  sub_820D2DC8                     -> __imp__sub_820D2DC8
  sub_820D3020                     -> __imp__sub_820D3020
  sub_820D3040                     -> __imp__sub_820D3040
  sub_820D3140                     -> __imp__sub_820D3140
  sub_820D31E0                     -> __imp__sub_820D31E0
  sub_820D3408                     -> __imp__sub_820D3408
  sub_820D3488                     -> __imp__sub_820D3488
  sub_820D36A0                     -> __imp__sub_820D36A0
  sub_820D41B0                     -> __imp__sub_820D41B0
  sub_820D4420                     -> __imp__sub_820D4420
  sub_820D5468                     -> __imp__sub_820D5468
  sub_820D5548                     -> __imp__sub_820D5548
  sub_820D5A38                     -> __imp__sub_820D5A38
  sub_820D6348                     -> __imp__sub_820D6348
  sub_820D63B8                     -> __imp__sub_820D63B8
  sub_820D6418                     -> __imp__sub_820D6418
  sub_820D6478                     -> __imp__sub_820D6478
  sub_820D64E0                     -> __imp__sub_820D64E0
  sub_820D67E0                     -> __imp__sub_820D67E0
  sub_820D6DE0                     -> __imp__sub_820D6DE0
  sub_820D6F70                     -> __imp__sub_820D6F70
  sub_820D7008                     -> __imp__sub_820D7008
  sub_820D71B8                     -> __imp__sub_820D71B8
  sub_820D84B8                     -> __imp__sub_820D84B8
  sub_820D8568                     -> __imp__sub_820D8568
  sub_820D85F0                     -> __imp__sub_820D85F0
  sub_820D9E58                     -> __imp__sub_820D9E58
  sub_820DA7D8                     -> __imp__sub_820DA7D8
  sub_820DAF58                     -> __imp__sub_820DAF58
  sub_820DD1A0                     -> __imp__sub_820DD1A0
  sub_820DD388                     -> __imp__sub_820DD388
  sub_820DD488                     -> __imp__sub_820DD488
  sub_820DDAE0                     -> __imp__sub_820DDAE0
  sub_820DDBE0                     -> __imp__sub_820DDBE0
  sub_820DDEB0                     -> __imp__sub_820DDEB0
  sub_820DDFC8                     -> __imp__sub_820DDFC8
  sub_820DE490                     -> __imp__sub_820DE490
  sub_820DE5E0                     -> __imp__sub_820DE5E0
  sub_820DECB8                     -> __imp__sub_820DECB8
  sub_820DF810                     -> __imp__sub_820DF810
  sub_820DFDA8                     -> __imp__sub_820DFDA8
  sub_820E0288                     -> __imp__sub_820E0288
  sub_820E09A0                     -> __imp__sub_820E09A0
  sub_820E0FB0                     -> __imp__sub_820E0FB0
  sub_820E12E8                     -> __imp__sub_820E12E8
  sub_820E13F8                     -> __imp__sub_820E13F8
  sub_820E1410                     -> __imp__sub_820E1410
  sub_820E16C8                     -> __imp__sub_820E16C8
  sub_820E1B90                     -> __imp__sub_820E1B90
  sub_820E1CA8                     -> __imp__sub_820E1CA8
  sub_820E2198                     -> __imp__sub_820E2198
  sub_820E21F0                     -> __imp__sub_820E21F0
  sub_820E2A48                     -> __imp__sub_820E2A48
  sub_820E2A70                     -> __imp__sub_820E2A70
  sub_820E2AE8                     -> __imp__sub_820E2AE8
  sub_820E2CE0                     -> __imp__sub_820E2CE0
  sub_820E2E70                     -> __imp__sub_820E2E70
  sub_820E3010                     -> __imp__sub_820E3010
  sub_820E31F0                     -> __imp__sub_820E31F0
  sub_820E3230                     -> __imp__sub_820E3230
  sub_820E33B0                     -> __imp__sub_820E33B0
  sub_820E4018                     -> __imp__sub_820E4018
  sub_820E4080                     -> __imp__sub_820E4080
  sub_820E4828                     -> __imp__sub_820E4828
  sub_820E6928                     -> __imp__sub_820E6928
  sub_820E6F08                     -> __imp__sub_820E6F08
  sub_820E70A0                     -> __imp__sub_820E70A0
  sub_820E7360                     -> __imp__sub_820E7360
  sub_820E80E0                     -> __imp__sub_820E80E0
  sub_820E8168                     -> __imp__sub_820E8168
  sub_820E81D8                     -> __imp__sub_820E81D8
  sub_820E9770                     -> __imp__sub_820E9770
  sub_820E9BC8                     -> __imp__sub_820E9BC8
  sub_820E9E78                     -> __imp__sub_820E9E78
  sub_820E9EB0                     -> __imp__sub_820E9EB0
  sub_820E9F78                     -> __imp__sub_820E9F78
  sub_820EA340                     -> __imp__sub_820EA340
  sub_820EA400                     -> __imp__sub_820EA400
  sub_820EA4D8                     -> __imp__sub_820EA4D8
  sub_820EA534                     -> __imp__sub_820EA534
  sub_820EA5C0                     -> __imp__sub_820EA5C0
  sub_820EA628                     -> __imp__sub_820EA628
  sub_820EA630                     -> __imp__sub_820EA630
  sub_820EA664                     -> __imp__sub_820EA664
  sub_820EA66C                     -> __imp__sub_820EA66C
  sub_820EA670                     -> __imp__sub_820EA670
  sub_820EA69C                     -> __imp__sub_820EA69C
  sub_820EA6B4                     -> __imp__sub_820EA6B4
  sub_820EA6E8                     -> __imp__sub_820EA6E8
  sub_820EA6F4                     -> __imp__sub_820EA6F4
  sub_820EA718                     -> __imp__sub_820EA718
  sub_820EA720                     -> __imp__sub_820EA720
  sub_820EB338                     -> __imp__sub_820EB338
  sub_820EBA80                     -> __imp__sub_820EBA80
  sub_820EBB18                     -> __imp__sub_820EBB18
  sub_820ECCD8                     -> __imp__sub_820ECCD8
  sub_820ED6E8                     -> __imp__sub_820ED6E8
  sub_820ED7A0                     -> __imp__sub_820ED7A0
  sub_820ED830                     -> __imp__sub_820ED830
  sub_820EE280                     -> __imp__sub_820EE280
  sub_820EE810                     -> __imp__sub_820EE810
  sub_820EE878                     -> __imp__sub_820EE878
  sub_820EE8E0                     -> __imp__sub_820EE8E0
  sub_820F0EB0                     -> __imp__sub_820F0EB0
  sub_820F0F50                     -> __imp__sub_820F0F50
  sub_820F1008                     -> __imp__sub_820F1008
  sub_820F1EB0                     -> __imp__sub_820F1EB0
  sub_820F2600                     -> __imp__sub_820F2600
  sub_820F2748                     -> __imp__sub_820F2748
  sub_820F2C70                     -> __imp__sub_820F2C70
  sub_820F36B0                     -> __imp__sub_820F36B0
  sub_820F3AE8                     -> __imp__sub_820F3AE8
  sub_820F5388                     -> __imp__sub_820F5388
  sub_820F5418                     -> __imp__sub_820F5418
  sub_820F6518                     -> __imp__sub_820F6518
  sub_820F7050                     -> __imp__sub_820F7050
  sub_820F77C0                     -> __imp__sub_820F77C0
  sub_820F79D0                     -> __imp__sub_820F79D0
  sub_820F7EC0                     -> __imp__sub_820F7EC0
  sub_820F7EE8                     -> __imp__sub_820F7EE8
  sub_820F9520                     -> __imp__sub_820F9520
  sub_820F9618                     -> __imp__sub_820F9618
  sub_820F9690                     -> __imp__sub_820F9690
  sub_820F9708                     -> __imp__sub_820F9708
  sub_820F9780                     -> __imp__sub_820F9780
  sub_820F9848                     -> __imp__sub_820F9848
  sub_820F98B8                     -> __imp__sub_820F98B8
  sub_820F9948                     -> __imp__sub_820F9948
  sub_820F9A08                     -> __imp__sub_820F9A08
  sub_820F9A10                     -> __imp__sub_820F9A10
  sub_820F9AA0                     -> __imp__sub_820F9AA0
  sub_820F9B10                     -> __imp__sub_820F9B10
  sub_820F9BE0                     -> __imp__sub_820F9BE0
  sub_820F9C80                     -> __imp__sub_820F9C80
  sub_820F9C98                     -> __imp__sub_820F9C98
  sub_820F9CB0                     -> __imp__sub_820F9CB0
  sub_820F9CB8                     -> __imp__sub_820F9CB8
  sub_820F9DA0                     -> __imp__sub_820F9DA0
  sub_820F9DD8                     -> __imp__sub_820F9DD8
  sub_820F9ED0                     -> __imp__sub_820F9ED0
  sub_820F9FA8                     -> __imp__sub_820F9FA8
  sub_820FA120                     -> __imp__sub_820FA120
  sub_820FA138                     -> __imp__sub_820FA138
  sub_820FA178                     -> __imp__sub_820FA178
  sub_820FA1D0                     -> __imp__sub_820FA1D0
  sub_820FA1D8                     -> __imp__sub_820FA1D8
  sub_820FA1E0                     -> __imp__sub_820FA1E0
  sub_820FA258                     -> __imp__sub_820FA258
  sub_820FA420                     -> __imp__sub_820FA420
  sub_820FA4B0                     -> __imp__sub_820FA4B0
  sub_820FA500                     -> __imp__sub_820FA500
  sub_820FAB90                     -> __imp__sub_820FAB90
  sub_820FAD88                     -> __imp__sub_820FAD88
  sub_820FAEE8                     -> __imp__sub_820FAEE8
  sub_820FAF08                     -> __imp__sub_820FAF08
  sub_820FB198                     -> __imp__sub_820FB198
  sub_820FB1A8                     -> __imp__sub_820FB1A8
  sub_820FB200                     -> __imp__sub_820FB200
  sub_820FB5B0                     -> __imp__sub_820FB5B0
  sub_820FB6D0                     -> __imp__sub_820FB6D0
  sub_820FB718                     -> __imp__sub_820FB718
  sub_820FB810                     -> __imp__sub_820FB810
  sub_820FB948                     -> __imp__sub_820FB948
  sub_820FB9D0                     -> __imp__sub_820FB9D0
  sub_820FBA68                     -> __imp__sub_820FBA68
  sub_820FBB08                     -> __imp__sub_820FBB08
  sub_820FBB28                     -> __imp__sub_820FBB28
  sub_820FBBC0                     -> __imp__sub_820FBBC0
  sub_820FBBC8                     -> __imp__sub_820FBBC8
  sub_820FBBD0                     -> __imp__sub_820FBBD0
  sub_820FBBD8                     -> __imp__sub_820FBBD8
  sub_820FBBE0                     -> __imp__sub_820FBBE0
  sub_820FBBE8                     -> __imp__sub_820FBBE8
  sub_820FBBF0                     -> __imp__sub_820FBBF0
  sub_820FBBF8                     -> __imp__sub_820FBBF8
  sub_820FBC00                     -> __imp__sub_820FBC00
  sub_820FBC08                     -> __imp__sub_820FBC08
  sub_820FBC10                     -> __imp__sub_820FBC10
  sub_820FBC18                     -> __imp__sub_820FBC18
  sub_820FBC20                     -> __imp__sub_820FBC20
  sub_820FBC28                     -> __imp__sub_820FBC28
  sub_820FBC30                     -> __imp__sub_820FBC30
  sub_820FBC38                     -> __imp__sub_820FBC38
  sub_820FBC40                     -> __imp__sub_820FBC40
  sub_820FBC48                     -> __imp__sub_820FBC48
  sub_820FBC50                     -> __imp__sub_820FBC50
  sub_820FBC58                     -> __imp__sub_820FBC58
  sub_820FBC60                     -> __imp__sub_820FBC60
  sub_820FBC68                     -> __imp__sub_820FBC68
  sub_820FBC70                     -> __imp__sub_820FBC70
  sub_820FBC78                     -> __imp__sub_820FBC78
  sub_820FBC80                     -> __imp__sub_820FBC80
  sub_820FBC88                     -> __imp__sub_820FBC88
  sub_820FBC90                     -> __imp__sub_820FBC90
  sub_820FBC98                     -> __imp__sub_820FBC98
  sub_820FBCA0                     -> __imp__sub_820FBCA0
  sub_820FBCA8                     -> __imp__sub_820FBCA8
  sub_820FBCB0                     -> __imp__sub_820FBCB0
  sub_820FBCB8                     -> __imp__sub_820FBCB8
  sub_820FBCC0                     -> __imp__sub_820FBCC0
  sub_820FBCC8                     -> __imp__sub_820FBCC8
  sub_820FBCD0                     -> __imp__sub_820FBCD0
  sub_820FBCD8                     -> __imp__sub_820FBCD8
  sub_820FBD58                     -> __imp__sub_820FBD58
  sub_820FBDB0                     -> __imp__sub_820FBDB0
  sub_820FBE60                     -> __imp__sub_820FBE60
  sub_820FBE68                     -> __imp__sub_820FBE68
  sub_820FC018                     -> __imp__sub_820FC018
  sub_820FC020                     -> __imp__sub_820FC020
  sub_820FC100                     -> __imp__sub_820FC100
  sub_820FC2E0                     -> __imp__sub_820FC2E0
  sub_820FC2F0                     -> __imp__sub_820FC2F0
  sub_820FC3A8                     -> __imp__sub_820FC3A8
  sub_820FC468                     -> __imp__sub_820FC468
  sub_820FC608                     -> __imp__sub_820FC608
  sub_820FCA90                     -> __imp__sub_820FCA90
  sub_820FCD20                     -> __imp__sub_820FCD20
  sub_820FCDE8                     -> __imp__sub_820FCDE8
  sub_820FD190                     -> __imp__sub_820FD190
  sub_820FD278                     -> __imp__sub_820FD278
  sub_820FD360                     -> __imp__sub_820FD360
  sub_820FD6E8                     -> __imp__sub_820FD6E8
  sub_820FD848                     -> __imp__sub_820FD848
  sub_820FDF40                     -> __imp__sub_820FDF40
  sub_820FDFE0                     -> __imp__sub_820FDFE0
  sub_820FE0A0                     -> __imp__sub_820FE0A0
  sub_820FE130                     -> __imp__sub_820FE130
  sub_820FE230                     -> __imp__sub_820FE230
  sub_820FE638                     -> __imp__sub_820FE638
  sub_820FE868                     -> __imp__sub_820FE868
  sub_820FE900                     -> __imp__sub_820FE900
  sub_820FE968                     -> __imp__sub_820FE968
  sub_820FED40                     -> __imp__sub_820FED40
  sub_820FED78                     -> __imp__sub_820FED78
  sub_820FEF58                     -> __imp__sub_820FEF58
  sub_820FEF60                     -> __imp__sub_820FEF60
  sub_820FF3E0                     -> __imp__sub_820FF3E0
  sub_820FF800                     -> __imp__sub_820FF800
  sub_820FFA90                     -> __imp__sub_820FFA90
  sub_820FFC68                     -> __imp__sub_820FFC68
  sub_82100100                     -> __imp__sub_82100100
  sub_821004B0                     -> __imp__sub_821004B0
  sub_82101220                     -> __imp__sub_82101220
  sub_821016C8                     -> __imp__sub_821016C8
  sub_82101828                     -> __imp__sub_82101828
  sub_82101848                     -> __imp__sub_82101848
  sub_82101890                     -> __imp__sub_82101890
  sub_821018E8                     -> __imp__sub_821018E8
  sub_821019A8                     -> __imp__sub_821019A8
  sub_821019E8                     -> __imp__sub_821019E8
  sub_82101B98                     -> __imp__sub_82101B98
  sub_82101C38                     -> __imp__sub_82101C38
  sub_82101D08                     -> __imp__sub_82101D08
  sub_82101E18                     -> __imp__sub_82101E18
  sub_82103EC8                     -> __imp__sub_82103EC8
  sub_82103ED8                     -> __imp__sub_82103ED8
  sub_82103EE8                     -> __imp__sub_82103EE8
  sub_82103F10                     -> __imp__sub_82103F10
  sub_82104038                     -> __imp__sub_82104038
  sub_821040D8                     -> __imp__sub_821040D8
  sub_82104110                     -> __imp__sub_82104110
  sub_82104148                     -> __imp__sub_82104148
  sub_821041A8                     -> __imp__sub_821041A8
  sub_821041D8                     -> __imp__sub_821041D8
  sub_82104250                     -> __imp__sub_82104250
  sub_82104260                     -> __imp__sub_82104260
  sub_821045E8                     -> __imp__sub_821045E8
  sub_82104600                     -> __imp__sub_82104600
  sub_82104620                     -> __imp__sub_82104620
  sub_82104708                     -> __imp__sub_82104708
  sub_82104798                     -> __imp__sub_82104798
  sub_82104858                     -> __imp__sub_82104858
  sub_82104868                     -> __imp__sub_82104868
  sub_82104890                     -> __imp__sub_82104890
  sub_821048C8                     -> __imp__sub_821048C8
  sub_821048D4                     -> __imp__sub_821048D4
  sub_821048E0                     -> __imp__sub_821048E0
  sub_821048F0                     -> __imp__sub_821048F0
  sub_82104918                     -> __imp__sub_82104918
  sub_82104968                     -> __imp__sub_82104968
  sub_8210498C                     -> __imp__sub_8210498C
  sub_82104A20                     -> __imp__sub_82104A20
  sub_82104A80                     -> __imp__sub_82104A80
  sub_82104AF8                     -> __imp__sub_82104AF8
  sub_82104B68                     -> __imp__sub_82104B68
  sub_82104E58                     -> __imp__sub_82104E58
  sub_82105F28                     -> __imp__sub_82105F28
  sub_82106318                     -> __imp__sub_82106318
  sub_82106C90                     -> __imp__sub_82106C90
  sub_82106CB4                     -> __imp__sub_82106CB4
  sub_82106DA0                     -> __imp__sub_82106DA0
  sub_82106E80                     -> __imp__sub_82106E80
  sub_82106F24                     -> __imp__sub_82106F24
  sub_82106FD0                     -> __imp__sub_82106FD0
  sub_821070A8                     -> __imp__sub_821070A8
  sub_82107180                     -> __imp__sub_82107180
  sub_8210722C                     -> __imp__sub_8210722C
  sub_821072D8                     -> __imp__sub_821072D8
  sub_8210730C                     -> __imp__sub_8210730C
  sub_821073B0                     -> __imp__sub_821073B0
  sub_821073E4                     -> __imp__sub_821073E4
  sub_82107488                     -> __imp__sub_82107488
  sub_821074BC                     -> __imp__sub_821074BC
  sub_821074F0                     -> __imp__sub_821074F0
  sub_82107524                     -> __imp__sub_82107524
  sub_82107558                     -> __imp__sub_82107558
  sub_8210758C                     -> __imp__sub_8210758C
  sub_821075C0                     -> __imp__sub_821075C0
  sub_821075F4                     -> __imp__sub_821075F4
  sub_82107628                     -> __imp__sub_82107628
  sub_8210765C                     -> __imp__sub_8210765C
  sub_82107690                     -> __imp__sub_82107690
  sub_821076C4                     -> __imp__sub_821076C4
  sub_821076F8                     -> __imp__sub_821076F8
  sub_8210772C                     -> __imp__sub_8210772C
  sub_82107760                     -> __imp__sub_82107760
  sub_82107794                     -> __imp__sub_82107794
  sub_821077C8                     -> __imp__sub_821077C8
  sub_821077FC                     -> __imp__sub_821077FC
  sub_821078A0                     -> __imp__sub_821078A0
  sub_82107944                     -> __imp__sub_82107944
  sub_82107980                     -> __imp__sub_82107980
  sub_821079B4                     -> __imp__sub_821079B4
  sub_821079E8                     -> __imp__sub_821079E8
  sub_82107A1C                     -> __imp__sub_82107A1C
  sub_82107A50                     -> __imp__sub_82107A50
  sub_82107A84                     -> __imp__sub_82107A84
  sub_82107AB8                     -> __imp__sub_82107AB8
  sub_82107AF8                     -> __imp__sub_82107AF8
  sub_82107B18                     -> __imp__sub_82107B18
  sub_82107BDC                     -> __imp__sub_82107BDC
  sub_82107C44                     -> __imp__sub_82107C44
  sub_82107C78                     -> __imp__sub_82107C78
  sub_82107CC4                     -> __imp__sub_82107CC4
  sub_82107D10                     -> __imp__sub_82107D10
  sub_82107D5C                     -> __imp__sub_82107D5C
  sub_82107DA8                     -> __imp__sub_82107DA8
  sub_82107DF4                     -> __imp__sub_82107DF4
  sub_82107E00                     -> __imp__sub_82107E00
  sub_82107E38                     -> __imp__sub_82107E38
  sub_82107E44                     -> __imp__sub_82107E44
  sub_82107E7C                     -> __imp__sub_82107E7C
  sub_82107E88                     -> __imp__sub_82107E88
  sub_82107E94                     -> __imp__sub_82107E94
  sub_82107EA0                     -> __imp__sub_82107EA0
  sub_82107EAC                     -> __imp__sub_82107EAC
  sub_82107EB8                     -> __imp__sub_82107EB8
  sub_82107EC4                     -> __imp__sub_82107EC4
  sub_82107ED0                     -> __imp__sub_82107ED0
  sub_82107EDC                     -> __imp__sub_82107EDC
  sub_82107EE8                     -> __imp__sub_82107EE8
  sub_82107EF4                     -> __imp__sub_82107EF4
  sub_82107F00                     -> __imp__sub_82107F00
  sub_82107F0C                     -> __imp__sub_82107F0C
  sub_82107F18                     -> __imp__sub_82107F18
  sub_82107F24                     -> __imp__sub_82107F24
  sub_82107F30                     -> __imp__sub_82107F30
  sub_82107F3C                     -> __imp__sub_82107F3C
  sub_82107F48                     -> __imp__sub_82107F48
  sub_82107F80                     -> __imp__sub_82107F80
  sub_82107FB8                     -> __imp__sub_82107FB8
  sub_82107FCC                     -> __imp__sub_82107FCC
  sub_82107FD8                     -> __imp__sub_82107FD8
  sub_82107FE4                     -> __imp__sub_82107FE4
  sub_82107FF0                     -> __imp__sub_82107FF0
  sub_82107FFC                     -> __imp__sub_82107FFC
  sub_82108008                     -> __imp__sub_82108008
  sub_82108014                     -> __imp__sub_82108014
  sub_82108020                     -> __imp__sub_82108020
  sub_82108040                     -> __imp__sub_82108040
  sub_82108098                     -> __imp__sub_82108098
  sub_82108100                     -> __imp__sub_82108100
  sub_821081B0                     -> __imp__sub_821081B0
  sub_82108218                     -> __imp__sub_82108218
  sub_8210829C                     -> __imp__sub_8210829C
  sub_82108324                     -> __imp__sub_82108324
  sub_82108398                     -> __imp__sub_82108398
  sub_821083B8                     -> __imp__sub_821083B8
  sub_82108478                     -> __imp__sub_82108478
  sub_821084B4                     -> __imp__sub_821084B4
  sub_821084E0                     -> __imp__sub_821084E0
  sub_8210850C                     -> __imp__sub_8210850C
  sub_82108548                     -> __imp__sub_82108548
  sub_82108584                     -> __imp__sub_82108584
  sub_821085B0                     -> __imp__sub_821085B0
  sub_821085DC                     -> __imp__sub_821085DC
  sub_821085E4                     -> __imp__sub_821085E4
  sub_82108610                     -> __imp__sub_82108610
  sub_82108618                     -> __imp__sub_82108618
  sub_82108644                     -> __imp__sub_82108644
  sub_8210864C                     -> __imp__sub_8210864C
  sub_82108654                     -> __imp__sub_82108654
  sub_8210865C                     -> __imp__sub_8210865C
  sub_82108664                     -> __imp__sub_82108664
  sub_8210866C                     -> __imp__sub_8210866C
  sub_82108674                     -> __imp__sub_82108674
  sub_8210867C                     -> __imp__sub_8210867C
  sub_82108684                     -> __imp__sub_82108684
  sub_8210868C                     -> __imp__sub_8210868C
  sub_82108694                     -> __imp__sub_82108694
  sub_8210869C                     -> __imp__sub_8210869C
  sub_821086A4                     -> __imp__sub_821086A4
  sub_821086AC                     -> __imp__sub_821086AC
  sub_821086B4                     -> __imp__sub_821086B4
  sub_821086BC                     -> __imp__sub_821086BC
  sub_821086C4                     -> __imp__sub_821086C4
  sub_821086CC                     -> __imp__sub_821086CC
  sub_821086F8                     -> __imp__sub_821086F8
  sub_82108724                     -> __imp__sub_82108724
  sub_8210872C                     -> __imp__sub_8210872C
  sub_82108734                     -> __imp__sub_82108734
  sub_8210873C                     -> __imp__sub_8210873C
  sub_82108744                     -> __imp__sub_82108744
  sub_8210874C                     -> __imp__sub_8210874C
  sub_82108754                     -> __imp__sub_82108754
  sub_8210875C                     -> __imp__sub_8210875C
  sub_82108764                     -> __imp__sub_82108764
  sub_82108770                     -> __imp__sub_82108770
  sub_821088B8                     -> __imp__sub_821088B8
  sub_82108A60                     -> __imp__sub_82108A60
  sub_82108BB8                     -> __imp__sub_82108BB8
  sub_82108C10                     -> __imp__sub_82108C10
  sub_82108D00                     -> __imp__sub_82108D00
  sub_82108DE0                     -> __imp__sub_82108DE0
  sub_82108E58                     -> __imp__sub_82108E58
  sub_82108E78                     -> __imp__sub_82108E78
  sub_82108F00                     -> __imp__sub_82108F00
  sub_82108F90                     -> __imp__sub_82108F90
  sub_82109020                     -> __imp__sub_82109020
  sub_821090B0                     -> __imp__sub_821090B0
  sub_82109100                     -> __imp__sub_82109100
  sub_82109118                     -> __imp__sub_82109118
  sub_82109198                     -> __imp__sub_82109198
  sub_821091E8                     -> __imp__sub_821091E8
  sub_8210920C                     -> __imp__sub_8210920C
  sub_82109238                     -> __imp__sub_82109238
  sub_82109240                     -> __imp__sub_82109240
  sub_82109438                     -> __imp__sub_82109438
  sub_821095B0                     -> __imp__sub_821095B0
  sub_82109620                     -> __imp__sub_82109620
  sub_82109678                     -> __imp__sub_82109678
  sub_82109690                     -> __imp__sub_82109690
  sub_82109760                     -> __imp__sub_82109760
  sub_821098D0                     -> __imp__sub_821098D0
  sub_821099B0                     -> __imp__sub_821099B0
  sub_82109A70                     -> __imp__sub_82109A70
  sub_82109AF0                     -> __imp__sub_82109AF0
  sub_8210A7F0                     -> __imp__sub_8210A7F0
  sub_8210AE30                     -> __imp__sub_8210AE30
  sub_8210AF88                     -> __imp__sub_8210AF88
  sub_8210B030                     -> __imp__sub_8210B030
  sub_8210B050                     -> __imp__sub_8210B050
  sub_8210B068                     -> __imp__sub_8210B068
  sub_8210B298                     -> __imp__sub_8210B298
  sub_8210B358                     -> __imp__sub_8210B358
  sub_8210B3C8                     -> __imp__sub_8210B3C8
  sub_8210B580                     -> __imp__sub_8210B580
  sub_8210B630                     -> __imp__sub_8210B630
  sub_8210B6D8                     -> __imp__sub_8210B6D8
  sub_8210B918                     -> __imp__sub_8210B918
  sub_8210BC08                     -> __imp__sub_8210BC08
  sub_8210BD20                     -> __imp__sub_8210BD20
  sub_8210BD40                     -> __imp__sub_8210BD40
  sub_8210BFD0                     -> __imp__sub_8210BFD0
  sub_8210C060                     -> __imp__sub_8210C060
  sub_8210CE60                     -> __imp__sub_8210CE60
  sub_8210CF48                     -> __imp__sub_8210CF48
  sub_8210CF70                     -> __imp__sub_8210CF70
  sub_8210D04C                     -> __imp__sub_8210D04C
  sub_8210D080                     -> __imp__sub_8210D080
  sub_8210D0B4                     -> __imp__sub_8210D0B4
  sub_8210D18C                     -> __imp__sub_8210D18C
  sub_8210D1C0                     -> __imp__sub_8210D1C0
  sub_8210D1F4                     -> __imp__sub_8210D1F4
  sub_8210D228                     -> __imp__sub_8210D228
  sub_8210D230                     -> __imp__sub_8210D230
  sub_8210D254                     -> __imp__sub_8210D254
  sub_8210D300                     -> __imp__sub_8210D300
  sub_8210D30C                     -> __imp__sub_8210D30C
  sub_8210D318                     -> __imp__sub_8210D318
  sub_8210D364                     -> __imp__sub_8210D364
  sub_8210D370                     -> __imp__sub_8210D370
  sub_8210D37C                     -> __imp__sub_8210D37C
  sub_8210D388                     -> __imp__sub_8210D388
  sub_8210D390                     -> __imp__sub_8210D390
  sub_8210D3F0                     -> __imp__sub_8210D3F0
  sub_8210D414                     -> __imp__sub_8210D414
  sub_8210D4BC                     -> __imp__sub_8210D4BC
  sub_8210D4C4                     -> __imp__sub_8210D4C4
  sub_8210D4CC                     -> __imp__sub_8210D4CC
  sub_8210D508                     -> __imp__sub_8210D508
  sub_8210D510                     -> __imp__sub_8210D510
  sub_8210D518                     -> __imp__sub_8210D518
  sub_8210D520                     -> __imp__sub_8210D520
  sub_8210D560                     -> __imp__sub_8210D560
  sub_8210D590                     -> __imp__sub_8210D590
  sub_8210D660                     -> __imp__sub_8210D660
  sub_8210D780                     -> __imp__sub_8210D780
  sub_8210D818                     -> __imp__sub_8210D818
  sub_8210D8B0                     -> __imp__sub_8210D8B0
  sub_8210D8F0                     -> __imp__sub_8210D8F0
  sub_8210D8F8                     -> __imp__sub_8210D8F8
  sub_8210D9F8                     -> __imp__sub_8210D9F8
  sub_8210DA78                     -> __imp__sub_8210DA78
  sub_8210DC18                     -> __imp__sub_8210DC18
  sub_8210DC70                     -> __imp__sub_8210DC70
  sub_8210DD18                     -> __imp__sub_8210DD18
  sub_8210DE48                     -> __imp__sub_8210DE48
  sub_8210E1F0                     -> __imp__sub_8210E1F0
  sub_8210E458                     -> __imp__sub_8210E458
  sub_8210EA20                     -> __imp__sub_8210EA20
  sub_8210EB58                     -> __imp__sub_8210EB58
  sub_8210ECF0                     -> __imp__sub_8210ECF0
  sub_8210EF60                     -> __imp__sub_8210EF60
  sub_8210EFE8                     -> __imp__sub_8210EFE8
  sub_8210F090                     -> __imp__sub_8210F090
  sub_8210F138                     -> __imp__sub_8210F138
  sub_8210F1C0                     -> __imp__sub_8210F1C0
  sub_8210F248                     -> __imp__sub_8210F248
  sub_8210F560                     -> __imp__sub_8210F560
  sub_8210F650                     -> __imp__sub_8210F650
  sub_8210F770                     -> __imp__sub_8210F770
  sub_8210F7E0                     -> __imp__sub_8210F7E0
  sub_8210F858                     -> __imp__sub_8210F858
  sub_8210F8B8                     -> __imp__sub_8210F8B8
  sub_8210F940                     -> __imp__sub_8210F940
  sub_8210FA20                     -> __imp__sub_8210FA20
  sub_8210FA70                     -> __imp__sub_8210FA70
  sub_8210FCF8                     -> __imp__sub_8210FCF8
  sub_8210FD88                     -> __imp__sub_8210FD88
  sub_82110A80                     -> __imp__sub_82110A80
  sub_821117C8                     -> __imp__sub_821117C8
  sub_821124D0                     -> __imp__sub_821124D0
  sub_82112520                     -> __imp__sub_82112520
  sub_82112580                     -> __imp__sub_82112580
  sub_82112610                     -> __imp__sub_82112610
  sub_82112C38                     -> __imp__sub_82112C38
  sub_82113070                     -> __imp__sub_82113070
  sub_82113100                     -> __imp__sub_82113100
  sub_82113190                     -> __imp__sub_82113190
  sub_82113220                     -> __imp__sub_82113220
  sub_82113280                     -> __imp__sub_82113280
  sub_82113340                     -> __imp__sub_82113340
  sub_82113760                     -> __imp__sub_82113760
  sub_82113A78                     -> __imp__sub_82113A78
  sub_82114230                     -> __imp__sub_82114230
  sub_82114318                     -> __imp__sub_82114318
  sub_821143B0                     -> __imp__sub_821143B0
  sub_821143F8                     -> __imp__sub_821143F8
  sub_82114500                     -> __imp__sub_82114500
  sub_821145B8                     -> __imp__sub_821145B8
  sub_82114700                     -> __imp__sub_82114700
  sub_82114780                     -> __imp__sub_82114780
  sub_82114870                     -> __imp__sub_82114870
  sub_821149C0                     -> __imp__sub_821149C0
  sub_821152D0                     -> __imp__sub_821152D0
  sub_821154B0                     -> __imp__sub_821154B0
  sub_82115588                     -> __imp__sub_82115588
  sub_821155F8                     -> __imp__sub_821155F8
  sub_82115650                     -> __imp__sub_82115650
  sub_821156B8                     -> __imp__sub_821156B8
  sub_82115850                     -> __imp__sub_82115850
  sub_821159A8                     -> __imp__sub_821159A8
  sub_82115D10                     -> __imp__sub_82115D10
  sub_82116348                     -> __imp__sub_82116348
  sub_821163C0                     -> __imp__sub_821163C0
  sub_82116440                     -> __imp__sub_82116440
  sub_821199E0                     -> __imp__sub_821199E0
  sub_82119AC8                     -> __imp__sub_82119AC8
  sub_82119F98                     -> __imp__sub_82119F98
  sub_8211A018                     -> __imp__sub_8211A018
  sub_8211A0C0                     -> __imp__sub_8211A0C0
  sub_8211A158                     -> __imp__sub_8211A158
  sub_8211A280                     -> __imp__sub_8211A280
  sub_8211A318                     -> __imp__sub_8211A318
  sub_8211A6B8                     -> __imp__sub_8211A6B8
  sub_8211A750                     -> __imp__sub_8211A750
  sub_8211A9F0                     -> __imp__sub_8211A9F0
  sub_8211B168                     -> __imp__sub_8211B168
  sub_8211BFE8                     -> __imp__sub_8211BFE8
  sub_8211C620                     -> __imp__sub_8211C620
  sub_8211C808                     -> __imp__sub_8211C808
  sub_8211C978                     -> __imp__sub_8211C978
  sub_8211CA00                     -> __imp__sub_8211CA00
  sub_8211CAC0                     -> __imp__sub_8211CAC0
  sub_8211F3B8                     -> __imp__sub_8211F3B8
  sub_8211F448                     -> __imp__sub_8211F448
  sub_8211F460                     -> __imp__sub_8211F460
  sub_8211F620                     -> __imp__sub_8211F620
  sub_8211FA28                     -> __imp__sub_8211FA28
  sub_82120AA0                     -> __imp__sub_82120AA0
  sub_82120AC0                     -> __imp__sub_82120AC0
  sub_82120BB0                     -> __imp__sub_82120BB0
  sub_82120CA8                     -> __imp__sub_82120CA8
  sub_82123618                     -> __imp__sub_82123618
  sub_82123688                     -> __imp__sub_82123688
  sub_82124158                     -> __imp__sub_82124158
  sub_82124160                     -> __imp__sub_82124160
  sub_82126DB8                     -> __imp__sub_82126DB8
  sub_82127B48                     -> __imp__sub_82127B48
  sub_8212BB98                     -> __imp__sub_8212BB98
  sub_8212D9E8                     -> __imp__sub_8212D9E8
  sub_8212DA20                     -> __imp__sub_8212DA20
  sub_8212E6B8                     -> __imp__sub_8212E6B8
  sub_8212E710                     -> __imp__sub_8212E710
  sub_8212E9B8                     -> __imp__sub_8212E9B8
  sub_8212EAB8                     -> __imp__sub_8212EAB8
  sub_8212F788                     -> __imp__sub_8212F788
  sub_8212FF08                     -> __imp__sub_8212FF08
  sub_821319B8                     -> __imp__sub_821319B8
  sub_82131A50                     -> __imp__sub_82131A50
  sub_82136130                     -> __imp__sub_82136130
  sub_821361E0                     -> __imp__sub_821361E0
  sub_821362C0                     -> __imp__sub_821362C0
  sub_82137410                     -> __imp__sub_82137410
  sub_82137850                     -> __imp__sub_82137850
  sub_82137870                     -> __imp__sub_82137870
  sub_82137898                     -> __imp__sub_82137898
  sub_821378B0                     -> __imp__sub_821378B0
  sub_821378C8                     -> __imp__sub_821378C8
  sub_82138DD0                     -> __imp__sub_82138DD0
  sub_8213C108                     -> __imp__sub_8213C108
  sub_8213C2C8                     -> __imp__sub_8213C2C8
  sub_8213C400                     -> __imp__sub_8213C400
  sub_8213D938                     -> __imp__sub_8213D938
  sub_8213E518                     -> __imp__sub_8213E518
  sub_8213E580                     -> __imp__sub_8213E580
  sub_8213F4B0                     -> __imp__sub_8213F4B0
  sub_82142530                     -> __imp__sub_82142530
  sub_82142778                     -> __imp__sub_82142778
  sub_82142A00                     -> __imp__sub_82142A00
  sub_82142A58                     -> __imp__sub_82142A58
  sub_82142A78                     -> __imp__sub_82142A78
  sub_82142A90                     -> __imp__sub_82142A90
  sub_82142B00                     -> __imp__sub_82142B00
  sub_82142B80                     -> __imp__sub_82142B80
  sub_82142BA4                     -> __imp__sub_82142BA4
  sub_82142BCC                     -> __imp__sub_82142BCC
  sub_82142BE0                     -> __imp__sub_82142BE0
  sub_82142BF4                     -> __imp__sub_82142BF4
  sub_82142C08                     -> __imp__sub_82142C08
  sub_82142CC8                     -> __imp__sub_82142CC8
  sub_82142CD8                     -> __imp__sub_82142CD8
  sub_82142F10                     -> __imp__sub_82142F10
  sub_82142F30                     -> __imp__sub_82142F30
  sub_82143058                     -> __imp__sub_82143058
  sub_821436C0                     -> __imp__sub_821436C0
  sub_82143748                     -> __imp__sub_82143748
  sub_821437B0                     -> __imp__sub_821437B0
  sub_82143888                     -> __imp__sub_82143888
  sub_821438F0                     -> __imp__sub_821438F0
  sub_82143928                     -> __imp__sub_82143928
  sub_82143960                     -> __imp__sub_82143960
  sub_82143984                     -> __imp__sub_82143984
  sub_821439C0                     -> __imp__sub_821439C0
  sub_821439C8                     -> __imp__sub_821439C8
  sub_821439D0                     -> __imp__sub_821439D0
  sub_821439D8                     -> __imp__sub_821439D8
  sub_821439E0                     -> __imp__sub_821439E0
  sub_821439E8                     -> __imp__sub_821439E8
  sub_82143B00                     -> __imp__sub_82143B00
  sub_82143BD8                     -> __imp__sub_82143BD8
  sub_82143ED0                     -> __imp__sub_82143ED0
  sub_82144678                     -> __imp__sub_82144678
  sub_82144690                     -> __imp__sub_82144690
  sub_821446B8                     -> __imp__sub_821446B8
  sub_821449F0                     -> __imp__sub_821449F0
  sub_82144A48                     -> __imp__sub_82144A48
  sub_82144B98                     -> __imp__sub_82144B98
  sub_82144C28                     -> __imp__sub_82144C28
  sub_82147DE8                     -> __imp__sub_82147DE8
  sub_82148080                     -> __imp__sub_82148080
  sub_82148340                     -> __imp__sub_82148340
  sub_821483F8                     -> __imp__sub_821483F8
  sub_821484A8                     -> __imp__sub_821484A8
  sub_821489E8                     -> __imp__sub_821489E8
  sub_82148A78                     -> __imp__sub_82148A78
  sub_8214D008                     -> __imp__sub_8214D008
  sub_8214D468                     -> __imp__sub_8214D468
  sub_8214D728                     -> __imp__sub_8214D728
  sub_8214D788                     -> __imp__sub_8214D788
  sub_8214D9A8                     -> __imp__sub_8214D9A8
  sub_8214D9B8                     -> __imp__sub_8214D9B8
  sub_8214DBD0                     -> __imp__sub_8214DBD0
  sub_8214DC60                     -> __imp__sub_8214DC60
  sub_8214DDE0                     -> __imp__sub_8214DDE0
  sub_8214DE48                     -> __imp__sub_8214DE48
  sub_8214DE58                     -> __imp__sub_8214DE58
  sub_8214DF38                     -> __imp__sub_8214DF38
  sub_8214E110                     -> __imp__sub_8214E110
  sub_8214E128                     -> __imp__sub_8214E128
  sub_8214E210                     -> __imp__sub_8214E210
  sub_8214E270                     -> __imp__sub_8214E270
  sub_8214E7F0                     -> __imp__sub_8214E7F0
  sub_8214E898                     -> __imp__sub_8214E898
  sub_8214EC20                     -> __imp__sub_8214EC20
  sub_8214EC60                     -> __imp__sub_8214EC60
  sub_8214EFA0                     -> __imp__sub_8214EFA0
  sub_8214F508                     -> __imp__sub_8214F508
  sub_8214F610                     -> __imp__sub_8214F610
  sub_8214F6B0                     -> __imp__sub_8214F6B0
  sub_8214F6C8                     -> __imp__sub_8214F6C8
  sub_8214F6E8                     -> __imp__sub_8214F6E8
  sub_8214FB30                     -> __imp__sub_8214FB30
  sub_8214FC88                     -> __imp__sub_8214FC88
  sub_82150520                     -> __imp__sub_82150520
  sub_82150748                     -> __imp__sub_82150748
  sub_82150858                     -> __imp__sub_82150858
  sub_821508A0                     -> __imp__sub_821508A0
  sub_821508C0                     -> __imp__sub_821508C0
  sub_82150A38                     -> __imp__sub_82150A38
  sub_82150AA8                     -> __imp__sub_82150AA8
  sub_82151160                     -> __imp__sub_82151160
  sub_821512B8                     -> __imp__sub_821512B8
  sub_82151410                     -> __imp__sub_82151410
  sub_821514D8                     -> __imp__sub_821514D8
  sub_82151C00                     -> __imp__sub_82151C00
  sub_82151C18                     -> __imp__sub_82151C18
  sub_82151C98                     -> __imp__sub_82151C98
  sub_82151D30                     -> __imp__sub_82151D30
  sub_82151E00                     -> __imp__sub_82151E00
  sub_82151EB8                     -> __imp__sub_82151EB8
  sub_82151F48                     -> __imp__sub_82151F48
  sub_82151FF0                     -> __imp__sub_82151FF0
  sub_821520A8                     -> __imp__sub_821520A8
  sub_82152150                     -> __imp__sub_82152150
  sub_82152208                     -> __imp__sub_82152208
  sub_82152470                     -> __imp__sub_82152470
  sub_82152668                     -> __imp__sub_82152668
  sub_82152908                     -> __imp__sub_82152908
  sub_82152D48                     -> __imp__sub_82152D48
  sub_82152E00                     -> __imp__sub_82152E00
  sub_82153220                     -> __imp__sub_82153220
  sub_82153268                     -> __imp__sub_82153268
  sub_821532E8                     -> __imp__sub_821532E8
  sub_82153398                     -> __imp__sub_82153398
  sub_82153410                     -> __imp__sub_82153410
  sub_82153478                     -> __imp__sub_82153478
  sub_821534F8                     -> __imp__sub_821534F8
  sub_82153568                     -> __imp__sub_82153568
  sub_821535B8                     -> __imp__sub_821535B8
  sub_82153628                     -> __imp__sub_82153628
  sub_821536D8                     -> __imp__sub_821536D8
  sub_82153748                     -> __imp__sub_82153748
  sub_821537A8                     -> __imp__sub_821537A8
  sub_82153858                     -> __imp__sub_82153858
  sub_821538D0                     -> __imp__sub_821538D0
  sub_821539B8                     -> __imp__sub_821539B8
  sub_82153B08                     -> __imp__sub_82153B08
  sub_82153E30                     -> __imp__sub_82153E30
  sub_82153EC8                     -> __imp__sub_82153EC8
  sub_82154018                     -> __imp__sub_82154018
  sub_821540E0                     -> __imp__sub_821540E0
  sub_82154168                     -> __imp__sub_82154168
  sub_821541F8                     -> __imp__sub_821541F8
  sub_82154290                     -> __imp__sub_82154290
  sub_821542F0                     -> __imp__sub_821542F0
  sub_82154348                     -> __imp__sub_82154348
  sub_82154420                     -> __imp__sub_82154420
  sub_821544B0                     -> __imp__sub_821544B0
  sub_82154578                     -> __imp__sub_82154578
  sub_82154688                     -> __imp__sub_82154688
  sub_82154798                     -> __imp__sub_82154798
  sub_82154800                     -> __imp__sub_82154800
  sub_82154868                     -> __imp__sub_82154868
  sub_821548D0                     -> __imp__sub_821548D0
  sub_82154B70                     -> __imp__sub_82154B70
  sub_82154D80                     -> __imp__sub_82154D80
  sub_82154E18                     -> __imp__sub_82154E18
  sub_82154E80                     -> __imp__sub_82154E80
  sub_82154F30                     -> __imp__sub_82154F30
  sub_82154FB0                     -> __imp__sub_82154FB0
  sub_82155940                     -> __imp__sub_82155940
  sub_82155CF8                     -> __imp__sub_82155CF8
  sub_82155D48                     -> __imp__sub_82155D48
  sub_82155DB0                     -> __imp__sub_82155DB0
  sub_82156310                     -> __imp__sub_82156310
  sub_82156660                     -> __imp__sub_82156660
  sub_821569F0                     -> __imp__sub_821569F0
  sub_82156B00                     -> __imp__sub_82156B00
  sub_82156CA0                     -> __imp__sub_82156CA0
  sub_82156EC0                     -> __imp__sub_82156EC0
  sub_82157000                     -> __imp__sub_82157000
  sub_82157280                     -> __imp__sub_82157280
  sub_821572D8                     -> __imp__sub_821572D8
  sub_82157358                     -> __imp__sub_82157358
  sub_821573B8                     -> __imp__sub_821573B8
  sub_82157440                     -> __imp__sub_82157440
  sub_821574F0                     -> __imp__sub_821574F0
  sub_82157570                     -> __imp__sub_82157570
  sub_82157620                     -> __imp__sub_82157620
  sub_82157710                     -> __imp__sub_82157710
  sub_821577E0                     -> __imp__sub_821577E0
  sub_82157858                     -> __imp__sub_82157858
  sub_82157AA0                     -> __imp__sub_82157AA0
  sub_82157AF8                     -> __imp__sub_82157AF8
  sub_82157BB8                     -> __imp__sub_82157BB8
  sub_82157D78                     -> __imp__sub_82157D78
  sub_82157E30                     -> __imp__sub_82157E30
  sub_82157E7C                     -> __imp__sub_82157E7C
  sub_82157EB0                     -> __imp__sub_82157EB0
  sub_82157EF4                     -> __imp__sub_82157EF4
  sub_82157F10                     -> __imp__sub_82157F10
  sub_82157F2C                     -> __imp__sub_82157F2C
  sub_82157F48                     -> __imp__sub_82157F48
  sub_82157F64                     -> __imp__sub_82157F64
  sub_82157F80                     -> __imp__sub_82157F80
  sub_82158158                     -> __imp__sub_82158158
  sub_821581B0                     -> __imp__sub_821581B0
  sub_821581F8                     -> __imp__sub_821581F8
  sub_82158298                     -> __imp__sub_82158298
  sub_82158410                     -> __imp__sub_82158410
  sub_82158660                     -> __imp__sub_82158660
  sub_82158A28                     -> __imp__sub_82158A28
  sub_82158B00                     -> __imp__sub_82158B00
  sub_82158BA8                     -> __imp__sub_82158BA8
  sub_82158C20                     -> __imp__sub_82158C20
  sub_82158CB0                     -> __imp__sub_82158CB0
  sub_82158DB8                     -> __imp__sub_82158DB8
  sub_82158E20                     -> __imp__sub_82158E20
  sub_82159098                     -> __imp__sub_82159098
  sub_82159110                     -> __imp__sub_82159110
  sub_821591D0                     -> __imp__sub_821591D0
  sub_82159258                     -> __imp__sub_82159258
  sub_82159308                     -> __imp__sub_82159308
  sub_82159408                     -> __imp__sub_82159408
  sub_82159610                     -> __imp__sub_82159610
  sub_821596A8                     -> __imp__sub_821596A8
  sub_82159740                     -> __imp__sub_82159740
  sub_82159818                     -> __imp__sub_82159818
  sub_82159B20                     -> __imp__sub_82159B20
  sub_82159CC0                     -> __imp__sub_82159CC0
  sub_82159D38                     -> __imp__sub_82159D38
  sub_82159DD8                     -> __imp__sub_82159DD8
  sub_82159E88                     -> __imp__sub_82159E88
  sub_82159EF0                     -> __imp__sub_82159EF0
  sub_82159F88                     -> __imp__sub_82159F88
  sub_8215AB78                     -> __imp__sub_8215AB78
  sub_8215ABD8                     -> __imp__sub_8215ABD8
  sub_8215AD08                     -> __imp__sub_8215AD08
  sub_8215B068                     -> __imp__sub_8215B068
  sub_8215B298                     -> __imp__sub_8215B298
  sub_8215B408                     -> __imp__sub_8215B408
  sub_8215B480                     -> __imp__sub_8215B480
  sub_8215B4F8                     -> __imp__sub_8215B4F8
  sub_8215B570                     -> __imp__sub_8215B570
  sub_8215B810                     -> __imp__sub_8215B810
  sub_8215B940                     -> __imp__sub_8215B940
  sub_8215BFB8                     -> __imp__sub_8215BFB8
  sub_8215C0E8                     -> __imp__sub_8215C0E8
  sub_8215C1A0                     -> __imp__sub_8215C1A0
  sub_8215C250                     -> __imp__sub_8215C250
  sub_8215C6F8                     -> __imp__sub_8215C6F8
  sub_8215C8A8                     -> __imp__sub_8215C8A8
  sub_8215C938                     -> __imp__sub_8215C938
  sub_8215CC90                     -> __imp__sub_8215CC90
  sub_8215CDD8                     -> __imp__sub_8215CDD8
  sub_8215CE80                     -> __imp__sub_8215CE80
  sub_8215CFF8                     -> __imp__sub_8215CFF8
  sub_8215D0A8                     -> __imp__sub_8215D0A8
  sub_8215D148                     -> __imp__sub_8215D148
  sub_8215D238                     -> __imp__sub_8215D238
  sub_8215D2B8                     -> __imp__sub_8215D2B8
  sub_8215D740                     -> __imp__sub_8215D740
  sub_8215D8D0                     -> __imp__sub_8215D8D0
  sub_8215D910                     -> __imp__sub_8215D910
  sub_8215E6C0                     -> __imp__sub_8215E6C0
  sub_8215F650                     -> __imp__sub_8215F650
  sub_8215F6C8                     -> __imp__sub_8215F6C8
  sub_8215F6F0                     -> __imp__sub_8215F6F0
  sub_8215FAC8                     -> __imp__sub_8215FAC8
  sub_8215FF60                     -> __imp__sub_8215FF60
  sub_8215FFB0                     -> __imp__sub_8215FFB0
  sub_82160138                     -> __imp__sub_82160138
  sub_821618D8                     -> __imp__sub_821618D8
  sub_82163FF8                     -> __imp__sub_82163FF8
  sub_821684F8                     -> __imp__sub_821684F8
  sub_82169FE8                     -> __imp__sub_82169FE8
  sub_8216AB38                     -> __imp__sub_8216AB38
  sub_8216B788                     -> __imp__sub_8216B788
  sub_8216C8D0                     -> __imp__sub_8216C8D0
  sub_8216C8E8                     -> __imp__sub_8216C8E8
  sub_8216C8F8                     -> __imp__sub_8216C8F8
  sub_8216CB68                     -> __imp__sub_8216CB68
  sub_8216CCD0                     -> __imp__sub_8216CCD0
  sub_8216CD58                     -> __imp__sub_8216CD58
  sub_8216CDB0                     -> __imp__sub_8216CDB0
  sub_8216CE28                     -> __imp__sub_8216CE28
  sub_8216E410                     -> __imp__sub_8216E410
  sub_8216E4A0                     -> __imp__sub_8216E4A0
  sub_8216E4B0                     -> __imp__sub_8216E4B0
  sub_8216E528                     -> __imp__sub_8216E528
  sub_8216E600                     -> __imp__sub_8216E600
  sub_8216EA98                     -> __imp__sub_8216EA98
  sub_8216EB78                     -> __imp__sub_8216EB78
  sub_8216EC20                     -> __imp__sub_8216EC20
  sub_8216EC70                     -> __imp__sub_8216EC70
  sub_8216ED70                     -> __imp__sub_8216ED70
  sub_8216F308                     -> __imp__sub_8216F308
  sub_8216F718                     -> __imp__sub_8216F718
  sub_8216F7F0                     -> __imp__sub_8216F7F0
  sub_8216F880                     -> __imp__sub_8216F880
  sub_8216F8D0                     -> __imp__sub_8216F8D0
  sub_8216FAF8                     -> __imp__sub_8216FAF8
  sub_8216FBF8                     -> __imp__sub_8216FBF8
  sub_8216FE08                     -> __imp__sub_8216FE08
  sub_8216FE80                     -> __imp__sub_8216FE80
  sub_8216FEF8                     -> __imp__sub_8216FEF8
  sub_8216FF58                     -> __imp__sub_8216FF58
  sub_821713B8                     -> __imp__sub_821713B8
  sub_821714F8                     -> __imp__sub_821714F8
  sub_82171608                     -> __imp__sub_82171608
  sub_82171740                     -> __imp__sub_82171740
  sub_82171938                     -> __imp__sub_82171938
  sub_821719D0                     -> __imp__sub_821719D0
  sub_82171AB8                     -> __imp__sub_82171AB8
  sub_82171BB0                     -> __imp__sub_82171BB0
  sub_82171EF0                     -> __imp__sub_82171EF0
  sub_82171FB0                     -> __imp__sub_82171FB0
  sub_821726C0                     -> __imp__sub_821726C0
  sub_82172960                     -> __imp__sub_82172960
  sub_82172A00                     -> __imp__sub_82172A00
  sub_82172C70                     -> __imp__sub_82172C70
  sub_821730C0                     -> __imp__sub_821730C0
  sub_821732C0                     -> __imp__sub_821732C0
  sub_82173350                     -> __imp__sub_82173350
  sub_821733F8                     -> __imp__sub_821733F8
  sub_821734F8                     -> __imp__sub_821734F8
  sub_82173590                     -> __imp__sub_82173590
  sub_821736D8                     -> __imp__sub_821736D8
  sub_821737A8                     -> __imp__sub_821737A8
  sub_82173820                     -> __imp__sub_82173820
  sub_82173A10                     -> __imp__sub_82173A10
  sub_82173A78                     -> __imp__sub_82173A78
  sub_82173AC0                     -> __imp__sub_82173AC0
  sub_82173AF8                     -> __imp__sub_82173AF8
  sub_82173D18                     -> __imp__sub_82173D18
  sub_82173E38                     -> __imp__sub_82173E38
  sub_82173F08                     -> __imp__sub_82173F08
  sub_82174B70                     -> __imp__sub_82174B70
  sub_82175300                     -> __imp__sub_82175300
  sub_82175350                     -> __imp__sub_82175350
  sub_82178628                     -> __imp__sub_82178628
  sub_82178740                     -> __imp__sub_82178740
  sub_82178888                     -> __imp__sub_82178888
  sub_82178A30                     -> __imp__sub_82178A30
  sub_82178AD8                     -> __imp__sub_82178AD8
  sub_82178CF8                     -> __imp__sub_82178CF8
  sub_82179108                     -> __imp__sub_82179108
  sub_8217A1D0                     -> __imp__sub_8217A1D0
  sub_8217A408                     -> __imp__sub_8217A408
  sub_8217A650                     -> __imp__sub_8217A650
  sub_8217B148                     -> __imp__sub_8217B148
  sub_8217B358                     -> __imp__sub_8217B358
  sub_8217B4A8                     -> __imp__sub_8217B4A8
  sub_8217B5A8                     -> __imp__sub_8217B5A8
  sub_8217B658                     -> __imp__sub_8217B658
  sub_8217B808                     -> __imp__sub_8217B808
  sub_8217B898                     -> __imp__sub_8217B898
  sub_8217BA60                     -> __imp__sub_8217BA60
  sub_8217BB10                     -> __imp__sub_8217BB10
  sub_8217BF20                     -> __imp__sub_8217BF20
  sub_8217C320                     -> __imp__sub_8217C320
  sub_8217CBD8                     -> __imp__sub_8217CBD8
  sub_8217CC40                     -> __imp__sub_8217CC40
  sub_8217CEB0                     -> __imp__sub_8217CEB0
  sub_8217E930                     -> __imp__sub_8217E930
  sub_8217E958                     -> __imp__sub_8217E958
  sub_8217EA50                     -> __imp__sub_8217EA50
  sub_8217EB20                     -> __imp__sub_8217EB20
  sub_8217EBC8                     -> __imp__sub_8217EBC8
  sub_8217ECA0                     -> __imp__sub_8217ECA0
  sub_8217F418                     -> __imp__sub_8217F418
  sub_8217F4C8                     -> __imp__sub_8217F4C8
  sub_8217F620                     -> __imp__sub_8217F620
  sub_8217F8B8                     -> __imp__sub_8217F8B8
  sub_8217FCA8                     -> __imp__sub_8217FCA8
  sub_8217FEF8                     -> __imp__sub_8217FEF8
  sub_8217FFE8                     -> __imp__sub_8217FFE8
  sub_821801B0                     -> __imp__sub_821801B0
  sub_82180230                     -> __imp__sub_82180230
  sub_82180780                     -> __imp__sub_82180780
  sub_82180970                     -> __imp__sub_82180970
  sub_82180B40                     -> __imp__sub_82180B40
  sub_82180BE8                     -> __imp__sub_82180BE8
  sub_82180C70                     -> __imp__sub_82180C70
  sub_82181A18                     -> __imp__sub_82181A18
  sub_82181AB8                     -> __imp__sub_82181AB8
  sub_82183330                     -> __imp__sub_82183330
  sub_821834C8                     -> __imp__sub_821834C8
  sub_82183510                     -> __imp__sub_82183510
  sub_82183588                     -> __imp__sub_82183588
  sub_82183640                     -> __imp__sub_82183640
  sub_821836D0                     -> __imp__sub_821836D0
  sub_82183728                     -> __imp__sub_82183728
  sub_82183790                     -> __imp__sub_82183790
  sub_82183820                     -> __imp__sub_82183820
  sub_82183D30                     -> __imp__sub_82183D30
  sub_82183DA8                     -> __imp__sub_82183DA8
  sub_82183E28                     -> __imp__sub_82183E28
  sub_82183F38                     -> __imp__sub_82183F38
  sub_82184108                     -> __imp__sub_82184108
  sub_821842D0                     -> __imp__sub_821842D0
  sub_82184610                     -> __imp__sub_82184610
  sub_82184970                     -> __imp__sub_82184970
  sub_82184A88                     -> __imp__sub_82184A88
  sub_82184AF0                     -> __imp__sub_82184AF0
  sub_82184B30                     -> __imp__sub_82184B30
  sub_82184BF8                     -> __imp__sub_82184BF8
  sub_82184CC8                     -> __imp__sub_82184CC8
  sub_82184D38                     -> __imp__sub_82184D38
  sub_82184F80                     -> __imp__sub_82184F80
  sub_82184FF0                     -> __imp__sub_82184FF0
  sub_82185170                     -> __imp__sub_82185170
  sub_821851D0                     -> __imp__sub_821851D0
  sub_82185488                     -> __imp__sub_82185488
  sub_821854C8                     -> __imp__sub_821854C8
  sub_82185640                     -> __imp__sub_82185640
  sub_82185808                     -> __imp__sub_82185808
  sub_821858C0                     -> __imp__sub_821858C0
  sub_821859B8                     -> __imp__sub_821859B8
  sub_82185D50                     -> __imp__sub_82185D50
  sub_82186028                     -> __imp__sub_82186028
  sub_821861E0                     -> __imp__sub_821861E0
  sub_82186570                     -> __imp__sub_82186570
  sub_821868F0                     -> __imp__sub_821868F0
  sub_821874A0                     -> __imp__sub_821874A0
  sub_82187520                     -> __imp__sub_82187520
  sub_82187688                     -> __imp__sub_82187688
  sub_821878F8                     -> __imp__sub_821878F8
  sub_82187B48                     -> __imp__sub_82187B48
  sub_82187BE0                     -> __imp__sub_82187BE0
  sub_82188198                     -> __imp__sub_82188198
  sub_82188220                     -> __imp__sub_82188220
  sub_82188288                     -> __imp__sub_82188288
  sub_821884E0                     -> __imp__sub_821884E0
  sub_82188588                     -> __imp__sub_82188588
  sub_82188AC8                     -> __imp__sub_82188AC8
  sub_82188BA0                     -> __imp__sub_82188BA0
  sub_82189630                     -> __imp__sub_82189630
  sub_8218A720                     -> __imp__sub_8218A720
  sub_8218AA90                     -> __imp__sub_8218AA90
  sub_8218AFC8                     -> __imp__sub_8218AFC8
  sub_8218B458                     -> __imp__sub_8218B458
  sub_8218C168                     -> __imp__sub_8218C168
  sub_8218C3C8                     -> __imp__sub_8218C3C8
  sub_8218D0C8                     -> __imp__sub_8218D0C8
  sub_8218D128                     -> __imp__sub_8218D128
  sub_8218D558                     -> __imp__sub_8218D558
  sub_8218D888                     -> __imp__sub_8218D888
  sub_8218DDA8                     -> __imp__sub_8218DDA8
  sub_8218DF38                     -> __imp__sub_8218DF38
  sub_8218E0C8                     -> __imp__sub_8218E0C8
  sub_8218E128                     -> __imp__sub_8218E128
  sub_8218E248                     -> __imp__sub_8218E248
  sub_8218E730                     -> __imp__sub_8218E730
  sub_8218EAB0                     -> __imp__sub_8218EAB0
  sub_8218F0A8                     -> __imp__sub_8218F0A8
  sub_8218F3C8                     -> __imp__sub_8218F3C8
  sub_8218F878                     -> __imp__sub_8218F878
  sub_8218F8A0                     -> __imp__sub_8218F8A0
  sub_8218F8B8                     -> __imp__sub_8218F8B8
  sub_8218F8BC                     -> __imp__sub_8218F8BC
  sub_8218F8C0                     -> __imp__sub_8218F8C0
  sub_8218F8C4                     -> __imp__sub_8218F8C4
  sub_8218F8C8                     -> __imp__sub_8218F8C8
  sub_8218F8F0                     -> __imp__sub_8218F8F0
  sub_8218F908                     -> __imp__sub_8218F908
  sub_8218F910                     -> __imp__sub_8218F910
  sub_8218F918                     -> __imp__sub_8218F918
  sub_8218F91C                     -> __imp__sub_8218F91C
  sub_8218F920                     -> __imp__sub_8218F920
  sub_8218F948                     -> __imp__sub_8218F948
  sub_8218F960                     -> __imp__sub_8218F960
  sub_8218F968                     -> __imp__sub_8218F968
  sub_8218F970                     -> __imp__sub_8218F970
  sub_8218F974                     -> __imp__sub_8218F974
  sub_8218F978                     -> __imp__sub_8218F978
  sub_8218FC60                     -> __imp__sub_8218FC60
  sub_8218FD58                     -> __imp__sub_8218FD58
  sub_821907B8                     -> __imp__sub_821907B8
  sub_821911C8                     -> __imp__sub_821911C8
  sub_82191220                     -> __imp__sub_82191220
  sub_821912D8                     -> __imp__sub_821912D8
  sub_82191410                     -> __imp__sub_82191410
  sub_821914A0                     -> __imp__sub_821914A0
  sub_82193068                     -> __imp__sub_82193068
  sub_821931F8                     -> __imp__sub_821931F8
  sub_82193408                     -> __imp__sub_82193408
  sub_82193460                     -> __imp__sub_82193460
  sub_821935F0                     -> __imp__sub_821935F0
  sub_82193838                     -> __imp__sub_82193838
  sub_82193890                     -> __imp__sub_82193890
  sub_82193930                     -> __imp__sub_82193930
  sub_821939E0                     -> __imp__sub_821939E0
  sub_82193CB0                     -> __imp__sub_82193CB0
  sub_82193E88                     -> __imp__sub_82193E88
  sub_82194088                     -> __imp__sub_82194088
  sub_82194278                     -> __imp__sub_82194278
  sub_82194908                     -> __imp__sub_82194908
  sub_821949C0                     -> __imp__sub_821949C0
  sub_82194A40                     -> __imp__sub_82194A40
  sub_82194D10                     -> __imp__sub_82194D10
  sub_82194ED8                     -> __imp__sub_82194ED8
  sub_82195890                     -> __imp__sub_82195890
  sub_82195CF8                     -> __imp__sub_82195CF8
  sub_82195DF8                     -> __imp__sub_82195DF8
  sub_82196420                     -> __imp__sub_82196420
  sub_82196D60                     -> __imp__sub_82196D60
  sub_82197000                     -> __imp__sub_82197000
  sub_82197660                     -> __imp__sub_82197660
  sub_82197A88                     -> __imp__sub_82197A88
  sub_82197E30                     -> __imp__sub_82197E30
  sub_82198098                     -> __imp__sub_82198098
  sub_82198418                     -> __imp__sub_82198418
  sub_82198640                     -> __imp__sub_82198640
  sub_82199030                     -> __imp__sub_82199030
  sub_82199210                     -> __imp__sub_82199210
  sub_82199AC0                     -> __imp__sub_82199AC0
  sub_8219A1E8                     -> __imp__sub_8219A1E8
  sub_8219A588                     -> __imp__sub_8219A588
  sub_8219B510                     -> __imp__sub_8219B510
  sub_8219B7C8                     -> __imp__sub_8219B7C8
  sub_8219B8B8                     -> __imp__sub_8219B8B8
  sub_8219BC90                     -> __imp__sub_8219BC90
  sub_8219BE70                     -> __imp__sub_8219BE70
  sub_8219C268                     -> __imp__sub_8219C268
  sub_8219C5D8                     -> __imp__sub_8219C5D8
  sub_8219C638                     -> __imp__sub_8219C638
  sub_8219C750                     -> __imp__sub_8219C750
  sub_8219E000                     -> __imp__sub_8219E000
  sub_8219F208                     -> __imp__sub_8219F208
  sub_8219F468                     -> __imp__sub_8219F468
  sub_8219F680                     -> __imp__sub_8219F680
  sub_8219FAD0                     -> __imp__sub_8219FAD0
  sub_8219FFD0                     -> __imp__sub_8219FFD0
  sub_821A0240                     -> __imp__sub_821A0240
  sub_821A1078                     -> __imp__sub_821A1078
  sub_821A1830                     -> __imp__sub_821A1830
  sub_821A1C40                     -> __imp__sub_821A1C40
  sub_821A1F28                     -> __imp__sub_821A1F28
  sub_821A2198                     -> __imp__sub_821A2198
  sub_821A24D8                     -> __imp__sub_821A24D8
  sub_821A2598                     -> __imp__sub_821A2598
  sub_821A2850                     -> __imp__sub_821A2850
  sub_821A2D58                     -> __imp__sub_821A2D58
  sub_821A2F98                     -> __imp__sub_821A2F98
  sub_821A3250                     -> __imp__sub_821A3250
  sub_821A36C0                     -> __imp__sub_821A36C0
  sub_821A38D8                     -> __imp__sub_821A38D8
  sub_821A3F40                     -> __imp__sub_821A3F40
  sub_821A4090                     -> __imp__sub_821A4090
  sub_821A4150                     -> __imp__sub_821A4150
  sub_821A4758                     -> __imp__sub_821A4758
  sub_821A4AA8                     -> __imp__sub_821A4AA8
  sub_821A63B8                     -> __imp__sub_821A63B8
  sub_821A6770                     -> __imp__sub_821A6770
  sub_821A71A0                     -> __imp__sub_821A71A0
  sub_821A74A0                     -> __imp__sub_821A74A0
  sub_821A7540                     -> __imp__sub_821A7540
  sub_821A7638                     -> __imp__sub_821A7638
  sub_821A7A28                     -> __imp__sub_821A7A28
  sub_821A7EF8                     -> __imp__sub_821A7EF8
  sub_821A8768                     -> __imp__sub_821A8768
  sub_821A89B0                     -> __imp__sub_821A89B0
  sub_821A8EB0                     -> __imp__sub_821A8EB0
  sub_821A9310                     -> __imp__sub_821A9310
  sub_821A9408                     -> __imp__sub_821A9408
  sub_821A9A08                     -> __imp__sub_821A9A08
  sub_821A9AB0                     -> __imp__sub_821A9AB0
  sub_821A9B20                     -> __imp__sub_821A9B20
  sub_821A9B90                     -> __imp__sub_821A9B90
  sub_821A9C38                     -> __imp__sub_821A9C38
  sub_821AA418                     -> __imp__sub_821AA418
  sub_821AA4F8                     -> __imp__sub_821AA4F8
  sub_821AA628                     -> __imp__sub_821AA628
  sub_821AA698                     -> __imp__sub_821AA698
  sub_821AA708                     -> __imp__sub_821AA708
  sub_821AA778                     -> __imp__sub_821AA778
  sub_821AA8F8                     -> __imp__sub_821AA8F8
  sub_821AA958                     -> __imp__sub_821AA958
  sub_821AA968                     -> __imp__sub_821AA968
  sub_821AA9D8                     -> __imp__sub_821AA9D8
  sub_821AAA48                     -> __imp__sub_821AAA48
  sub_821AAAA8                     -> __imp__sub_821AAAA8
  sub_821AAAB8                     -> __imp__sub_821AAAB8
  sub_821AAB28                     -> __imp__sub_821AAB28
  sub_821AAB98                     -> __imp__sub_821AAB98
  sub_821AABF8                     -> __imp__sub_821AABF8
  sub_821AAC08                     -> __imp__sub_821AAC08
  sub_821AAC68                     -> __imp__sub_821AAC68
  sub_821AACC8                     -> __imp__sub_821AACC8
  sub_821AACD8                     -> __imp__sub_821AACD8
  sub_821AAD38                     -> __imp__sub_821AAD38
  sub_821AAD48                     -> __imp__sub_821AAD48
  sub_821AADB8                     -> __imp__sub_821AADB8
  sub_821AAE28                     -> __imp__sub_821AAE28
  sub_821AAE88                     -> __imp__sub_821AAE88
  sub_821AAE98                     -> __imp__sub_821AAE98
  sub_821AB240                     -> __imp__sub_821AB240
  sub_821ACAE0                     -> __imp__sub_821ACAE0
  sub_821ACB28                     -> __imp__sub_821ACB28
  sub_821ACC00                     -> __imp__sub_821ACC00
  sub_821ACCF8                     -> __imp__sub_821ACCF8
  sub_821E68F8                     -> __imp__sub_821E68F8
  sub_821E6928                     -> __imp__sub_821E6928
  sub_821E69F0                     -> __imp__sub_821E69F0
  sub_821E6E10                     -> __imp__sub_821E6E10
  sub_821E6E98                     -> __imp__sub_821E6E98
  sub_821E6EA0                     -> __imp__sub_821E6EA0
  sub_821E6EB0                     -> __imp__sub_821E6EB0
  sub_821E6F78                     -> __imp__sub_821E6F78
  sub_821E70C8                     -> __imp__sub_821E70C8
  sub_821E7518                     -> __imp__sub_821E7518
  sub_821E7540                     -> __imp__sub_821E7540
  sub_821E7720                     -> __imp__sub_821E7720
  sub_821E7760                     -> __imp__sub_821E7760
  sub_821E90A0                     -> __imp__sub_821E90A0
  sub_821E90B0                     -> __imp__sub_821E90B0
  sub_821E9150                     -> __imp__sub_821E9150
  sub_821E9598                     -> __imp__sub_821E9598
  sub_821E9900                     -> __imp__sub_821E9900
  sub_821E9E90                     -> __imp__sub_821E9E90
  sub_821EA148                     -> __imp__sub_821EA148
  sub_821EA188                     -> __imp__sub_821EA188
  sub_821EAAE8                     -> __imp__sub_821EAAE8
  sub_821ECC98                     -> __imp__sub_821ECC98
  sub_821ED930                     -> __imp__sub_821ED930
  sub_821EDA60                     -> __imp__sub_821EDA60
  sub_821EE3B8                     -> __imp__sub_821EE3B8
  sub_821EE418                     -> __imp__sub_821EE418
  sub_821EE528                     -> __imp__sub_821EE528
  sub_821EF618                     -> __imp__sub_821EF618
  sub_821EFAA8                     -> __imp__sub_821EFAA8
  sub_821F04B8                     -> __imp__sub_821F04B8
  sub_821F16C0                     -> __imp__sub_821F16C0
  sub_821F1758                     -> __imp__sub_821F1758
  sub_821F3298                     -> __imp__sub_821F3298
  sub_821F39F0                     -> __imp__sub_821F39F0
  sub_821F3D48                     -> __imp__sub_821F3D48
  sub_821F50F8                     -> __imp__sub_821F50F8
  sub_821F5168                     -> __imp__sub_821F5168
  sub_821F5348                     -> __imp__sub_821F5348
  sub_821F5420                     -> __imp__sub_821F5420
  sub_821F5498                     -> __imp__sub_821F5498
  sub_821F5B10                     -> __imp__sub_821F5B10
  sub_821F5FB0                     -> __imp__sub_821F5FB0
  sub_821F5FF0                     -> __imp__sub_821F5FF0
  sub_821F6100                     -> __imp__sub_821F6100
  sub_821F6310                     -> __imp__sub_821F6310
  sub_821F6388                     -> __imp__sub_821F6388
  sub_821F63B0                     -> __imp__sub_821F63B0
  sub_821F6418                     -> __imp__sub_821F6418
  sub_821F6528                     -> __imp__sub_821F6528
  sub_821F65C8                     -> __imp__sub_821F65C8
  sub_821F66A0                     -> __imp__sub_821F66A0
  sub_821F66B0                     -> __imp__sub_821F66B0
  sub_821F6750                     -> __imp__sub_821F6750
  sub_821F6768                     -> __imp__sub_821F6768
  sub_821F6828                     -> __imp__sub_821F6828
  sub_821F6898                     -> __imp__sub_821F6898
  sub_821F6948                     -> __imp__sub_821F6948
  sub_821F6A20                     -> __imp__sub_821F6A20
  sub_821F6AF0                     -> __imp__sub_821F6AF0
  sub_821F7088                     -> __imp__sub_821F7088
  sub_821F7128                     -> __imp__sub_821F7128
  sub_821F7174                     -> __imp__sub_821F7174
  sub_821F75E8                     -> __imp__sub_821F75E8
  sub_821F7648                     -> __imp__sub_821F7648
  sub_821F7810                     -> __imp__sub_821F7810
  sub_821F7B58                     -> __imp__sub_821F7B58
  sub_821F7D90                     -> __imp__sub_821F7D90
  sub_821F7FB0                     -> __imp__sub_821F7FB0
  sub_821F80A0                     -> __imp__sub_821F80A0
  sub_821F8190                     -> __imp__sub_821F8190
  sub_821F8280                     -> __imp__sub_821F8280
  sub_821F8288                     -> __imp__sub_821F8288
  sub_821F8290                     -> __imp__sub_821F8290
  sub_821F8298                     -> __imp__sub_821F8298
  sub_821F82A0                     -> __imp__sub_821F82A0
  sub_821F82B0                     -> __imp__sub_821F82B0
  sub_821F8400                     -> __imp__sub_821F8400
  sub_821F84E0                     -> __imp__sub_821F84E0
  sub_821F8538                     -> __imp__sub_821F8538
  sub_821F8650                     -> __imp__sub_821F8650
  sub_821F8968                     -> __imp__sub_821F8968
  sub_821F8B50                     -> __imp__sub_821F8B50
  sub_821F8D80                     -> __imp__sub_821F8D80
  sub_821F9280                     -> __imp__sub_821F9280
  sub_821F92A0                     -> __imp__sub_821F92A0
  sub_821F9320                     -> __imp__sub_821F9320
  sub_821F9FC0                     -> __imp__sub_821F9FC0
  sub_821FA050                     -> __imp__sub_821FA050
  sub_821FA240                     -> __imp__sub_821FA240
  sub_821FA7A8                     -> __imp__sub_821FA7A8
  sub_821FA980                     -> __imp__sub_821FA980
  sub_821FAD98                     -> __imp__sub_821FAD98
  sub_821FB3D8                     -> __imp__sub_821FB3D8
  sub_821FB608                     -> __imp__sub_821FB608
  sub_821FB7A0                     -> __imp__sub_821FB7A0
  sub_821FB960                     -> __imp__sub_821FB960
  sub_821FBF68                     -> __imp__sub_821FBF68
  sub_821FC6A8                     -> __imp__sub_821FC6A8
  sub_821FCB38                     -> __imp__sub_821FCB38
  sub_821FCB98                     -> __imp__sub_821FCB98
  sub_821FCC48                     -> __imp__sub_821FCC48
  sub_821FCD30                     -> __imp__sub_821FCD30
  sub_821FCDE0                     -> __imp__sub_821FCDE0
  sub_821FCE70                     -> __imp__sub_821FCE70
  sub_821FCFC8                     -> __imp__sub_821FCFC8
  sub_821FD000                     -> __imp__sub_821FD000
  sub_821FD048                     -> __imp__sub_821FD048
  sub_821FD05C                     -> __imp__sub_821FD05C
  sub_821FD148                     -> __imp__sub_821FD148
  sub_821FD290                     -> __imp__sub_821FD290
  sub_821FD368                     -> __imp__sub_821FD368
  sub_821FD3D0                     -> __imp__sub_821FD3D0
  sub_821FD498                     -> __imp__sub_821FD498
  sub_821FD698                     -> __imp__sub_821FD698
  sub_821FD810                     -> __imp__sub_821FD810
  sub_821FD948                     -> __imp__sub_821FD948
  sub_821FDC20                     -> __imp__sub_821FDC20
  sub_821FE188                     -> __imp__sub_821FE188
  sub_821FE690                     -> __imp__sub_821FE690
  sub_821FE7D8                     -> __imp__sub_821FE7D8
  sub_821FE818                     -> __imp__sub_821FE818
  sub_821FEBC0                     -> __imp__sub_821FEBC0
  sub_821FEDE8                     -> __imp__sub_821FEDE8
  sub_821FEE90                     -> __imp__sub_821FEE90
  sub_821FF008                     -> __imp__sub_821FF008
  sub_821FF248                     -> __imp__sub_821FF248
  sub_821FF2D0                     -> __imp__sub_821FF2D0
  sub_821FF308                     -> __imp__sub_821FF308
  sub_821FF500                     -> __imp__sub_821FF500
  sub_821FF558                     -> __imp__sub_821FF558
  sub_821FF960                     -> __imp__sub_821FF960
  sub_821FFAD0                     -> __imp__sub_821FFAD0
  sub_821FFC60                     -> __imp__sub_821FFC60
  sub_821FFE30                     -> __imp__sub_821FFE30
  sub_82200288                     -> __imp__sub_82200288
  sub_82200640                     -> __imp__sub_82200640
  sub_822006B0                     -> __imp__sub_822006B0
  sub_82201220                     -> __imp__sub_82201220
  sub_82201ED0                     -> __imp__sub_82201ED0
  sub_822023D8                     -> __imp__sub_822023D8
  sub_82202AF0                     -> __imp__sub_82202AF0
  sub_82202C78                     -> __imp__sub_82202C78
  sub_82202E58                     -> __imp__sub_82202E58
  sub_822031F8                     -> __imp__sub_822031F8
  sub_82203338                     -> __imp__sub_82203338
  sub_82203578                     -> __imp__sub_82203578
  sub_82203630                     -> __imp__sub_82203630
  sub_82203760                     -> __imp__sub_82203760
  sub_82203848                     -> __imp__sub_82203848
  sub_82203858                     -> __imp__sub_82203858
  sub_82203860                     -> __imp__sub_82203860
  sub_82203880                     -> __imp__sub_82203880
  sub_82203A48                     -> __imp__sub_82203A48
  sub_82203C40                     -> __imp__sub_82203C40
  sub_82203CA8                     -> __imp__sub_82203CA8
  sub_82204008                     -> __imp__sub_82204008
  sub_82204200                     -> __imp__sub_82204200
  sub_82204210                     -> __imp__sub_82204210
  sub_82204B48                     -> __imp__sub_82204B48
  sub_82204EC8                     -> __imp__sub_82204EC8
  sub_82204F88                     -> __imp__sub_82204F88
  sub_82205018                     -> __imp__sub_82205018
  sub_82205108                     -> __imp__sub_82205108
  sub_82205170                     -> __imp__sub_82205170
  sub_822052A8                     -> __imp__sub_822052A8
  sub_82205540                     -> __imp__sub_82205540
  sub_822056B8                     -> __imp__sub_822056B8
  sub_822059B0                     -> __imp__sub_822059B0
  sub_82205B50                     -> __imp__sub_82205B50
  sub_82205C40                     -> __imp__sub_82205C40
  sub_82205CF8                     -> __imp__sub_82205CF8
  sub_82205E30                     -> __imp__sub_82205E30
  sub_82205EB8                     -> __imp__sub_82205EB8
  sub_82205F28                     -> __imp__sub_82205F28
  sub_82205FE8                     -> __imp__sub_82205FE8
  sub_82206230                     -> __imp__sub_82206230
  sub_82206500                     -> __imp__sub_82206500
  sub_82206CE8                     -> __imp__sub_82206CE8
  sub_82206FE0                     -> __imp__sub_82206FE0
  sub_82207048                     -> __imp__sub_82207048
  sub_822070F8                     -> __imp__sub_822070F8
  sub_82207160                     -> __imp__sub_82207160
  sub_822073A0                     -> __imp__sub_822073A0
  sub_82207508                     -> __imp__sub_82207508
  sub_822076D8                     -> __imp__sub_822076D8
  sub_822077C8                     -> __imp__sub_822077C8
  sub_822078E0                     -> __imp__sub_822078E0
  sub_822079A0                     -> __imp__sub_822079A0
  sub_82207DA8                     -> __imp__sub_82207DA8
  sub_82207F40                     -> __imp__sub_82207F40
  sub_82208078                     -> __imp__sub_82208078
  sub_82208590                     -> __imp__sub_82208590
  sub_82208A78                     -> __imp__sub_82208A78
  sub_82208D40                     -> __imp__sub_82208D40
  sub_82208E28                     -> __imp__sub_82208E28
  sub_822090B8                     -> __imp__sub_822090B8
  sub_82209AC0                     -> __imp__sub_82209AC0
  sub_82209AE0                     -> __imp__sub_82209AE0
  sub_82209B0C                     -> __imp__sub_82209B0C
  sub_82209B20                     -> __imp__sub_82209B20
  sub_82209B34                     -> __imp__sub_82209B34
  sub_82209B48                     -> __imp__sub_82209B48
  sub_8220A5C0                     -> __imp__sub_8220A5C0
  sub_8220A688                     -> __imp__sub_8220A688
  sub_8220A710                     -> __imp__sub_8220A710
  sub_8220A7A0                     -> __imp__sub_8220A7A0
  sub_8220A868                     -> __imp__sub_8220A868
  sub_8220A980                     -> __imp__sub_8220A980
  sub_8220AED8                     -> __imp__sub_8220AED8
  sub_8220B590                     -> __imp__sub_8220B590
  sub_8220B6C8                     -> __imp__sub_8220B6C8
  sub_8220C470                     -> __imp__sub_8220C470
  sub_8220D1B0                     -> __imp__sub_8220D1B0
  sub_8220D470                     -> __imp__sub_8220D470
  sub_8220D4F8                     -> __imp__sub_8220D4F8
  sub_8220D840                     -> __imp__sub_8220D840
  sub_8220DEA0                     -> __imp__sub_8220DEA0
  sub_8220E140                     -> __imp__sub_8220E140
  sub_8220E448                     -> __imp__sub_8220E448
  sub_8220E818                     -> __imp__sub_8220E818
  sub_8220E938                     -> __imp__sub_8220E938
  sub_8220E980                     -> __imp__sub_8220E980
  sub_8220ED30                     -> __imp__sub_8220ED30
  sub_8220EF00                     -> __imp__sub_8220EF00
  sub_8220F660                     -> __imp__sub_8220F660
  sub_8220F9F8                     -> __imp__sub_8220F9F8
  sub_82211168                     -> __imp__sub_82211168
  sub_822111D8                     -> __imp__sub_822111D8
  sub_82211600                     -> __imp__sub_82211600
  sub_822119F8                     -> __imp__sub_822119F8
  sub_822122C8                     -> __imp__sub_822122C8
  sub_82212B78                     -> __imp__sub_82212B78
  sub_82213180                     -> __imp__sub_82213180
  sub_82213900                     -> __imp__sub_82213900
  sub_82213D10                     -> __imp__sub_82213D10
  sub_822144A0                     -> __imp__sub_822144A0
  sub_822146E0                     -> __imp__sub_822146E0
  sub_82214E88                     -> __imp__sub_82214E88
  sub_822158B0                     -> __imp__sub_822158B0
  sub_82219910                     -> __imp__sub_82219910
  sub_82219918                     -> __imp__sub_82219918
  sub_82219928                     -> __imp__sub_82219928
  sub_82219930                     -> __imp__sub_82219930
  sub_822199A8                     -> __imp__sub_822199A8
  sub_82219A28                     -> __imp__sub_82219A28
  sub_82219AB8                     -> __imp__sub_82219AB8
  sub_82219B70                     -> __imp__sub_82219B70
  sub_82219BB0                     -> __imp__sub_82219BB0
  sub_82219F68                     -> __imp__sub_82219F68
  sub_82219FB0                     -> __imp__sub_82219FB0
  sub_8221A030                     -> __imp__sub_8221A030
  sub_8221A0B0                     -> __imp__sub_8221A0B0
  sub_8221A130                     -> __imp__sub_8221A130
  sub_8221A3B0                     -> __imp__sub_8221A3B0
  sub_8221A428                     -> __imp__sub_8221A428
  sub_8221A498                     -> __imp__sub_8221A498
  sub_8221A538                     -> __imp__sub_8221A538
  sub_8221A5B0                     -> __imp__sub_8221A5B0
  sub_8221A6C8                     -> __imp__sub_8221A6C8
  sub_8221A918                     -> __imp__sub_8221A918
  sub_8221AB50                     -> __imp__sub_8221AB50
  sub_8221ACA0                     -> __imp__sub_8221ACA0
  sub_8221ACB8                     -> __imp__sub_8221ACB8
  sub_8221ACD0                     -> __imp__sub_8221ACD0
  sub_8221ADF0                     -> __imp__sub_8221ADF0
  sub_8221AE50                     -> __imp__sub_8221AE50
  sub_8221AF98                     -> __imp__sub_8221AF98
  sub_8221B388                     -> __imp__sub_8221B388
  sub_8221B3A8                     -> __imp__sub_8221B3A8
  sub_8221B3E0                     -> __imp__sub_8221B3E0
  sub_8221B3E8                     -> __imp__sub_8221B3E8
  sub_8221B3F0                     -> __imp__sub_8221B3F0
  sub_8221B3F8                     -> __imp__sub_8221B3F8
  sub_8221B400                     -> __imp__sub_8221B400
  sub_8221B408                     -> __imp__sub_8221B408
  sub_8221B410                     -> __imp__sub_8221B410
  sub_8221B418                     -> __imp__sub_8221B418
  sub_8221B420                     -> __imp__sub_8221B420
  sub_8221B428                     -> __imp__sub_8221B428
  sub_8221B430                     -> __imp__sub_8221B430
  sub_8221B438                     -> __imp__sub_8221B438
  sub_8221B458                     -> __imp__sub_8221B458
  sub_8221B498                     -> __imp__sub_8221B498
  sub_8221B4A0                     -> __imp__sub_8221B4A0
  sub_8221B4A8                     -> __imp__sub_8221B4A8
  sub_8221B4B0                     -> __imp__sub_8221B4B0
  sub_8221B4B8                     -> __imp__sub_8221B4B8
  sub_8221B4C0                     -> __imp__sub_8221B4C0
  sub_8221B4C8                     -> __imp__sub_8221B4C8
  sub_8221B4D0                     -> __imp__sub_8221B4D0
  sub_8221B4D8                     -> __imp__sub_8221B4D8
  sub_8221B4E0                     -> __imp__sub_8221B4E0
  sub_8221B4E8                     -> __imp__sub_8221B4E8
  sub_8221B4F0                     -> __imp__sub_8221B4F0
  sub_8221B680                     -> __imp__sub_8221B680
  sub_8221B818                     -> __imp__sub_8221B818
  sub_8221B898                     -> __imp__sub_8221B898
  sub_8221B918                     -> __imp__sub_8221B918
  sub_8221BCE8                     -> __imp__sub_8221BCE8
  sub_8221BE50                     -> __imp__sub_8221BE50
  sub_8221BEC8                     -> __imp__sub_8221BEC8
  sub_8221C018                     -> __imp__sub_8221C018
  sub_8221C128                     -> __imp__sub_8221C128
  sub_8221C2F0                     -> __imp__sub_8221C2F0
  sub_8221C328                     -> __imp__sub_8221C328
  sub_8221C3E8                     -> __imp__sub_8221C3E8
  sub_8221C408                     -> __imp__sub_8221C408
  sub_8221CB88                     -> __imp__sub_8221CB88
  sub_8221CBAC                     -> __imp__sub_8221CBAC
  sub_8221CC08                     -> __imp__sub_8221CC08
  sub_8221CC10                     -> __imp__sub_8221CC10
  sub_8221CC78                     -> __imp__sub_8221CC78
  sub_8221CE48                     -> __imp__sub_8221CE48
  sub_8221CF18                     -> __imp__sub_8221CF18
  sub_8221D0C8                     -> __imp__sub_8221D0C8
  sub_8221D180                     -> __imp__sub_8221D180
  sub_8221D220                     -> __imp__sub_8221D220
  sub_8221D2C8                     -> __imp__sub_8221D2C8
  sub_8221E158                     -> __imp__sub_8221E158
  sub_8221E220                     -> __imp__sub_8221E220
  sub_8221E3E0                     -> __imp__sub_8221E3E0
  sub_8221E4A0                     -> __imp__sub_8221E4A0
  sub_8221E540                     -> __imp__sub_8221E540
  sub_8221E610                     -> __imp__sub_8221E610
  sub_8221E740                     -> __imp__sub_8221E740
  sub_8221E838                     -> __imp__sub_8221E838
  sub_8221EAC8                     -> __imp__sub_8221EAC8
  sub_8221EC78                     -> __imp__sub_8221EC78
  sub_8221ED90                     -> __imp__sub_8221ED90
  sub_8221EDB0                     -> __imp__sub_8221EDB0
  sub_8221EDFC                     -> __imp__sub_8221EDFC
  sub_8221EE10                     -> __imp__sub_8221EE10
  sub_8221EE24                     -> __imp__sub_8221EE24
  sub_8221EE3C                     -> __imp__sub_8221EE3C
  sub_8221EE48                     -> __imp__sub_8221EE48
  sub_8221EE50                     -> __imp__sub_8221EE50
  sub_8221EE5C                     -> __imp__sub_8221EE5C
  sub_8221EE78                     -> __imp__sub_8221EE78
  sub_8221EE94                     -> __imp__sub_8221EE94
  sub_8221EEA8                     -> __imp__sub_8221EEA8
  sub_8221EEBC                     -> __imp__sub_8221EEBC
  sub_8221EED0                     -> __imp__sub_8221EED0
  sub_8221EEE4                     -> __imp__sub_8221EEE4
  sub_8221EEF8                     -> __imp__sub_8221EEF8
  sub_8221F180                     -> __imp__sub_8221F180
  sub_8221F518                     -> __imp__sub_8221F518
  sub_8221F610                     -> __imp__sub_8221F610
  sub_8221F710                     -> __imp__sub_8221F710
  sub_8221F908                     -> __imp__sub_8221F908
  sub_8221FBE0                     -> __imp__sub_8221FBE0
  sub_82220860                     -> __imp__sub_82220860
  sub_82220AA0                     -> __imp__sub_82220AA0
  sub_82220C20                     -> __imp__sub_82220C20
  sub_82220CA8                     -> __imp__sub_82220CA8
  sub_82220DB0                     -> __imp__sub_82220DB0
  sub_82220E30                     -> __imp__sub_82220E30
  sub_82220EA0                     -> __imp__sub_82220EA0
  sub_82220EF8                     -> __imp__sub_82220EF8
  sub_82220FF8                     -> __imp__sub_82220FF8
  sub_82221050                     -> __imp__sub_82221050
  sub_82221090                     -> __imp__sub_82221090
  sub_822210A8                     -> __imp__sub_822210A8
  sub_82221188                     -> __imp__sub_82221188
  sub_822212C0                     -> __imp__sub_822212C0
  sub_822212D0                     -> __imp__sub_822212D0
  sub_82221350                     -> __imp__sub_82221350
  sub_822218C8                     -> __imp__sub_822218C8
  sub_822221A0                     -> __imp__sub_822221A0
  sub_82222220                     -> __imp__sub_82222220
  sub_822222D0                     -> __imp__sub_822222D0
  sub_82222400                     -> __imp__sub_82222400
  sub_822224A0                     -> __imp__sub_822224A0
  sub_822224B8                     -> __imp__sub_822224B8
  sub_822225C0                     -> __imp__sub_822225C0
  sub_82222840                     -> __imp__sub_82222840
  sub_82222858                     -> __imp__sub_82222858
  sub_82222878                     -> __imp__sub_82222878
  sub_82222B48                     -> __imp__sub_82222B48
  sub_82222D40                     -> __imp__sub_82222D40
  sub_82222E70                     -> __imp__sub_82222E70
  sub_82222EF8                     -> __imp__sub_82222EF8
  sub_822232A8                     -> __imp__sub_822232A8
  sub_82223330                     -> __imp__sub_82223330
  sub_822233B0                     -> __imp__sub_822233B0
  sub_82223468                     -> __imp__sub_82223468
  sub_82223488                     -> __imp__sub_82223488
  sub_82223628                     -> __imp__sub_82223628
  sub_82223630                     -> __imp__sub_82223630
  sub_82223638                     -> __imp__sub_82223638
  sub_82223640                     -> __imp__sub_82223640
  sub_82223648                     -> __imp__sub_82223648
  sub_82223650                     -> __imp__sub_82223650
  sub_82223658                     -> __imp__sub_82223658
  sub_82223660                     -> __imp__sub_82223660
  sub_82223668                     -> __imp__sub_82223668
  sub_82223670                     -> __imp__sub_82223670
  sub_82223678                     -> __imp__sub_82223678
  sub_82223680                     -> __imp__sub_82223680
  sub_82223910                     -> __imp__sub_82223910
  sub_82223950                     -> __imp__sub_82223950
  sub_82223990                     -> __imp__sub_82223990
  sub_822239D0                     -> __imp__sub_822239D0
  sub_822239D8                     -> __imp__sub_822239D8
  sub_82223A58                     -> __imp__sub_82223A58
  sub_82223A60                     -> __imp__sub_82223A60
  sub_82223D38                     -> __imp__sub_82223D38
  sub_822240C8                     -> __imp__sub_822240C8
  sub_82224200                     -> __imp__sub_82224200
  sub_822247D8                     -> __imp__sub_822247D8
  sub_82224E78                     -> __imp__sub_82224E78
  sub_82224FB8                     -> __imp__sub_82224FB8
  sub_82225088                     -> __imp__sub_82225088
  sub_82225248                     -> __imp__sub_82225248
  sub_822254D8                     -> __imp__sub_822254D8
  sub_82225778                     -> __imp__sub_82225778
  sub_822259C0                     -> __imp__sub_822259C0
  sub_822273B0                     -> __imp__sub_822273B0
  sub_82227550                     -> __imp__sub_82227550
  sub_822276E0                     -> __imp__sub_822276E0
  sub_82227838                     -> __imp__sub_82227838
  sub_82227970                     -> __imp__sub_82227970
  sub_822279B8                     -> __imp__sub_822279B8
  sub_82227A10                     -> __imp__sub_82227A10
  sub_82227BC8                     -> __imp__sub_82227BC8
  sub_82227C60                     -> __imp__sub_82227C60
  sub_82228038                     -> __imp__sub_82228038
  sub_82228700                     -> __imp__sub_82228700
  sub_82228C60                     -> __imp__sub_82228C60
  sub_822293D8                     -> __imp__sub_822293D8
  sub_82229430                     -> __imp__sub_82229430
  sub_82229700                     -> __imp__sub_82229700
  sub_822297F0                     -> __imp__sub_822297F0
  sub_82229890                     -> __imp__sub_82229890
  sub_822299A0                     -> __imp__sub_822299A0
  sub_82229A40                     -> __imp__sub_82229A40
  sub_82229C40                     -> __imp__sub_82229C40
  sub_82229E78                     -> __imp__sub_82229E78
  sub_82229FA8                     -> __imp__sub_82229FA8
  sub_8222A190                     -> __imp__sub_8222A190
  sub_8222A2C8                     -> __imp__sub_8222A2C8
  sub_8222A5F8                     -> __imp__sub_8222A5F8
  sub_8222A678                     -> __imp__sub_8222A678
  sub_8222A758                     -> __imp__sub_8222A758
  sub_8222A880                     -> __imp__sub_8222A880
  sub_8222A8E8                     -> __imp__sub_8222A8E8
  sub_8222A9F8                     -> __imp__sub_8222A9F8
  sub_8222AAB0                     -> __imp__sub_8222AAB0
  sub_8222AC30                     -> __imp__sub_8222AC30
  sub_8222AFB8                     -> __imp__sub_8222AFB8
  sub_8222BD50                     -> __imp__sub_8222BD50
  sub_8222BDE8                     -> __imp__sub_8222BDE8
  sub_8222BFD8                     -> __imp__sub_8222BFD8
  sub_8222C890                     -> __imp__sub_8222C890
  sub_8222C900                     -> __imp__sub_8222C900
  sub_8222C958                     -> __imp__sub_8222C958
  sub_8222C98C                     -> __imp__sub_8222C98C
  sub_8222C994                     -> __imp__sub_8222C994
  sub_8222C99C                     -> __imp__sub_8222C99C
  sub_8222C9A4                     -> __imp__sub_8222C9A4
  sub_8222C9F8                     -> __imp__sub_8222C9F8
  sub_8222CBE0                     -> __imp__sub_8222CBE0
  sub_8222CDD0                     -> __imp__sub_8222CDD0
  sub_8222CE98                     -> __imp__sub_8222CE98
  sub_8222D0F8                     -> __imp__sub_8222D0F8
  sub_8222D298                     -> __imp__sub_8222D298
  sub_8222D358                     -> __imp__sub_8222D358
  sub_8222D408                     -> __imp__sub_8222D408
  sub_8222D538                     -> __imp__sub_8222D538
  sub_8222D828                     -> __imp__sub_8222D828
  sub_8222DC50                     -> __imp__sub_8222DC50
  sub_8222DD18                     -> __imp__sub_8222DD18
  sub_8222DF00                     -> __imp__sub_8222DF00
  sub_8222E000                     -> __imp__sub_8222E000
  sub_8222E190                     -> __imp__sub_8222E190
  sub_8222E2E0                     -> __imp__sub_8222E2E0
  sub_8222E590                     -> __imp__sub_8222E590
  sub_8222E8F8                     -> __imp__sub_8222E8F8
  sub_8222EAC8                     -> __imp__sub_8222EAC8
  sub_8222ECF0                     -> __imp__sub_8222ECF0
  sub_8222F0B8                     -> __imp__sub_8222F0B8
  sub_8222F338                     -> __imp__sub_8222F338
  sub_8222F7E8                     -> __imp__sub_8222F7E8
  sub_8222F8F8                     -> __imp__sub_8222F8F8
  sub_8222FAD8                     -> __imp__sub_8222FAD8
  sub_8222FB00                     -> __imp__sub_8222FB00
  sub_8222FBC0                     -> __imp__sub_8222FBC0
  sub_8222FD48                     -> __imp__sub_8222FD48
  sub_82230100                     -> __imp__sub_82230100
  sub_82230280                     -> __imp__sub_82230280
  sub_82230800                     -> __imp__sub_82230800
  sub_82230AB0                     -> __imp__sub_82230AB0
  sub_82230B70                     -> __imp__sub_82230B70
  sub_82231138                     -> __imp__sub_82231138
  sub_82231538                     -> __imp__sub_82231538
  sub_82231618                     -> __imp__sub_82231618
  sub_822316D8                     -> __imp__sub_822316D8
  sub_82231788                     -> __imp__sub_82231788
  sub_82231818                     -> __imp__sub_82231818
  sub_822318B8                     -> __imp__sub_822318B8
  sub_822319C8                     -> __imp__sub_822319C8
  sub_822319F0                     -> __imp__sub_822319F0
  sub_82231A1C                     -> __imp__sub_82231A1C
  sub_82231A24                     -> __imp__sub_82231A24
  sub_82231A2C                     -> __imp__sub_82231A2C
  sub_82231A34                     -> __imp__sub_82231A34
  sub_82231AE0                     -> __imp__sub_82231AE0
  sub_82231C10                     -> __imp__sub_82231C10
  sub_82231D70                     -> __imp__sub_82231D70
  sub_82231EB0                     -> __imp__sub_82231EB0
  sub_82231FC0                     -> __imp__sub_82231FC0
  sub_82232040                     -> __imp__sub_82232040
  sub_82232220                     -> __imp__sub_82232220
  sub_822326F8                     -> __imp__sub_822326F8
  sub_822327A8                     -> __imp__sub_822327A8
  sub_822327B8                     -> __imp__sub_822327B8
  sub_82232830                     -> __imp__sub_82232830
  sub_822328A8                     -> __imp__sub_822328A8
  sub_82232998                     -> __imp__sub_82232998
  sub_82232AB8                     -> __imp__sub_82232AB8
  sub_82232B48                     -> __imp__sub_82232B48
  sub_82232BE8                     -> __imp__sub_82232BE8
  sub_82232D40                     -> __imp__sub_82232D40
  sub_82232D80                     -> __imp__sub_82232D80
  sub_82233990                     -> __imp__sub_82233990
  sub_822339E0                     -> __imp__sub_822339E0
  sub_82233A28                     -> __imp__sub_82233A28
  sub_82233AC8                     -> __imp__sub_82233AC8
  sub_82233BD0                     -> __imp__sub_82233BD0
  sub_82233C70                     -> __imp__sub_82233C70
  sub_82233EC0                     -> __imp__sub_82233EC0
  sub_82234200                     -> __imp__sub_82234200
  sub_82234820                     -> __imp__sub_82234820
  sub_82234998                     -> __imp__sub_82234998
  sub_82234B10                     -> __imp__sub_82234B10
  sub_82234C70                     -> __imp__sub_82234C70
  sub_82234D58                     -> __imp__sub_82234D58
  sub_82234EA8                     -> __imp__sub_82234EA8
  sub_82235530                     -> __imp__sub_82235530
  sub_822357D0                     -> __imp__sub_822357D0
  sub_82235968                     -> __imp__sub_82235968
  sub_82235D50                     -> __imp__sub_82235D50
  sub_822366A0                     -> __imp__sub_822366A0
  sub_82236BC8                     -> __imp__sub_82236BC8
  sub_82236E90                     -> __imp__sub_82236E90
  sub_82236FE0                     -> __imp__sub_82236FE0
  sub_822374A0                     -> __imp__sub_822374A0
  sub_82237820                     -> __imp__sub_82237820
  sub_822379A8                     -> __imp__sub_822379A8
  sub_82237AA0                     -> __imp__sub_82237AA0
  sub_82237B88                     -> __imp__sub_82237B88
  sub_82237C08                     -> __imp__sub_82237C08
  sub_82237CD0                     -> __imp__sub_82237CD0
  sub_82237D60                     -> __imp__sub_82237D60
  sub_82237F68                     -> __imp__sub_82237F68
  sub_82238028                     -> __imp__sub_82238028
  sub_82238058                     -> __imp__sub_82238058
  sub_82238730                     -> __imp__sub_82238730
  sub_82239860                     -> __imp__sub_82239860
  sub_82239C90                     -> __imp__sub_82239C90
  sub_8223A3B8                     -> __imp__sub_8223A3B8
  sub_8223A450                     -> __imp__sub_8223A450
  sub_8223B650                     -> __imp__sub_8223B650
  sub_8223B8E8                     -> __imp__sub_8223B8E8
  sub_8223BCC0                     -> __imp__sub_8223BCC0
  sub_8223BDF0                     -> __imp__sub_8223BDF0
  sub_8223BE78                     -> __imp__sub_8223BE78
  sub_8223BF08                     -> __imp__sub_8223BF08
  sub_8223C018                     -> __imp__sub_8223C018
  sub_8223C130                     -> __imp__sub_8223C130
  sub_8223C2A8                     -> __imp__sub_8223C2A8
  sub_8223C420                     -> __imp__sub_8223C420
  sub_8223C4D8                     -> __imp__sub_8223C4D8
  sub_8223C6B0                     -> __imp__sub_8223C6B0
  sub_8223C868                     -> __imp__sub_8223C868
  sub_8223CEB8                     -> __imp__sub_8223CEB8
  sub_8223D050                     -> __imp__sub_8223D050
  sub_8223D0B0                     -> __imp__sub_8223D0B0
  sub_8223D0C8                     -> __imp__sub_8223D0C8
  sub_8223D0E0                     -> __imp__sub_8223D0E0
  sub_8223EB20                     -> __imp__sub_8223EB20
  sub_8223EBB0                     -> __imp__sub_8223EBB0
  sub_822410B8                     -> __imp__sub_822410B8
  sub_82241998                     -> __imp__sub_82241998
  sub_82242128                     -> __imp__sub_82242128
  sub_82243960                     -> __imp__sub_82243960
  sub_822439D0                     -> __imp__sub_822439D0
  sub_82243A40                     -> __imp__sub_82243A40
  sub_82243B50                     -> __imp__sub_82243B50
  sub_82243B98                     -> __imp__sub_82243B98
  sub_82243DD8                     -> __imp__sub_82243DD8
  sub_82244B40                     -> __imp__sub_82244B40
  sub_82244F48                     -> __imp__sub_82244F48
  sub_822461B8                     -> __imp__sub_822461B8
  sub_82246258                     -> __imp__sub_82246258
  sub_82246E20                     -> __imp__sub_82246E20
  sub_82246E40                     -> __imp__sub_82246E40
  sub_82247188                     -> __imp__sub_82247188
  sub_822474D0                     -> __imp__sub_822474D0
  sub_822477F0                     -> __imp__sub_822477F0
  sub_82247E60                     -> __imp__sub_82247E60
  sub_822484A0                     -> __imp__sub_822484A0
  sub_82248538                     -> __imp__sub_82248538
  sub_822485D0                     -> __imp__sub_822485D0
  sub_82248678                     -> __imp__sub_82248678
  sub_82248908                     -> __imp__sub_82248908
  sub_82248938                     -> __imp__sub_82248938
  sub_82248970                     -> __imp__sub_82248970
  sub_822489B8                     -> __imp__sub_822489B8
  sub_822489D0                     -> __imp__sub_822489D0
  sub_82248A18                     -> __imp__sub_82248A18
  sub_82248A30                     -> __imp__sub_82248A30
  sub_82248A78                     -> __imp__sub_82248A78
  sub_82248A90                     -> __imp__sub_82248A90
  sub_82248AD8                     -> __imp__sub_82248AD8
  sub_82248AF8                     -> __imp__sub_82248AF8
  sub_82248D78                     -> __imp__sub_82248D78
  sub_82248F80                     -> __imp__sub_82248F80
  sub_82249C78                     -> __imp__sub_82249C78
  sub_8224A0C0                     -> __imp__sub_8224A0C0
  sub_8224A358                     -> __imp__sub_8224A358
  sub_8224A3F0                     -> __imp__sub_8224A3F0
  sub_8224A548                     -> __imp__sub_8224A548
  sub_8224A5D8                     -> __imp__sub_8224A5D8
  sub_8224AAF8                     -> __imp__sub_8224AAF8
  sub_8224B678                     -> __imp__sub_8224B678
  sub_8224B758                     -> __imp__sub_8224B758
  sub_8224BA70                     -> __imp__sub_8224BA70
  sub_8224BC60                     -> __imp__sub_8224BC60
  sub_8224BDC8                     -> __imp__sub_8224BDC8
  sub_8224BF38                     -> __imp__sub_8224BF38
  sub_8224C0A8                     -> __imp__sub_8224C0A8
  sub_8224C440                     -> __imp__sub_8224C440
  sub_8224D5E8                     -> __imp__sub_8224D5E8
  sub_8224D630                     -> __imp__sub_8224D630
  sub_8224D798                     -> __imp__sub_8224D798
  sub_8224DEF8                     -> __imp__sub_8224DEF8
  sub_8224E020                     -> __imp__sub_8224E020
  sub_8224E158                     -> __imp__sub_8224E158
  sub_8224E220                     -> __imp__sub_8224E220
  sub_8224E300                     -> __imp__sub_8224E300
  sub_8224E3E0                     -> __imp__sub_8224E3E0
  sub_8224E490                     -> __imp__sub_8224E490
  sub_8224E5F8                     -> __imp__sub_8224E5F8
  sub_8224E660                     -> __imp__sub_8224E660
  sub_8224ED10                     -> __imp__sub_8224ED10
  sub_8224EDB8                     -> __imp__sub_8224EDB8
  sub_8224EF00                     -> __imp__sub_8224EF00
  sub_8224F110                     -> __imp__sub_8224F110
  sub_8224F1D0                     -> __imp__sub_8224F1D0
  sub_8224F228                     -> __imp__sub_8224F228
  sub_8224F338                     -> __imp__sub_8224F338
  sub_8224F3F0                     -> __imp__sub_8224F3F0
  sub_822535E8                     -> __imp__sub_822535E8
  sub_82253E70                     -> __imp__sub_82253E70
  sub_82253FB8                     -> __imp__sub_82253FB8
  sub_82254050                     -> __imp__sub_82254050
  sub_822540C0                     -> __imp__sub_822540C0
  sub_82254130                     -> __imp__sub_82254130
  sub_82254228                     -> __imp__sub_82254228
  sub_82254420                     -> __imp__sub_82254420
  sub_82256140                     -> __imp__sub_82256140
  sub_82256258                     -> __imp__sub_82256258
  sub_822563D0                     -> __imp__sub_822563D0
  sub_822571E8                     -> __imp__sub_822571E8
  sub_822572B0                     -> __imp__sub_822572B0
  sub_822574E8                     -> __imp__sub_822574E8
  sub_822576D0                     -> __imp__sub_822576D0
  sub_82257900                     -> __imp__sub_82257900
  sub_82257960                     -> __imp__sub_82257960
  sub_82257C98                     -> __imp__sub_82257C98
  sub_82257D38                     -> __imp__sub_82257D38
  sub_82258070                     -> __imp__sub_82258070
  sub_82258250                     -> __imp__sub_82258250
  sub_822583C8                     -> __imp__sub_822583C8
  sub_82258448                     -> __imp__sub_82258448
  sub_82258550                     -> __imp__sub_82258550
  sub_82258660                     -> __imp__sub_82258660
  sub_822587D0                     -> __imp__sub_822587D0
  sub_822588F0                     -> __imp__sub_822588F0
  sub_822589B0                     -> __imp__sub_822589B0
  sub_822591B8                     -> __imp__sub_822591B8
  sub_822594D8                     -> __imp__sub_822594D8
  sub_8225A880                     -> __imp__sub_8225A880
  sub_8225AAA8                     -> __imp__sub_8225AAA8
  sub_8225ABD8                     -> __imp__sub_8225ABD8
  sub_8225AE00                     -> __imp__sub_8225AE00
  sub_8225AF20                     -> __imp__sub_8225AF20
  sub_8225B048                     -> __imp__sub_8225B048
  sub_8225B0A8                     -> __imp__sub_8225B0A8
  sub_8225B288                     -> __imp__sub_8225B288
  sub_8225B4F8                     -> __imp__sub_8225B4F8
  sub_8225B8A0                     -> __imp__sub_8225B8A0
  sub_8225B908                     -> __imp__sub_8225B908
  sub_8225BB68                     -> __imp__sub_8225BB68
  sub_8225BC90                     -> __imp__sub_8225BC90
  sub_8225BEA8                     -> __imp__sub_8225BEA8
  sub_8225BFB8                     -> __imp__sub_8225BFB8
  sub_8225C330                     -> __imp__sub_8225C330
  sub_8225C860                     -> __imp__sub_8225C860
  sub_8225CB70                     -> __imp__sub_8225CB70
  sub_8225CC28                     -> __imp__sub_8225CC28
  sub_8225D1B0                     -> __imp__sub_8225D1B0
  sub_8225D220                     -> __imp__sub_8225D220
  sub_8225DBB0                     -> __imp__sub_8225DBB0
  sub_8225DCF8                     -> __imp__sub_8225DCF8
  sub_8225DD08                     -> __imp__sub_8225DD08
  sub_8225ECB8                     -> __imp__sub_8225ECB8
  sub_82260310                     -> __imp__sub_82260310
  sub_822603F0                     -> __imp__sub_822603F0
  sub_82260870                     -> __imp__sub_82260870
  sub_82260A30                     -> __imp__sub_82260A30
  sub_82260AE8                     -> __imp__sub_82260AE8
  sub_82260E08                     -> __imp__sub_82260E08
  sub_82260F18                     -> __imp__sub_82260F18
  sub_82261D70                     -> __imp__sub_82261D70
  sub_82262128                     -> __imp__sub_82262128
  sub_822621A8                     -> __imp__sub_822621A8
  sub_82262218                     -> __imp__sub_82262218
  sub_822627C8                     -> __imp__sub_822627C8
  sub_82262850                     -> __imp__sub_82262850
  sub_82263738                     -> __imp__sub_82263738
  sub_822639F0                     -> __imp__sub_822639F0
  sub_82264FD8                     -> __imp__sub_82264FD8
  sub_82265278                     -> __imp__sub_82265278
  sub_82265AF8                     -> __imp__sub_82265AF8
  sub_82265D10                     -> __imp__sub_82265D10
  sub_82265DD8                     -> __imp__sub_82265DD8
  sub_822664E0                     -> __imp__sub_822664E0
  sub_82266558                     -> __imp__sub_82266558
  sub_82266680                     -> __imp__sub_82266680
  sub_82266B60                     -> __imp__sub_82266B60
  sub_82267160                     -> __imp__sub_82267160
  sub_82267530                     -> __imp__sub_82267530
  sub_82267AA0                     -> __imp__sub_82267AA0
  sub_82268300                     -> __imp__sub_82268300
  sub_82268AA8                     -> __imp__sub_82268AA8
  sub_82268C50                     -> __imp__sub_82268C50
  sub_82268E60                     -> __imp__sub_82268E60
  sub_82269150                     -> __imp__sub_82269150
  sub_8226A6F0                     -> __imp__sub_8226A6F0
  sub_8226A938                     -> __imp__sub_8226A938
  sub_8226A940                     -> __imp__sub_8226A940
  sub_8226AB58                     -> __imp__sub_8226AB58
  sub_8226AC60                     -> __imp__sub_8226AC60
  sub_8226ACF0                     -> __imp__sub_8226ACF0
  sub_8226AD58                     -> __imp__sub_8226AD58
  sub_8226AE20                     -> __imp__sub_8226AE20
  sub_8226AED0                     -> __imp__sub_8226AED0
  sub_8226AF78                     -> __imp__sub_8226AF78
  sub_8226B0D0                     -> __imp__sub_8226B0D0
  sub_8226B1B8                     -> __imp__sub_8226B1B8
  sub_8226B270                     -> __imp__sub_8226B270
  sub_8226B380                     -> __imp__sub_8226B380
  sub_8226B430                     -> __imp__sub_8226B430
  sub_8226B4E0                     -> __imp__sub_8226B4E0
  sub_8226BB18                     -> __imp__sub_8226BB18
  sub_8226CAB0                     -> __imp__sub_8226CAB0
  sub_8226D860                     -> __imp__sub_8226D860
  sub_8226E038                     -> __imp__sub_8226E038
  sub_8226E7D8                     -> __imp__sub_8226E7D8
  sub_8226E970                     -> __imp__sub_8226E970
  sub_82270AC8                     -> __imp__sub_82270AC8
  sub_82271508                     -> __imp__sub_82271508
  sub_822719B8                     -> __imp__sub_822719B8
  sub_82271CA0                     -> __imp__sub_82271CA0
  sub_82273858                     -> __imp__sub_82273858
  sub_822761C0                     -> __imp__sub_822761C0
  sub_82276280                     -> __imp__sub_82276280
  sub_82276290                     -> __imp__sub_82276290
  sub_822762A0                     -> __imp__sub_822762A0
  sub_822765D0                     -> __imp__sub_822765D0
  sub_822770E0                     -> __imp__sub_822770E0
  sub_82277518                     -> __imp__sub_82277518
  sub_822776E8                     -> __imp__sub_822776E8
  sub_822778D8                     -> __imp__sub_822778D8
  sub_82277F68                     -> __imp__sub_82277F68
  sub_82278038                     -> __imp__sub_82278038
  sub_822783D0                     -> __imp__sub_822783D0
  sub_822792F0                     -> __imp__sub_822792F0
  sub_82279638                     -> __imp__sub_82279638
  sub_8227ACA8                     -> __imp__sub_8227ACA8
  sub_8227B008                     -> __imp__sub_8227B008
  sub_8227B780                     -> __imp__sub_8227B780
  sub_8227BA38                     -> __imp__sub_8227BA38
  sub_8227BF28                     -> __imp__sub_8227BF28
  sub_8227C618                     -> __imp__sub_8227C618
  sub_8227C8A8                     -> __imp__sub_8227C8A8
  sub_8227CDA8                     -> __imp__sub_8227CDA8
  sub_8227D0D8                     -> __imp__sub_8227D0D8
  sub_8227D190                     -> __imp__sub_8227D190
  sub_8227D248                     -> __imp__sub_8227D248
  sub_8227D980                     -> __imp__sub_8227D980
  sub_8227D9E8                     -> __imp__sub_8227D9E8
  sub_8227DA50                     -> __imp__sub_8227DA50
  sub_8227DAB8                     -> __imp__sub_8227DAB8
  sub_8227DC50                     -> __imp__sub_8227DC50
  sub_8227DDB8                     -> __imp__sub_8227DDB8
  sub_8227E418                     -> __imp__sub_8227E418
  sub_8227E630                     -> __imp__sub_8227E630
  sub_8227E708                     -> __imp__sub_8227E708
  sub_8227E858                     -> __imp__sub_8227E858
  sub_8227EDB0                     -> __imp__sub_8227EDB0
  sub_8227EF88                     -> __imp__sub_8227EF88
  sub_8227F948                     -> __imp__sub_8227F948
  sub_8227FB28                     -> __imp__sub_8227FB28
  sub_8227FC20                     -> __imp__sub_8227FC20
  sub_8227FD18                     -> __imp__sub_8227FD18
  sub_822802A0                     -> __imp__sub_822802A0
  sub_82280478                     -> __imp__sub_82280478
  sub_82280810                     -> __imp__sub_82280810
  sub_82280BA0                     -> __imp__sub_82280BA0
  sub_82280BE8                     -> __imp__sub_82280BE8
  sub_82280C80                     -> __imp__sub_82280C80
  sub_82280C98                     -> __imp__sub_82280C98
  sub_82280E98                     -> __imp__sub_82280E98
  sub_822810F0                     -> __imp__sub_822810F0
  sub_82283AF8                     -> __imp__sub_82283AF8
  sub_822843D8                     -> __imp__sub_822843D8
  sub_822845D8                     -> __imp__sub_822845D8
  sub_82284868                     -> __imp__sub_82284868
  sub_82284EC8                     -> __imp__sub_82284EC8
  sub_82284F80                     -> __imp__sub_82284F80
  sub_82287048                     -> __imp__sub_82287048
  sub_82287530                     -> __imp__sub_82287530
  sub_82287B70                     -> __imp__sub_82287B70
  sub_82288108                     -> __imp__sub_82288108
  sub_82288430                     -> __imp__sub_82288430
  sub_82289340                     -> __imp__sub_82289340
  sub_82289698                     -> __imp__sub_82289698
  sub_82289A38                     -> __imp__sub_82289A38
  sub_8228A1F8                     -> __imp__sub_8228A1F8
  sub_8228A3F8                     -> __imp__sub_8228A3F8
  sub_8228A460                     -> __imp__sub_8228A460
  sub_8228A510                     -> __imp__sub_8228A510
  sub_8228A578                     -> __imp__sub_8228A578
  sub_8228A848                     -> __imp__sub_8228A848
  sub_8228A990                     -> __imp__sub_8228A990
  sub_8228ABB8                     -> __imp__sub_8228ABB8
  sub_8228ACA0                     -> __imp__sub_8228ACA0
  sub_8228AEE0                     -> __imp__sub_8228AEE0
  sub_8228B5D8                     -> __imp__sub_8228B5D8
  sub_8228B6F0                     -> __imp__sub_8228B6F0
  sub_8228B7C8                     -> __imp__sub_8228B7C8
  sub_8228B978                     -> __imp__sub_8228B978
  sub_8228C1D0                     -> __imp__sub_8228C1D0
  sub_8228C298                     -> __imp__sub_8228C298
  sub_8228C4E8                     -> __imp__sub_8228C4E8
  sub_8228D120                     -> __imp__sub_8228D120
  sub_8228D1E8                     -> __imp__sub_8228D1E8
  sub_8228D2D0                     -> __imp__sub_8228D2D0
  sub_8228D378                     -> __imp__sub_8228D378
  sub_8228D3E0                     -> __imp__sub_8228D3E0
  sub_8228D448                     -> __imp__sub_8228D448
  sub_8228D520                     -> __imp__sub_8228D520
  sub_8228D600                     -> __imp__sub_8228D600
  sub_8228D728                     -> __imp__sub_8228D728
  sub_8228D9B0                     -> __imp__sub_8228D9B0
  sub_8228DA48                     -> __imp__sub_8228DA48
  sub_8228DB28                     -> __imp__sub_8228DB28
  sub_8228DB38                     -> __imp__sub_8228DB38
  sub_8228DBA8                     -> __imp__sub_8228DBA8
  sub_8228DE30                     -> __imp__sub_8228DE30
  sub_8228E0A8                     -> __imp__sub_8228E0A8
  sub_8228E2B8                     -> __imp__sub_8228E2B8
  sub_8228E500                     -> __imp__sub_8228E500
  sub_8228E708                     -> __imp__sub_8228E708
  sub_8228E908                     -> __imp__sub_8228E908
  sub_8228EC50                     -> __imp__sub_8228EC50
  sub_8228EE28                     -> __imp__sub_8228EE28
  sub_8228F070                     -> __imp__sub_8228F070
  sub_8228F1F0                     -> __imp__sub_8228F1F0
  sub_8228F5E0                     -> __imp__sub_8228F5E0
  sub_8228F7A0                     -> __imp__sub_8228F7A0
  sub_8228FB50                     -> __imp__sub_8228FB50
  sub_8228FE98                     -> __imp__sub_8228FE98
  sub_82290668                     -> __imp__sub_82290668
  sub_822909C0                     -> __imp__sub_822909C0
  sub_82290CE8                     -> __imp__sub_82290CE8
  sub_82290E58                     -> __imp__sub_82290E58
  sub_82291120                     -> __imp__sub_82291120
  sub_82291A48                     -> __imp__sub_82291A48
  sub_82291D80                     -> __imp__sub_82291D80
  sub_82291F08                     -> __imp__sub_82291F08
  sub_822920D0                     -> __imp__sub_822920D0
  sub_82292350                     -> __imp__sub_82292350
  sub_82292358                     -> __imp__sub_82292358
  sub_822924A8                     -> __imp__sub_822924A8
  sub_82292690                     -> __imp__sub_82292690
  sub_822926D8                     -> __imp__sub_822926D8
  sub_82293148                     -> __imp__sub_82293148
  sub_82293850                     -> __imp__sub_82293850
  sub_82295548                     -> __imp__sub_82295548
  sub_82295688                     -> __imp__sub_82295688
  sub_82295C50                     -> __imp__sub_82295C50
  sub_82295E60                     -> __imp__sub_82295E60
  sub_82296300                     -> __imp__sub_82296300
  sub_82296958                     -> __imp__sub_82296958
  sub_82297F28                     -> __imp__sub_82297F28
  sub_82298B88                     -> __imp__sub_82298B88
  sub_82299818                     -> __imp__sub_82299818
  sub_82299918                     -> __imp__sub_82299918
  sub_82299A20                     -> __imp__sub_82299A20
  sub_8229A448                     -> __imp__sub_8229A448
  sub_8229B3B8                     -> __imp__sub_8229B3B8
  sub_8229B8B8                     -> __imp__sub_8229B8B8
  sub_8229C0F0                     -> __imp__sub_8229C0F0
  sub_8229C1C0                     -> __imp__sub_8229C1C0
  sub_8229C3D8                     -> __imp__sub_8229C3D8
  sub_8229CBA0                     -> __imp__sub_8229CBA0
  sub_8229D698                     -> __imp__sub_8229D698
  sub_8229DEB0                     -> __imp__sub_8229DEB0
  sub_8229DFE8                     -> __imp__sub_8229DFE8
  sub_8229E2A0                     -> __imp__sub_8229E2A0
  sub_8229E3E0                     -> __imp__sub_8229E3E0
  sub_8229E478                     -> __imp__sub_8229E478
  sub_8229E9C0                     -> __imp__sub_8229E9C0
  sub_8229F1C8                     -> __imp__sub_8229F1C8
  sub_8229F340                     -> __imp__sub_8229F340
  sub_8229F4F8                     -> __imp__sub_8229F4F8
  sub_8229F568                     -> __imp__sub_8229F568
  sub_8229FAC8                     -> __imp__sub_8229FAC8
  sub_8229FDA8                     -> __imp__sub_8229FDA8
  sub_8229FEB8                     -> __imp__sub_8229FEB8
  sub_822A0000                     -> __imp__sub_822A0000
  sub_822A0028                     -> __imp__sub_822A0028
  sub_822A0030                     -> __imp__sub_822A0030
  sub_822A0038                     -> __imp__sub_822A0038
  sub_822A0118                     -> __imp__sub_822A0118
  sub_822A0120                     -> __imp__sub_822A0120
  sub_822A1310                     -> __imp__sub_822A1310
  sub_822A1D10                     -> __imp__sub_822A1D10
  sub_822A3010                     -> __imp__sub_822A3010
  sub_822A3C20                     -> __imp__sub_822A3C20
  sub_822A3C40                     -> __imp__sub_822A3C40
  sub_822A3C60                     -> __imp__sub_822A3C60
  sub_822A3C6C                     -> __imp__sub_822A3C6C
  sub_822A3C78                     -> __imp__sub_822A3C78
  sub_822A3C84                     -> __imp__sub_822A3C84
  sub_822A3CF8                     -> __imp__sub_822A3CF8
  sub_822A3D24                     -> __imp__sub_822A3D24
  sub_822A3D9C                     -> __imp__sub_822A3D9C
  sub_822A3DC0                     -> __imp__sub_822A3DC0
  sub_822A3DF8                     -> __imp__sub_822A3DF8
  sub_822A3E34                     -> __imp__sub_822A3E34
  sub_822A3E6C                     -> __imp__sub_822A3E6C
  sub_822A3E90                     -> __imp__sub_822A3E90
  sub_822A3EC8                     -> __imp__sub_822A3EC8
  sub_822A3F04                     -> __imp__sub_822A3F04
  sub_822A3F3C                     -> __imp__sub_822A3F3C
  sub_822A3F60                     -> __imp__sub_822A3F60
  sub_822A3F98                     -> __imp__sub_822A3F98
  sub_822A3FD4                     -> __imp__sub_822A3FD4
  sub_822A4014                     -> __imp__sub_822A4014
  sub_822A4054                     -> __imp__sub_822A4054
  sub_822A4090                     -> __imp__sub_822A4090
  sub_822A40D8                     -> __imp__sub_822A40D8
  sub_822A40F0                     -> __imp__sub_822A40F0
  sub_822A4750                     -> __imp__sub_822A4750
  sub_822A4FF0                     -> __imp__sub_822A4FF0
  sub_822A5150                     -> __imp__sub_822A5150
  sub_822A56F0                     -> __imp__sub_822A56F0
  sub_822A6B78                     -> __imp__sub_822A6B78
  sub_822A8980                     -> __imp__sub_822A8980
  sub_822A93A0                     -> __imp__sub_822A93A0
  sub_822A94A0                     -> __imp__sub_822A94A0
  sub_822A9B68                     -> __imp__sub_822A9B68
  sub_822AA2E0                     -> __imp__sub_822AA2E0
  sub_822AA630                     -> __imp__sub_822AA630
  sub_822AAB20                     -> __imp__sub_822AAB20
  sub_822AAF00                     -> __imp__sub_822AAF00
  sub_822ABC18                     -> __imp__sub_822ABC18
  sub_822ABD30                     -> __imp__sub_822ABD30
  sub_822ACA88                     -> __imp__sub_822ACA88
  sub_822ACA98                     -> __imp__sub_822ACA98
  sub_822ACD18                     -> __imp__sub_822ACD18
  sub_822ACE48                     -> __imp__sub_822ACE48
  sub_822ACFF8                     -> __imp__sub_822ACFF8
  sub_822AD428                     -> __imp__sub_822AD428
  sub_822AD590                     -> __imp__sub_822AD590
  sub_822AD638                     -> __imp__sub_822AD638
  sub_822AD778                     -> __imp__sub_822AD778
  sub_822AD8C8                     -> __imp__sub_822AD8C8
  sub_822AD928                     -> __imp__sub_822AD928
  sub_822AD9F8                     -> __imp__sub_822AD9F8
  sub_822ADAD0                     -> __imp__sub_822ADAD0
  sub_822ADBA8                     -> __imp__sub_822ADBA8
  sub_822ADC90                     -> __imp__sub_822ADC90
  sub_822ADD70                     -> __imp__sub_822ADD70
  sub_822ADD90                     -> __imp__sub_822ADD90
  sub_822ADE70                     -> __imp__sub_822ADE70
  sub_822ADEE8                     -> __imp__sub_822ADEE8
  sub_822ADF90                     -> __imp__sub_822ADF90
  sub_822AE210                     -> __imp__sub_822AE210
  sub_822AE530                     -> __imp__sub_822AE530
  sub_822AE5C0                     -> __imp__sub_822AE5C0
  sub_822AE620                     -> __imp__sub_822AE620
  sub_822AE728                     -> __imp__sub_822AE728
  sub_822AE800                     -> __imp__sub_822AE800
  sub_822AE8F0                     -> __imp__sub_822AE8F0
  sub_822AE9B8                     -> __imp__sub_822AE9B8
  sub_822AE9F0                     -> __imp__sub_822AE9F0
  sub_822AEA28                     -> __imp__sub_822AEA28
  sub_822AF9B0                     -> __imp__sub_822AF9B0
  sub_822B1078                     -> __imp__sub_822B1078
  sub_822B1238                     -> __imp__sub_822B1238
  sub_822B1848                     -> __imp__sub_822B1848
  sub_822B1DC8                     -> __imp__sub_822B1DC8
  sub_822B26D0                     -> __imp__sub_822B26D0
  sub_822B2960                     -> __imp__sub_822B2960
  sub_822B35D0                     -> __imp__sub_822B35D0
  sub_822B3848                     -> __imp__sub_822B3848
  sub_822B3990                     -> __imp__sub_822B3990
  sub_822B49B0                     -> __imp__sub_822B49B0
  sub_822B5DF0                     -> __imp__sub_822B5DF0
  sub_822B6120                     -> __imp__sub_822B6120
  sub_822B99D8                     -> __imp__sub_822B99D8
  sub_822B9A68                     -> __imp__sub_822B9A68
  sub_822B9B08                     -> __imp__sub_822B9B08
  sub_822BAD98                     -> __imp__sub_822BAD98
  sub_822BB310                     -> __imp__sub_822BB310
  sub_822BBCA0                     -> __imp__sub_822BBCA0
  sub_822BBE28                     -> __imp__sub_822BBE28
  sub_822BC0B0                     -> __imp__sub_822BC0B0
  sub_822BC1D0                     -> __imp__sub_822BC1D0
  sub_822BC2B8                     -> __imp__sub_822BC2B8
  sub_822BCB48                     -> __imp__sub_822BCB48
  sub_822BD5A8                     -> __imp__sub_822BD5A8
  sub_822BD928                     -> __imp__sub_822BD928
  sub_822BDF08                     -> __imp__sub_822BDF08
  sub_822BEFC0                     -> __imp__sub_822BEFC0
  sub_822BF560                     -> __imp__sub_822BF560
  sub_822BF618                     -> __imp__sub_822BF618
  sub_822C0EF0                     -> __imp__sub_822C0EF0
  sub_822C0FC0                     -> __imp__sub_822C0FC0
  sub_822C1060                     -> __imp__sub_822C1060
  sub_822C1388                     -> __imp__sub_822C1388
  sub_822C2058                     -> __imp__sub_822C2058
  sub_822C3AB0                     -> __imp__sub_822C3AB0
  sub_822C4BA0                     -> __imp__sub_822C4BA0
  sub_822C5960                     -> __imp__sub_822C5960
  sub_822C5988                     -> __imp__sub_822C5988
  sub_822C8238                     -> __imp__sub_822C8238
  sub_822C85D0                     -> __imp__sub_822C85D0
  sub_822C8678                     -> __imp__sub_822C8678
  sub_822C86C0                     -> __imp__sub_822C86C0
  sub_822C8720                     -> __imp__sub_822C8720
  sub_822C8768                     -> __imp__sub_822C8768
  sub_822C87A8                     -> __imp__sub_822C87A8
  sub_822C8870                     -> __imp__sub_822C8870
  sub_822C9A28                     -> __imp__sub_822C9A28
  sub_822CABE8                     -> __imp__sub_822CABE8
  sub_822CB2E0                     -> __imp__sub_822CB2E0
  sub_822CB3E0                     -> __imp__sub_822CB3E0
  sub_822CB488                     -> __imp__sub_822CB488
  sub_822CB4F0                     -> __imp__sub_822CB4F0
  sub_822CBB50                     -> __imp__sub_822CBB50
  sub_822CBBE0                     -> __imp__sub_822CBBE0
  sub_822CBD90                     -> __imp__sub_822CBD90
  sub_822CBE40                     -> __imp__sub_822CBE40
  sub_822CBEB8                     -> __imp__sub_822CBEB8
  sub_822CC288                     -> __imp__sub_822CC288
  sub_822CE270                     -> __imp__sub_822CE270
  sub_822D0138                     -> __imp__sub_822D0138
  sub_822D08B0                     -> __imp__sub_822D08B0
  sub_822D0960                     -> __imp__sub_822D0960
  sub_822D0A28                     -> __imp__sub_822D0A28
  sub_822D2568                     -> __imp__sub_822D2568
  sub_822D25A8                     -> __imp__sub_822D25A8
  sub_822D2700                     -> __imp__sub_822D2700
  sub_822D2710                     -> __imp__sub_822D2710
  sub_822D2810                     -> __imp__sub_822D2810
  sub_822D2858                     -> __imp__sub_822D2858
  sub_822D2898                     -> __imp__sub_822D2898
  sub_822D28E0                     -> __imp__sub_822D28E0
  sub_822D2930                     -> __imp__sub_822D2930
  sub_822D29D0                     -> __imp__sub_822D29D0
  sub_822D2AF0                     -> __imp__sub_822D2AF0
  sub_822D2BA0                     -> __imp__sub_822D2BA0
  sub_822D2BE0                     -> __imp__sub_822D2BE0
  sub_822D2C68                     -> __imp__sub_822D2C68
  sub_822D2D78                     -> __imp__sub_822D2D78
  sub_822D2E00                     -> __imp__sub_822D2E00
  sub_822D2F08                     -> __imp__sub_822D2F08
  sub_822D3110                     -> __imp__sub_822D3110
  sub_822D39E0                     -> __imp__sub_822D39E0
  sub_822D4430                     -> __imp__sub_822D4430
  sub_822D4488                     -> __imp__sub_822D4488
  sub_822D4560                     -> __imp__sub_822D4560
  sub_822D4608                     -> __imp__sub_822D4608
  sub_822D4650                     -> __imp__sub_822D4650
  sub_822D4698                     -> __imp__sub_822D4698
  sub_822D46B0                     -> __imp__sub_822D46B0
  sub_822D4DC0                     -> __imp__sub_822D4DC0
  sub_822D4DC8                     -> __imp__sub_822D4DC8
  sub_822D4DE8                     -> __imp__sub_822D4DE8
  sub_822D4E28                     -> __imp__sub_822D4E28
  sub_822D4E40                     -> __imp__sub_822D4E40
  sub_822D4E60                     -> __imp__sub_822D4E60
  sub_822D4E88                     -> __imp__sub_822D4E88
  sub_822D4F20                     -> __imp__sub_822D4F20
  sub_822D5000                     -> __imp__sub_822D5000
  sub_822D5040                     -> __imp__sub_822D5040
  sub_822D5058                     -> __imp__sub_822D5058
  sub_822D53E8                     -> __imp__sub_822D53E8
  sub_822D5870                     -> __imp__sub_822D5870
  sub_822D58A0                     -> __imp__sub_822D58A0
  sub_822D58D0                     -> __imp__sub_822D58D0
  sub_822D5990                     -> __imp__sub_822D5990
  sub_822D59C0                     -> __imp__sub_822D59C0
  sub_822D5B58                     -> __imp__sub_822D5B58
  sub_822D60B0                     -> __imp__sub_822D60B0
  sub_822D6100                     -> __imp__sub_822D6100
  sub_822D6150                     -> __imp__sub_822D6150
  sub_822D61A0                     -> __imp__sub_822D61A0
  sub_822D61F0                     -> __imp__sub_822D61F0
  sub_822D6218                     -> __imp__sub_822D6218
  sub_822D6240                     -> __imp__sub_822D6240
  sub_822D6298                     -> __imp__sub_822D6298
  sub_822D62D8                     -> __imp__sub_822D62D8
  sub_822D6308                     -> __imp__sub_822D6308
  sub_822D6320                     -> __imp__sub_822D6320
  sub_822D63F0                     -> __imp__sub_822D63F0
  sub_822D6678                     -> __imp__sub_822D6678
  sub_822D6878                     -> __imp__sub_822D6878
  sub_822D68F8                     -> __imp__sub_822D68F8
  sub_822D6968                     -> __imp__sub_822D6968
  sub_822D6988                     -> __imp__sub_822D6988
  sub_822D71C8                     -> __imp__sub_822D71C8
  sub_822D7250                     -> __imp__sub_822D7250
  sub_822D7288                     -> __imp__sub_822D7288
  sub_822D7400                     -> __imp__sub_822D7400
  sub_822D7778                     -> __imp__sub_822D7778
  sub_822D79A8                     -> __imp__sub_822D79A8
  sub_822D8428                     -> __imp__sub_822D8428
  sub_822D84E0                     -> __imp__sub_822D84E0
  sub_822D8638                     -> __imp__sub_822D8638
  sub_822D86A8                     -> __imp__sub_822D86A8
  sub_822D8F48                     -> __imp__sub_822D8F48
  sub_822D9010                     -> __imp__sub_822D9010
  sub_822D9260                     -> __imp__sub_822D9260
  sub_822D9988                     -> __imp__sub_822D9988
  sub_822D9BE0                     -> __imp__sub_822D9BE0
  sub_822D9CF0                     -> __imp__sub_822D9CF0
  sub_822D9D48                     -> __imp__sub_822D9D48
  sub_822D9FB0                     -> __imp__sub_822D9FB0
  sub_822DA0D8                     -> __imp__sub_822DA0D8
  sub_822E35C0                     -> __imp__sub_822E35C0
  sub_822E6A78                     -> __imp__sub_822E6A78
  sub_822EB400                     -> __imp__sub_822EB400
  sub_822EB4C8                     -> __imp__sub_822EB4C8
  sub_822EBBA8                     -> __imp__sub_822EBBA8
  sub_822EBC18                     -> __imp__sub_822EBC18
  sub_822EBC28                     -> __imp__sub_822EBC28
  sub_822EBFD0                     -> __imp__sub_822EBFD0
  sub_822EBFE8                     -> __imp__sub_822EBFE8
  sub_822EC010                     -> __imp__sub_822EC010
  sub_822EC028                     -> __imp__sub_822EC028
  sub_822EC298                     -> __imp__sub_822EC298
  sub_822EF370                     -> __imp__sub_822EF370
  sub_822EF408                     -> __imp__sub_822EF408
  sub_822EF4A8                     -> __imp__sub_822EF4A8
  sub_822EF9D0                     -> __imp__sub_822EF9D0
  sub_822EFB38                     -> __imp__sub_822EFB38
  sub_822EFBC0                     -> __imp__sub_822EFBC0
  sub_822F65B8                     -> __imp__sub_822F65B8
  sub_822FB290                     -> __imp__sub_822FB290
  sub_822FB958                     -> __imp__sub_822FB958
  sub_823011C8                     -> __imp__sub_823011C8
  sub_82301460                     -> __imp__sub_82301460
  sub_82301558                     -> __imp__sub_82301558
  sub_82301AC8                     -> __imp__sub_82301AC8
  sub_82301CC0                     -> __imp__sub_82301CC0
  sub_82301F00                     -> __imp__sub_82301F00
  sub_82302EF8                     -> __imp__sub_82302EF8
  sub_82303028                     -> __imp__sub_82303028
  sub_82304F18                     -> __imp__sub_82304F18
  sub_82305378                     -> __imp__sub_82305378
  sub_823056D8                     -> __imp__sub_823056D8
  sub_82305918                     -> __imp__sub_82305918
  sub_823143A0                     -> __imp__sub_823143A0
  sub_82314788                     -> __imp__sub_82314788
  sub_823147E8                     -> __imp__sub_823147E8
  sub_82314B10                     -> __imp__sub_82314B10
  sub_82316F78                     -> __imp__sub_82316F78
  sub_823176E0                     -> __imp__sub_823176E0
  sub_82317748                     -> __imp__sub_82317748
  sub_8231C690                     -> __imp__sub_8231C690
  sub_82323DD0                     -> __imp__sub_82323DD0
  sub_82323F50                     -> __imp__sub_82323F50
  sub_82323FF8                     -> __imp__sub_82323FF8
  sub_82324070                     -> __imp__sub_82324070
  sub_82324160                     -> __imp__sub_82324160
  sub_82324168                     -> __imp__sub_82324168
  sub_82324188                     -> __imp__sub_82324188
  sub_823241B8                     -> __imp__sub_823241B8
  sub_82324328                     -> __imp__sub_82324328
  sub_82324340                     -> __imp__sub_82324340
  sub_82324378                     -> __imp__sub_82324378
  sub_82324530                     -> __imp__sub_82324530
  sub_82324660                     -> __imp__sub_82324660
  sub_823247B0                     -> __imp__sub_823247B0
  sub_823247C0                     -> __imp__sub_823247C0
  sub_82324A00                     -> __imp__sub_82324A00
  sub_82325468                     -> __imp__sub_82325468
  sub_82325868                     -> __imp__sub_82325868
  sub_823258D8                     -> __imp__sub_823258D8
  sub_823258E8                     -> __imp__sub_823258E8
  sub_82325900                     -> __imp__sub_82325900
  sub_82325990                     -> __imp__sub_82325990
  sub_823259A8                     -> __imp__sub_823259A8
  sub_823259B8                     -> __imp__sub_823259B8
  sub_823259C8                     -> __imp__sub_823259C8
  sub_82325AD8                     -> __imp__sub_82325AD8
  sub_82325E88                     -> __imp__sub_82325E88
  sub_82325F18                     -> __imp__sub_82325F18
  sub_82326078                     -> __imp__sub_82326078
  sub_82326600                     -> __imp__sub_82326600
  sub_82326670                     -> __imp__sub_82326670
  sub_82326728                     -> __imp__sub_82326728
  sub_82326848                     -> __imp__sub_82326848
  sub_82326A48                     -> __imp__sub_82326A48
  sub_82326B20                     -> __imp__sub_82326B20
  sub_82326ED0                     -> __imp__sub_82326ED0
  sub_82326F70                     -> __imp__sub_82326F70
  sub_82327078                     -> __imp__sub_82327078
  sub_823270F8                     -> __imp__sub_823270F8
  sub_823271A8                     -> __imp__sub_823271A8
  sub_82327200                     -> __imp__sub_82327200
  sub_823272F0                     -> __imp__sub_823272F0
  sub_823273D0                     -> __imp__sub_823273D0
  sub_82327588                     -> __imp__sub_82327588
  sub_82327628                     -> __imp__sub_82327628
  sub_823276B0                     -> __imp__sub_823276B0
  sub_82327750                     -> __imp__sub_82327750
  sub_823277F8                     -> __imp__sub_823277F8
  sub_823278C0                     -> __imp__sub_823278C0
  sub_82327948                     -> __imp__sub_82327948
  sub_823279E8                     -> __imp__sub_823279E8
  sub_82327CA0                     -> __imp__sub_82327CA0
  sub_82327F80                     -> __imp__sub_82327F80
  sub_82328008                     -> __imp__sub_82328008
  sub_82328120                     -> __imp__sub_82328120
  sub_82328260                     -> __imp__sub_82328260
  sub_823283A0                     -> __imp__sub_823283A0
  sub_82328458                     -> __imp__sub_82328458
  sub_82328510                     -> __imp__sub_82328510
  sub_82328598                     -> __imp__sub_82328598
  sub_823289D0                     -> __imp__sub_823289D0
  sub_82328FA8                     -> __imp__sub_82328FA8
  sub_823292E8                     -> __imp__sub_823292E8
  sub_82329388                     -> __imp__sub_82329388
  sub_82329460                     -> __imp__sub_82329460
  sub_82329988                     -> __imp__sub_82329988
  sub_82329CA0                     -> __imp__sub_82329CA0
  sub_82329E30                     -> __imp__sub_82329E30
  sub_82329EB0                     -> __imp__sub_82329EB0
  sub_8232A1C0                     -> __imp__sub_8232A1C0
  sub_8232A278                     -> __imp__sub_8232A278
  sub_8232A350                     -> __imp__sub_8232A350
  sub_8232A708                     -> __imp__sub_8232A708
  sub_8232A7E0                     -> __imp__sub_8232A7E0
  sub_8232A958                     -> __imp__sub_8232A958
  sub_8232A9B8                     -> __imp__sub_8232A9B8
  sub_8232AA18                     -> __imp__sub_8232AA18
  sub_8232AA54                     -> __imp__sub_8232AA54
  sub_8232AA90                     -> __imp__sub_8232AA90
  sub_8232AAA0                     -> __imp__sub_8232AAA0
  sub_8232AAB0                     -> __imp__sub_8232AAB0
  sub_8232AAC0                     -> __imp__sub_8232AAC0
  sub_8232AAD0                     -> __imp__sub_8232AAD0
  sub_8232AB98                     -> __imp__sub_8232AB98
  sub_8232AC80                     -> __imp__sub_8232AC80
  sub_8232AD40                     -> __imp__sub_8232AD40
  sub_8232ADE8                     -> __imp__sub_8232ADE8
  sub_8232AEB0                     -> __imp__sub_8232AEB0
  sub_8232AF18                     -> __imp__sub_8232AF18
  sub_8232AFD8                     -> __imp__sub_8232AFD8
  sub_8232B020                     -> __imp__sub_8232B020
  sub_8232B088                     -> __imp__sub_8232B088
  sub_8232B108                     -> __imp__sub_8232B108
  sub_8232B1E0                     -> __imp__sub_8232B1E0
  sub_8232B280                     -> __imp__sub_8232B280
  sub_8232B5E8                     -> __imp__sub_8232B5E8
  sub_8232BDA8                     -> __imp__sub_8232BDA8
  sub_8232BE08                     -> __imp__sub_8232BE08
  sub_8232BEC0                     -> __imp__sub_8232BEC0
  sub_8232BF40                     -> __imp__sub_8232BF40
  sub_8232BFB0                     -> __imp__sub_8232BFB0
  sub_8232C080                     -> __imp__sub_8232C080
  sub_8232C180                     -> __imp__sub_8232C180
  sub_8232C428                     -> __imp__sub_8232C428
  sub_8232C450                     -> __imp__sub_8232C450
  sub_8232C500                     -> __imp__sub_8232C500
  sub_8232C690                     -> __imp__sub_8232C690
  sub_8232C958                     -> __imp__sub_8232C958
  sub_8232CB08                     -> __imp__sub_8232CB08
  sub_8232CBA8                     -> __imp__sub_8232CBA8
  sub_8232CC00                     -> __imp__sub_8232CC00
  sub_8232CC08                     -> __imp__sub_8232CC08
  sub_8232CC98                     -> __imp__sub_8232CC98
  sub_8232CD40                     -> __imp__sub_8232CD40
  sub_8232CEE0                     -> __imp__sub_8232CEE0
  sub_8232CF58                     -> __imp__sub_8232CF58
  sub_8232D050                     -> __imp__sub_8232D050
  sub_8232D168                     -> __imp__sub_8232D168
  sub_8232D570                     -> __imp__sub_8232D570
  sub_8232D5A8                     -> __imp__sub_8232D5A8
  sub_8232DA90                     -> __imp__sub_8232DA90
  sub_8232DAA8                     -> __imp__sub_8232DAA8
  sub_8232DC88                     -> __imp__sub_8232DC88
  sub_8232DD18                     -> __imp__sub_8232DD18
  sub_8232DDA8                     -> __imp__sub_8232DDA8
  sub_8232DDF8                     -> __imp__sub_8232DDF8
  sub_8232E110                     -> __imp__sub_8232E110
  sub_8232E1C8                     -> __imp__sub_8232E1C8
  sub_8232E248                     -> __imp__sub_8232E248
  sub_8232E390                     -> __imp__sub_8232E390
  sub_8232E520                     -> __imp__sub_8232E520
  sub_8232E608                     -> __imp__sub_8232E608
  sub_8232EAB8                     -> __imp__sub_8232EAB8
  sub_8232FDC0                     -> __imp__sub_8232FDC0
  sub_82330238                     -> __imp__sub_82330238
  sub_82330710                     -> __imp__sub_82330710
  sub_82330818                     -> __imp__sub_82330818
  sub_82330958                     -> __imp__sub_82330958
  sub_82330A98                     -> __imp__sub_82330A98
  sub_82330C58                     -> __imp__sub_82330C58
  sub_82330E10                     -> __imp__sub_82330E10
  sub_82331190                     -> __imp__sub_82331190
  sub_82331990                     -> __imp__sub_82331990
  sub_82331C00                     -> __imp__sub_82331C00
  sub_82331E30                     -> __imp__sub_82331E30
  sub_82331F40                     -> __imp__sub_82331F40
  sub_823321B0                     -> __imp__sub_823321B0
  sub_82332250                     -> __imp__sub_82332250
  sub_82332328                     -> __imp__sub_82332328
  sub_82332558                     -> __imp__sub_82332558
  sub_82332810                     -> __imp__sub_82332810
  sub_82332960                     -> __imp__sub_82332960
  sub_82332A68                     -> __imp__sub_82332A68
  sub_82332B08                     -> __imp__sub_82332B08
  sub_82332C98                     -> __imp__sub_82332C98
  sub_82332DF0                     -> __imp__sub_82332DF0
  sub_82332EA0                     -> __imp__sub_82332EA0
  sub_823330A8                     -> __imp__sub_823330A8
  sub_82333130                     -> __imp__sub_82333130
  sub_82333450                     -> __imp__sub_82333450
  sub_82333618                     -> __imp__sub_82333618
  sub_82333840                     -> __imp__sub_82333840
  sub_82333900                     -> __imp__sub_82333900
  sub_82333AA8                     -> __imp__sub_82333AA8
  sub_82333DE8                     -> __imp__sub_82333DE8
  sub_823348C0                     -> __imp__sub_823348C0
  sub_82334E88                     -> __imp__sub_82334E88
  sub_82334F08                     -> __imp__sub_82334F08
  sub_823350B8                     -> __imp__sub_823350B8
  sub_82335240                     -> __imp__sub_82335240
  sub_82335500                     -> __imp__sub_82335500
  sub_82335640                     -> __imp__sub_82335640
  sub_82336468                     -> __imp__sub_82336468
  sub_823365D8                     -> __imp__sub_823365D8
  sub_82336640                     -> __imp__sub_82336640
  sub_82336828                     -> __imp__sub_82336828
  sub_82336990                     -> __imp__sub_82336990
  sub_82336B10                     -> __imp__sub_82336B10
  sub_82336CA0                     -> __imp__sub_82336CA0
  sub_82336E28                     -> __imp__sub_82336E28
  sub_823374B8                     -> __imp__sub_823374B8
  sub_82337550                     -> __imp__sub_82337550
  sub_82337908                     -> __imp__sub_82337908
  sub_82337988                     -> __imp__sub_82337988
  sub_82337AB0                     -> __imp__sub_82337AB0
  sub_82337C48                     -> __imp__sub_82337C48
  sub_82337F18                     -> __imp__sub_82337F18
  sub_82338598                     -> __imp__sub_82338598
  sub_82338800                     -> __imp__sub_82338800
  sub_82338958                     -> __imp__sub_82338958
  sub_8233B898                     -> __imp__sub_8233B898
  sub_8233B968                     -> __imp__sub_8233B968
  sub_8233BD00                     -> __imp__sub_8233BD00
  sub_8233BE38                     -> __imp__sub_8233BE38
  sub_8233BF58                     -> __imp__sub_8233BF58
  sub_8233BFF8                     -> __imp__sub_8233BFF8
  sub_8233C5D8                     -> __imp__sub_8233C5D8
  sub_8233C810                     -> __imp__sub_8233C810
  sub_8233CB58                     -> __imp__sub_8233CB58
  sub_8233EAE0                     -> __imp__sub_8233EAE0
  sub_8233EB48                     -> __imp__sub_8233EB48
  sub_8233EBF0                     -> __imp__sub_8233EBF0
  sub_8233EC58                     -> __imp__sub_8233EC58
  sub_8233ECC0                     -> __imp__sub_8233ECC0
  sub_8233ED28                     -> __imp__sub_8233ED28
  sub_8233EDD0                     -> __imp__sub_8233EDD0
  sub_8233F798                     -> __imp__sub_8233F798
  sub_8233F8A8                     -> __imp__sub_8233F8A8
  sub_8233FB68                     -> __imp__sub_8233FB68
  sub_8233FBD0                     -> __imp__sub_8233FBD0
  sub_8233FDE0                     -> __imp__sub_8233FDE0
  sub_8233FE58                     -> __imp__sub_8233FE58
  sub_82340348                     -> __imp__sub_82340348
  sub_82340378                     -> __imp__sub_82340378
  sub_82340618                     -> __imp__sub_82340618
  sub_82340D20                     -> __imp__sub_82340D20
  sub_823413E8                     -> __imp__sub_823413E8
  sub_823417E8                     -> __imp__sub_823417E8
  sub_82341850                     -> __imp__sub_82341850
  sub_82341A80                     -> __imp__sub_82341A80
  sub_82341E48                     -> __imp__sub_82341E48
  sub_823423D0                     -> __imp__sub_823423D0
  sub_823424A0                     -> __imp__sub_823424A0
  sub_82343238                     -> __imp__sub_82343238
  sub_82344000                     -> __imp__sub_82344000
  sub_82344338                     -> __imp__sub_82344338
  sub_82344708                     -> __imp__sub_82344708
  sub_82345648                     -> __imp__sub_82345648
  sub_823456A8                     -> __imp__sub_823456A8
  sub_82345738                     -> __imp__sub_82345738
  sub_823464C0                     -> __imp__sub_823464C0
  sub_82346810                     -> __imp__sub_82346810
  sub_82346BC0                     -> __imp__sub_82346BC0
  sub_82346C68                     -> __imp__sub_82346C68
  sub_823470A8                     -> __imp__sub_823470A8
  sub_823471C8                     -> __imp__sub_823471C8
  sub_823471D8                     -> __imp__sub_823471D8
  sub_82347480                     -> __imp__sub_82347480
  sub_82347540                     -> __imp__sub_82347540
  sub_82347590                     -> __imp__sub_82347590
  sub_823475B0                     -> __imp__sub_823475B0
  sub_823475C0                     -> __imp__sub_823475C0
  sub_823475C8                     -> __imp__sub_823475C8
  sub_823475E8                     -> __imp__sub_823475E8
  sub_823475F0                     -> __imp__sub_823475F0
  sub_82347608                     -> __imp__sub_82347608
  sub_82347618                     -> __imp__sub_82347618
  sub_823476E0                     -> __imp__sub_823476E0
  sub_823477A8                     -> __imp__sub_823477A8
  sub_823477B0                     -> __imp__sub_823477B0
  sub_82347808                     -> __imp__sub_82347808
  sub_82347860                     -> __imp__sub_82347860
  sub_82347868                     -> __imp__sub_82347868
  sub_823478D8                     -> __imp__sub_823478D8
  sub_823478E8                     -> __imp__sub_823478E8
  sub_823478F0                     -> __imp__sub_823478F0
  sub_82347900                     -> __imp__sub_82347900
  sub_82347920                     -> __imp__sub_82347920
  sub_82347970                     -> __imp__sub_82347970
  sub_823479C0                     -> __imp__sub_823479C0
  sub_82347AB8                     -> __imp__sub_82347AB8
  sub_82347AE0                     -> __imp__sub_82347AE0
  sub_82347B70                     -> __imp__sub_82347B70
  sub_82347B80                     -> __imp__sub_82347B80
  sub_82347BE0                     -> __imp__sub_82347BE0
  sub_82347C58                     -> __imp__sub_82347C58
  sub_82347CB0                     -> __imp__sub_82347CB0
  sub_82347CD0                     -> __imp__sub_82347CD0
  sub_82347D78                     -> __imp__sub_82347D78
  sub_82347D88                     -> __imp__sub_82347D88
  sub_82347E28                     -> __imp__sub_82347E28
  sub_82347F48                     -> __imp__sub_82347F48
  sub_823480F0                     -> __imp__sub_823480F0
  sub_82348158                     -> __imp__sub_82348158
  sub_823481D8                     -> __imp__sub_823481D8
  sub_823483F8                     -> __imp__sub_823483F8
  sub_82348460                     -> __imp__sub_82348460
  sub_823484F8                     -> __imp__sub_823484F8
  sub_82348590                     -> __imp__sub_82348590
  sub_82348760                     -> __imp__sub_82348760
  sub_823487C0                     -> __imp__sub_823487C0
  sub_82348830                     -> __imp__sub_82348830
  sub_82348878                     -> __imp__sub_82348878
  sub_823488F0                     -> __imp__sub_823488F0
  sub_82348A68                     -> __imp__sub_82348A68
  sub_82348B98                     -> __imp__sub_82348B98
  sub_82348CB0                     -> __imp__sub_82348CB0
  sub_82348D78                     -> __imp__sub_82348D78
  sub_82348F60                     -> __imp__sub_82348F60
  sub_82349388                     -> __imp__sub_82349388
  sub_82349420                     -> __imp__sub_82349420
  sub_82349730                     -> __imp__sub_82349730
  sub_823497C8                     -> __imp__sub_823497C8
  sub_823497D8                     -> __imp__sub_823497D8
  sub_82349AA8                     -> __imp__sub_82349AA8
  sub_82349B90                     -> __imp__sub_82349B90
  sub_82349CD8                     -> __imp__sub_82349CD8
  sub_82349D68                     -> __imp__sub_82349D68
  sub_82349E00                     -> __imp__sub_82349E00
  sub_82349E68                     -> __imp__sub_82349E68
  sub_82349EF0                     -> __imp__sub_82349EF0
  sub_82349F40                     -> __imp__sub_82349F40
  sub_8234A050                     -> __imp__sub_8234A050
  sub_8234A2A8                     -> __imp__sub_8234A2A8
  sub_8234A388                     -> __imp__sub_8234A388
  sub_8234A4B0                     -> __imp__sub_8234A4B0
  sub_8234A5F8                     -> __imp__sub_8234A5F8
  sub_8234A600                     -> __imp__sub_8234A600
  sub_8234A608                     -> __imp__sub_8234A608
  sub_8234A610                     -> __imp__sub_8234A610
  sub_8234A758                     -> __imp__sub_8234A758
  sub_8234A7E8                     -> __imp__sub_8234A7E8
  sub_8234A850                     -> __imp__sub_8234A850
  sub_8234A870                     -> __imp__sub_8234A870
  sub_8234A880                     -> __imp__sub_8234A880
  sub_8234A8A8                     -> __imp__sub_8234A8A8
  sub_8234A920                     -> __imp__sub_8234A920
  sub_8234A9A0                     -> __imp__sub_8234A9A0
  sub_8234AA70                     -> __imp__sub_8234AA70
  sub_8234AAC0                     -> __imp__sub_8234AAC0
  sub_8234AB00                     -> __imp__sub_8234AB00
  sub_8234AB70                     -> __imp__sub_8234AB70
  sub_8234ABC0                     -> __imp__sub_8234ABC0
  sub_8234ABF8                     -> __imp__sub_8234ABF8
  sub_8234AC50                     -> __imp__sub_8234AC50
  sub_8234ACA8                     -> __imp__sub_8234ACA8
  sub_8234ACB0                     -> __imp__sub_8234ACB0
  sub_8234ACC0                     -> __imp__sub_8234ACC0
  sub_8234B080                     -> __imp__sub_8234B080
  sub_8234B0C8                     -> __imp__sub_8234B0C8
  sub_8234B508                     -> __imp__sub_8234B508
  sub_8234B520                     -> __imp__sub_8234B520
  sub_8234B5F8                     -> __imp__sub_8234B5F8
  sub_8234B678                     -> __imp__sub_8234B678
  sub_8234B6A8                     -> __imp__sub_8234B6A8
  sub_8234B6C0                     -> __imp__sub_8234B6C0
  sub_8234B6E8                     -> __imp__sub_8234B6E8
  sub_8234B730                     -> __imp__sub_8234B730
  sub_8234B7B8                     -> __imp__sub_8234B7B8
  sub_8234BA38                     -> __imp__sub_8234BA38
  sub_8234BC38                     -> __imp__sub_8234BC38
  sub_8234BCA0                     -> __imp__sub_8234BCA0
  sub_8234BEB0                     -> __imp__sub_8234BEB0
  sub_8234C0B8                     -> __imp__sub_8234C0B8
  sub_8234C198                     -> __imp__sub_8234C198
  sub_8234C2F8                     -> __imp__sub_8234C2F8
  sub_8234C318                     -> __imp__sub_8234C318
  sub_8234C370                     -> __imp__sub_8234C370
  sub_8234C648                     -> __imp__sub_8234C648
  sub_8234C6B8                     -> __imp__sub_8234C6B8
  sub_8234C720                     -> __imp__sub_8234C720
  sub_8234C750                     -> __imp__sub_8234C750
  sub_8234C7C0                     -> __imp__sub_8234C7C0
  sub_8234C828                     -> __imp__sub_8234C828
  sub_8234C890                     -> __imp__sub_8234C890
  sub_8234C908                     -> __imp__sub_8234C908
  sub_8234CA08                     -> __imp__sub_8234CA08
  sub_8234CB38                     -> __imp__sub_8234CB38
  sub_8234CC30                     -> __imp__sub_8234CC30
  sub_8234CCE0                     -> __imp__sub_8234CCE0
  sub_8234CE28                     -> __imp__sub_8234CE28
  sub_8234CF30                     -> __imp__sub_8234CF30
  sub_8234CFB8                     -> __imp__sub_8234CFB8
  sub_8234D040                     -> __imp__sub_8234D040
  sub_8234D118                     -> __imp__sub_8234D118
  sub_8234D338                     -> __imp__sub_8234D338
  sub_8234D6B0                     -> __imp__sub_8234D6B0
  sub_8234DCB0                     -> __imp__sub_8234DCB0
  sub_8234DD70                     -> __imp__sub_8234DD70
  sub_8234DDD0                     -> __imp__sub_8234DDD0
  sub_8234DF60                     -> __imp__sub_8234DF60
  sub_8234E450                     -> __imp__sub_8234E450
  sub_8234EDF8                     -> __imp__sub_8234EDF8
  sub_8234F138                     -> __imp__sub_8234F138
  sub_8234FC98                     -> __imp__sub_8234FC98
  sub_8234FED0                     -> __imp__sub_8234FED0
  sub_823501D8                     -> __imp__sub_823501D8
  sub_823502B8                     -> __imp__sub_823502B8
  sub_82350398                     -> __imp__sub_82350398
  sub_823504B0                     -> __imp__sub_823504B0
  sub_823506D0                     -> __imp__sub_823506D0
  sub_82350920                     -> __imp__sub_82350920
  sub_82350A28                     -> __imp__sub_82350A28
  sub_82350BC0                     -> __imp__sub_82350BC0
  sub_82350C18                     -> __imp__sub_82350C18
  sub_82350C88                     -> __imp__sub_82350C88
  sub_82350CF0                     -> __imp__sub_82350CF0
  sub_82350D90                     -> __imp__sub_82350D90
  sub_82350EC0                     -> __imp__sub_82350EC0
  sub_82350FD0                     -> __imp__sub_82350FD0
  sub_82350FE8                     -> __imp__sub_82350FE8
  sub_82351040                     -> __imp__sub_82351040
  sub_823510E0                     -> __imp__sub_823510E0
  sub_82351130                     -> __imp__sub_82351130
  sub_823511D8                     -> __imp__sub_823511D8
  sub_82351220                     -> __imp__sub_82351220
  sub_82351298                     -> __imp__sub_82351298
  sub_823512C0                     -> __imp__sub_823512C0
  sub_82351400                     -> __imp__sub_82351400
  sub_823514F8                     -> __imp__sub_823514F8
  sub_82351720                     -> __imp__sub_82351720
  sub_82351848                     -> __imp__sub_82351848
  sub_82351938                     -> __imp__sub_82351938
  sub_82351950                     -> __imp__sub_82351950
  sub_82351970                     -> __imp__sub_82351970
  sub_82351978                     -> __imp__sub_82351978
  sub_82351A20                     -> __imp__sub_82351A20
  sub_82351A68                     -> __imp__sub_82351A68
  sub_82351AC0                     -> __imp__sub_82351AC0
  sub_82351AE0                     -> __imp__sub_82351AE0
  sub_82351DD0                     -> __imp__sub_82351DD0
  sub_82351DE8                     -> __imp__sub_82351DE8
  sub_82351E40                     -> __imp__sub_82351E40
  sub_82351F08                     -> __imp__sub_82351F08
  sub_82351FD0                     -> __imp__sub_82351FD0
  sub_823522C0                     -> __imp__sub_823522C0
  sub_823523C0                     -> __imp__sub_823523C0
  sub_823523F8                     -> __imp__sub_823523F8
  sub_82352450                     -> __imp__sub_82352450
  sub_82352560                     -> __imp__sub_82352560
  sub_823525B8                     -> __imp__sub_823525B8
  sub_82352638                     -> __imp__sub_82352638
  sub_82352710                     -> __imp__sub_82352710
  sub_82352740                     -> __imp__sub_82352740
  sub_82353218                     -> __imp__sub_82353218
  sub_82353368                     -> __imp__sub_82353368
  sub_82353440                     -> __imp__sub_82353440
  sub_82353538                     -> __imp__sub_82353538
  sub_82353580                     -> __imp__sub_82353580
  sub_82353A10                     -> __imp__sub_82353A10
  sub_82353B10                     -> __imp__sub_82353B10
  sub_82353B80                     -> __imp__sub_82353B80
  sub_82353B98                     -> __imp__sub_82353B98
  sub_82353BA8                     -> __imp__sub_82353BA8
  sub_82353C30                     -> __imp__sub_82353C30
  sub_82353C38                     -> __imp__sub_82353C38
  sub_82353E28                     -> __imp__sub_82353E28
  sub_823547E0                     -> __imp__sub_823547E0
  sub_82354800                     -> __imp__sub_82354800
  sub_823548D0                     -> __imp__sub_823548D0
  sub_82354BF8                     -> __imp__sub_82354BF8
  sub_82354DC8                     -> __imp__sub_82354DC8
  sub_82354FE0                     -> __imp__sub_82354FE0
  sub_82355328                     -> __imp__sub_82355328
  sub_82355630                     -> __imp__sub_82355630
  sub_82355D30                     -> __imp__sub_82355D30
  sub_82355FD0                     -> __imp__sub_82355FD0
  sub_82356158                     -> __imp__sub_82356158
  sub_82356300                     -> __imp__sub_82356300
  sub_82356350                     -> __imp__sub_82356350
  sub_82356408                     -> __imp__sub_82356408
  sub_82356418                     -> __imp__sub_82356418
  sub_82356420                     -> __imp__sub_82356420
  sub_823564C8                     -> __imp__sub_823564C8
  sub_82356540                     -> __imp__sub_82356540
  sub_823565C0                     -> __imp__sub_823565C0
  sub_82356788                     -> __imp__sub_82356788
  sub_823567F0                     -> __imp__sub_823567F0
  sub_82356890                     -> __imp__sub_82356890
  sub_82356910                     -> __imp__sub_82356910
  sub_82356990                     -> __imp__sub_82356990
  sub_82356A10                     -> __imp__sub_82356A10
  sub_82356AD0                     -> __imp__sub_82356AD0
  sub_82356CC8                     -> __imp__sub_82356CC8
  sub_82356EA0                     -> __imp__sub_82356EA0
  sub_82356F14                     -> __imp__sub_82356F14
  sub_82357198                     -> __imp__sub_82357198
  sub_823571B4                     -> __imp__sub_823571B4
  sub_82357224                     -> __imp__sub_82357224
  sub_823572E8                     -> __imp__sub_823572E8
  sub_82357434                     -> __imp__sub_82357434
  sub_82357628                     -> __imp__sub_82357628
  sub_82357738                     -> __imp__sub_82357738
  sub_82357898                     -> __imp__sub_82357898
  sub_82357C90                     -> __imp__sub_82357C90
  sub_82357CC0                     -> __imp__sub_82357CC0
  sub_82357D08                     -> __imp__sub_82357D08
  sub_82357E78                     -> __imp__sub_82357E78
  sub_82358420                     -> __imp__sub_82358420
  sub_82358840                     -> __imp__sub_82358840
  sub_82358CD8                     -> __imp__sub_82358CD8
  sub_823594D8                     -> __imp__sub_823594D8
  sub_82359570                     -> __imp__sub_82359570
  sub_823596B0                     -> __imp__sub_823596B0
  sub_82359748                     -> __imp__sub_82359748
  sub_82359B60                     -> __imp__sub_82359B60
  sub_82359C90                     -> __imp__sub_82359C90
  sub_82359D08                     -> __imp__sub_82359D08
  sub_82359D70                     -> __imp__sub_82359D70
  sub_82359DB0                     -> __imp__sub_82359DB0
  sub_82359F10                     -> __imp__sub_82359F10
  sub_82359FB8                     -> __imp__sub_82359FB8
  sub_8235A070                     -> __imp__sub_8235A070
  sub_8235A818                     -> __imp__sub_8235A818
  sub_8235A970                     -> __imp__sub_8235A970
  sub_8235AA30                     -> __imp__sub_8235AA30
  sub_8235AAA8                     -> __imp__sub_8235AAA8
  sub_8235AC68                     -> __imp__sub_8235AC68
  sub_8235ADD0                     -> __imp__sub_8235ADD0
  sub_8235AF58                     -> __imp__sub_8235AF58
  sub_8235B168                     -> __imp__sub_8235B168
  sub_8235B2B8                     -> __imp__sub_8235B2B8
  sub_8235B4A0                     -> __imp__sub_8235B4A0
  sub_8235B618                     -> __imp__sub_8235B618
  sub_8235B768                     -> __imp__sub_8235B768
  sub_8235B9F8                     -> __imp__sub_8235B9F8
  sub_8235BBB0                     -> __imp__sub_8235BBB0
  sub_8235C5C8                     -> __imp__sub_8235C5C8
  sub_8235C8B0                     -> __imp__sub_8235C8B0
  sub_8235CDE0                     -> __imp__sub_8235CDE0
  sub_8235D7A8                     -> __imp__sub_8235D7A8
  sub_8235D9D0                     -> __imp__sub_8235D9D0
  sub_8235DA90                     -> __imp__sub_8235DA90
  sub_8235DB20                     -> __imp__sub_8235DB20
  sub_8235EAE8                     -> __imp__sub_8235EAE8
  sub_8235F6E0                     -> __imp__sub_8235F6E0
  sub_8235FA40                     -> __imp__sub_8235FA40
  sub_8235FAE0                     -> __imp__sub_8235FAE0
  sub_8235FB70                     -> __imp__sub_8235FB70
  sub_8235FEB8                     -> __imp__sub_8235FEB8
  sub_82360128                     -> __imp__sub_82360128
  sub_823601C0                     -> __imp__sub_823601C0
  sub_82360268                     -> __imp__sub_82360268
  sub_823602F8                     -> __imp__sub_823602F8
  sub_82360468                     -> __imp__sub_82360468
  sub_82360510                     -> __imp__sub_82360510
  sub_82360568                     -> __imp__sub_82360568
  sub_82360580                     -> __imp__sub_82360580
  sub_823605C8                     -> __imp__sub_823605C8
  sub_82360600                     -> __imp__sub_82360600
  sub_82360610                     -> __imp__sub_82360610
  sub_823606A8                     -> __imp__sub_823606A8
  sub_823607A0                     -> __imp__sub_823607A0
  sub_82360838                     -> __imp__sub_82360838
  sub_82360840                     -> __imp__sub_82360840
  sub_82360878                     -> __imp__sub_82360878
  sub_823608C8                     -> __imp__sub_823608C8
  sub_823608F8                     -> __imp__sub_823608F8
  sub_82360900                     -> __imp__sub_82360900
  sub_82360928                     -> __imp__sub_82360928
  sub_82360950                     -> __imp__sub_82360950
  sub_823609C8                     -> __imp__sub_823609C8
  sub_82360BB8                     -> __imp__sub_82360BB8
  sub_82360BF8                     -> __imp__sub_82360BF8
  sub_82360C10                     -> __imp__sub_82360C10
  sub_82360C78                     -> __imp__sub_82360C78
  sub_82360D08                     -> __imp__sub_82360D08
  sub_82360D70                     -> __imp__sub_82360D70
  sub_82360DE0                     -> __imp__sub_82360DE0
  sub_82360F10                     -> __imp__sub_82360F10
  sub_82360F70                     -> __imp__sub_82360F70
  sub_82360FD0                     -> __imp__sub_82360FD0
  sub_82361048                     -> __imp__sub_82361048
  sub_82361058                     -> __imp__sub_82361058
  sub_82361078                     -> __imp__sub_82361078
  sub_82361090                     -> __imp__sub_82361090
  sub_82361330                     -> __imp__sub_82361330
  sub_82361368                     -> __imp__sub_82361368
  sub_82361890                     -> __imp__sub_82361890
  sub_82361A18                     -> __imp__sub_82361A18
  sub_82361A30                     -> __imp__sub_82361A30
  sub_82361AB8                     -> __imp__sub_82361AB8
  sub_82361B70                     -> __imp__sub_82361B70
  sub_82361BD8                     -> __imp__sub_82361BD8
  sub_82361D08                     -> __imp__sub_82361D08
  sub_82361D54                     -> __imp__sub_82361D54
  sub_82361DC4                     -> __imp__sub_82361DC4
  sub_82361F20                     -> __imp__sub_82361F20
  sub_82361F50                     -> __imp__sub_82361F50
  sub_82361F88                     -> __imp__sub_82361F88
  sub_82362048                     -> __imp__sub_82362048
  sub_82362158                     -> __imp__sub_82362158
  sub_82362190                     -> __imp__sub_82362190
  sub_823621D0                     -> __imp__sub_823621D0
  sub_823622D8                     -> __imp__sub_823622D8
  sub_823622F0                     -> __imp__sub_823622F0
  sub_82362308                     -> __imp__sub_82362308
  sub_82362368                     -> __imp__sub_82362368
  sub_82362430                     -> __imp__sub_82362430
  sub_823624F0                     -> __imp__sub_823624F0
  sub_82362500                     -> __imp__sub_82362500
  sub_823625F0                     -> __imp__sub_823625F0
  sub_82362680                     -> __imp__sub_82362680
  sub_82362750                     -> __imp__sub_82362750
  sub_82362780                     -> __imp__sub_82362780
  sub_823627D0                     -> __imp__sub_823627D0
  sub_82362820                     -> __imp__sub_82362820
  sub_82362860                     -> __imp__sub_82362860
  sub_82362880                     -> __imp__sub_82362880
  sub_82362910                     -> __imp__sub_82362910
  sub_82362970                     -> __imp__sub_82362970
  sub_82362980                     -> __imp__sub_82362980
  sub_82362A28                     -> __imp__sub_82362A28
  sub_82362AA0                     -> __imp__sub_82362AA0
  sub_82362AD8                     -> __imp__sub_82362AD8
  sub_82362B10                     -> __imp__sub_82362B10
  sub_82362D40                     -> __imp__sub_82362D40
  sub_82362DE0                     -> __imp__sub_82362DE0
  sub_82362E50                     -> __imp__sub_82362E50
  sub_82362E60                     -> __imp__sub_82362E60
  sub_82362F20                     -> __imp__sub_82362F20
  sub_82362F48                     -> __imp__sub_82362F48
  sub_82362F58                     -> __imp__sub_82362F58
  sub_82362F68                     -> __imp__sub_82362F68
  sub_82362F78                     -> __imp__sub_82362F78
  sub_82362F88                     -> __imp__sub_82362F88
  sub_82362FA0                     -> __imp__sub_82362FA0
  sub_82363348                     -> __imp__sub_82363348
  sub_82363488                     -> __imp__sub_82363488
  sub_82363668                     -> __imp__sub_82363668
  sub_823636D0                     -> __imp__sub_823636D0
  sub_823636E8                     -> __imp__sub_823636E8
  sub_823636F8                     -> __imp__sub_823636F8
  sub_823638D8                     -> __imp__sub_823638D8
  sub_823638F0                     -> __imp__sub_823638F0
  sub_82363910                     -> __imp__sub_82363910
  sub_82363918                     -> __imp__sub_82363918
  sub_82363948                     -> __imp__sub_82363948
  sub_82363978                     -> __imp__sub_82363978
  sub_82363988                     -> __imp__sub_82363988
  sub_823639B8                     -> __imp__sub_823639B8
  sub_82363A10                     -> __imp__sub_82363A10
  sub_82363AB0                     -> __imp__sub_82363AB0
  sub_82363AC8                     -> __imp__sub_82363AC8
  sub_82363B08                     -> __imp__sub_82363B08
  sub_82363B18                     -> __imp__sub_82363B18
  sub_82363B40                     -> __imp__sub_82363B40
  sub_82363B90                     -> __imp__sub_82363B90
  sub_82363BC0                     -> __imp__sub_82363BC0
  sub_82363C10                     -> __imp__sub_82363C10
  sub_82363C28                     -> __imp__sub_82363C28
  sub_82363C80                     -> __imp__sub_82363C80
  sub_82363CE0                     -> __imp__sub_82363CE0
  sub_82363CE8                     -> __imp__sub_82363CE8
  sub_82363D80                     -> __imp__sub_82363D80
  sub_82363E38                     -> __imp__sub_82363E38
  sub_82363E58                     -> __imp__sub_82363E58
  sub_82363E68                     -> __imp__sub_82363E68
  sub_82364000                     -> __imp__sub_82364000
  sub_82364080                     -> __imp__sub_82364080
  sub_82364188                     -> __imp__sub_82364188
  sub_82364210                     -> __imp__sub_82364210
  sub_823643B0                     -> __imp__sub_823643B0
  sub_82364558                     -> __imp__sub_82364558
  sub_823646E0                     -> __imp__sub_823646E0
  sub_82364708                     -> __imp__sub_82364708
  sub_82364768                     -> __imp__sub_82364768
  sub_823647C0                     -> __imp__sub_823647C0
  sub_823647D0                     -> __imp__sub_823647D0
  sub_82364830                     -> __imp__sub_82364830
  sub_82364878                     -> __imp__sub_82364878
  sub_823648A8                     -> __imp__sub_823648A8
  sub_823648E0                     -> __imp__sub_823648E0
  sub_82364968                     -> __imp__sub_82364968
  sub_82364A18                     -> __imp__sub_82364A18
  sub_82364AC0                     -> __imp__sub_82364AC0
  sub_82364C08                     -> __imp__sub_82364C08
  sub_82364DF8                     -> __imp__sub_82364DF8
  sub_82364E48                     -> __imp__sub_82364E48
  sub_82365268                     -> __imp__sub_82365268
  sub_823652C8                     -> __imp__sub_823652C8
  sub_82365460                     -> __imp__sub_82365460
  sub_82365550                     -> __imp__sub_82365550
  sub_823655A0                     -> __imp__sub_823655A0
  sub_82365698                     -> __imp__sub_82365698
  sub_823656D8                     -> __imp__sub_823656D8
  sub_823656E8                     -> __imp__sub_823656E8
  sub_823656F0                     -> __imp__sub_823656F0
  sub_823656F8                     -> __imp__sub_823656F8
  sub_82365758                     -> __imp__sub_82365758
  sub_82365768                     -> __imp__sub_82365768
  sub_823658E0                     -> __imp__sub_823658E0
  sub_82365A40                     -> __imp__sub_82365A40
  sub_82365B88                     -> __imp__sub_82365B88
  sub_82365C40                     -> __imp__sub_82365C40
  sub_82365CC8                     -> __imp__sub_82365CC8
  sub_82365D38                     -> __imp__sub_82365D38
  sub_82365D50                     -> __imp__sub_82365D50
  sub_82365D58                     -> __imp__sub_82365D58
  sub_82365D60                     -> __imp__sub_82365D60
  sub_82365D68                     -> __imp__sub_82365D68
  sub_82365E18                     -> __imp__sub_82365E18
  sub_82365E88                     -> __imp__sub_82365E88
  sub_82365EE8                     -> __imp__sub_82365EE8
  sub_82365F48                     -> __imp__sub_82365F48
  sub_82365FD0                     -> __imp__sub_82365FD0
  sub_823660B8                     -> __imp__sub_823660B8
  sub_823662A0                     -> __imp__sub_823662A0
  sub_82366308                     -> __imp__sub_82366308
  sub_823663B0                     -> __imp__sub_823663B0
  sub_82366438                     -> __imp__sub_82366438
  sub_823664D8                     -> __imp__sub_823664D8
  sub_823665A0                     -> __imp__sub_823665A0
  sub_82366600                     -> __imp__sub_82366600
  sub_82366620                     -> __imp__sub_82366620
  sub_82366680                     -> __imp__sub_82366680
  sub_82366690                     -> __imp__sub_82366690
  sub_82366720                     -> __imp__sub_82366720
  sub_823667E0                     -> __imp__sub_823667E0
  sub_82366A00                     -> __imp__sub_82366A00
  sub_82366AC0                     -> __imp__sub_82366AC0
  sub_82366BF8                     -> __imp__sub_82366BF8
  sub_82366C90                     -> __imp__sub_82366C90
  sub_82366CF8                     -> __imp__sub_82366CF8
  sub_82366E08                     -> __imp__sub_82366E08
  sub_82366EA8                     -> __imp__sub_82366EA8
  sub_82366F78                     -> __imp__sub_82366F78
  sub_82367468                     -> __imp__sub_82367468
  sub_823676A8                     -> __imp__sub_823676A8
  sub_82367A40                     -> __imp__sub_82367A40
  sub_82367AB8                     -> __imp__sub_82367AB8
  sub_82367CF0                     -> __imp__sub_82367CF0
  sub_82367D68                     -> __imp__sub_82367D68
  sub_82367D78                     -> __imp__sub_82367D78
  sub_82367F78                     -> __imp__sub_82367F78
  sub_82367F90                     -> __imp__sub_82367F90
  sub_82368130                     -> __imp__sub_82368130
  sub_82368150                     -> __imp__sub_82368150
  sub_823682A0                     -> __imp__sub_823682A0
  sub_823683A8                     -> __imp__sub_823683A8
  sub_82368400                     -> __imp__sub_82368400
  sub_82368408                     -> __imp__sub_82368408
  sub_82368410                     -> __imp__sub_82368410
  sub_82368710                     -> __imp__sub_82368710
  sub_82369180                     -> __imp__sub_82369180
  sub_823691B0                     -> __imp__sub_823691B0
  sub_823691E0                     -> __imp__sub_823691E0
  sub_82369240                     -> __imp__sub_82369240
  sub_823693C0                     -> __imp__sub_823693C0
  sub_823693D8                     -> __imp__sub_823693D8
  sub_82369448                     -> __imp__sub_82369448
  sub_823694B0                     -> __imp__sub_823694B0
  sub_823695F8                     -> __imp__sub_823695F8
  sub_82369650                     -> __imp__sub_82369650
  sub_82369920                     -> __imp__sub_82369920
  sub_823699B0                     -> __imp__sub_823699B0
  sub_82369AA8                     -> __imp__sub_82369AA8
  sub_82369B48                     -> __imp__sub_82369B48
  sub_82369BD0                     -> __imp__sub_82369BD0
  sub_82369DF0                     -> __imp__sub_82369DF0
  sub_82369EC8                     -> __imp__sub_82369EC8
  sub_82369F80                     -> __imp__sub_82369F80
  sub_8236A580                     -> __imp__sub_8236A580
  sub_8236A5C8                     -> __imp__sub_8236A5C8
  sub_8236AAD8                     -> __imp__sub_8236AAD8
  sub_8236AB48                     -> __imp__sub_8236AB48
  sub_8236AE58                     -> __imp__sub_8236AE58
  sub_8236AE68                     -> __imp__sub_8236AE68
  sub_8236B070                     -> __imp__sub_8236B070
  sub_8236B190                     -> __imp__sub_8236B190
  sub_8236B2F8                     -> __imp__sub_8236B2F8
  sub_8236B4E8                     -> __imp__sub_8236B4E8
  sub_8236B5D8                     -> __imp__sub_8236B5D8
  sub_8236B898                     -> __imp__sub_8236B898
  sub_8236BB20                     -> __imp__sub_8236BB20
  sub_8236BE50                     -> __imp__sub_8236BE50
  sub_8236BFF8                     -> __imp__sub_8236BFF8
  sub_8236C008                     -> __imp__sub_8236C008
  sub_8236C060                     -> __imp__sub_8236C060
  sub_8236C228                     -> __imp__sub_8236C228
  sub_8236C270                     -> __imp__sub_8236C270
  sub_8236C278                     -> __imp__sub_8236C278
  sub_8236C450                     -> __imp__sub_8236C450
  sub_8236C500                     -> __imp__sub_8236C500
  sub_8236C5B0                     -> __imp__sub_8236C5B0
  sub_8236C658                     -> __imp__sub_8236C658
  sub_8236C700                     -> __imp__sub_8236C700
  sub_8236CB00                     -> __imp__sub_8236CB00
  sub_8236CBC0                     -> __imp__sub_8236CBC0
  sub_8236CD08                     -> __imp__sub_8236CD08
  sub_8236D030                     -> __imp__sub_8236D030
  sub_8236D108                     -> __imp__sub_8236D108
  sub_8236D1D0                     -> __imp__sub_8236D1D0
  sub_8236D2D8                     -> __imp__sub_8236D2D8
  sub_8236D3A0                     -> __imp__sub_8236D3A0
  sub_8236D4E8                     -> __imp__sub_8236D4E8
  sub_8236D590                     -> __imp__sub_8236D590
  sub_8236D888                     -> __imp__sub_8236D888
  sub_8236D920                     -> __imp__sub_8236D920
  sub_8236DB90                     -> __imp__sub_8236DB90
  sub_8236DC40                     -> __imp__sub_8236DC40
  sub_8236DDF0                     -> __imp__sub_8236DDF0
  sub_8236E0A8                     -> __imp__sub_8236E0A8
  sub_8236E188                     -> __imp__sub_8236E188
  sub_8236E1F0                     -> __imp__sub_8236E1F0
  sub_8236E2C8                     -> __imp__sub_8236E2C8
  sub_8236E4E8                     -> __imp__sub_8236E4E8
  sub_8236E578                     -> __imp__sub_8236E578
  sub_8236E908                     -> __imp__sub_8236E908
  sub_8236EA38                     -> __imp__sub_8236EA38
  sub_8236EBD0                     -> __imp__sub_8236EBD0
  sub_8236ED80                     -> __imp__sub_8236ED80
  sub_82370010                     -> __imp__sub_82370010
  sub_823700A8                     -> __imp__sub_823700A8
  sub_8237017C                     -> __imp__sub_8237017C
  sub_82370180                     -> __imp__sub_82370180
  sub_82370254                     -> __imp__sub_82370254
  sub_82370258                     -> __imp__sub_82370258
  sub_8237032C                     -> __imp__sub_8237032C
  sub_82370330                     -> __imp__sub_82370330
  sub_823703D0                     -> __imp__sub_823703D0
  sub_82370488                     -> __imp__sub_82370488
  sub_823704D4                     -> __imp__sub_823704D4
  sub_823704D8                     -> __imp__sub_823704D8
  sub_82370518                     -> __imp__sub_82370518
  sub_823705FC                     -> __imp__sub_823705FC
  sub_82370600                     -> __imp__sub_82370600
  sub_82370704                     -> __imp__sub_82370704
  sub_82370708                     -> __imp__sub_82370708
  sub_82370734                     -> __imp__sub_82370734
  sub_82370738                     -> __imp__sub_82370738
  sub_8237082C                     -> __imp__sub_8237082C
  sub_82370830                     -> __imp__sub_82370830
  sub_82370924                     -> __imp__sub_82370924
  sub_82370928                     -> __imp__sub_82370928
  sub_82370968                     -> __imp__sub_82370968
  sub_82370A28                     -> __imp__sub_82370A28
  sub_82370AA0                     -> __imp__sub_82370AA0
  sub_82370B28                     -> __imp__sub_82370B28
  sub_82370C10                     -> __imp__sub_82370C10
  sub_82370C24                     -> __imp__sub_82370C24
  sub_82370C28                     -> __imp__sub_82370C28
  sub_82370C3C                     -> __imp__sub_82370C3C
  sub_82370C40                     -> __imp__sub_82370C40
  sub_82370C54                     -> __imp__sub_82370C54
  sub_82370C58                     -> __imp__sub_82370C58
  sub_82370C6C                     -> __imp__sub_82370C6C
  sub_82370C70                     -> __imp__sub_82370C70
  sub_82370C84                     -> __imp__sub_82370C84
  sub_82370C88                     -> __imp__sub_82370C88
  sub_82370CBC                     -> __imp__sub_82370CBC
  sub_82370CC0                     -> __imp__sub_82370CC0
  sub_82370CF4                     -> __imp__sub_82370CF4
  sub_82370CF8                     -> __imp__sub_82370CF8
  sub_82370DB4                     -> __imp__sub_82370DB4
  sub_82370DB8                     -> __imp__sub_82370DB8
  sub_82370DF8                     -> __imp__sub_82370DF8
  sub_82370EA0                     -> __imp__sub_82370EA0
  sub_82370F60                     -> __imp__sub_82370F60
  sub_823712FC                     -> __imp__sub_823712FC
  sub_82371300                     -> __imp__sub_82371300
  sub_82371478                     -> __imp__sub_82371478
  sub_823714E0                     -> __imp__sub_823714E0
  sub_82371554                     -> __imp__sub_82371554
  sub_82371558                     -> __imp__sub_82371558
  sub_82371710                     -> __imp__sub_82371710
  sub_823718C8                     -> __imp__sub_823718C8
  sub_823719B8                     -> __imp__sub_823719B8
  sub_82371CDC                     -> __imp__sub_82371CDC
  sub_82371CE0                     -> __imp__sub_82371CE0
  sub_82371F60                     -> __imp__sub_82371F60
  sub_823721F8                     -> __imp__sub_823721F8
  sub_823722A0                     -> __imp__sub_823722A0
  sub_823723C4                     -> __imp__sub_823723C4
  sub_823723C8                     -> __imp__sub_823723C8
  sub_8237249C                     -> __imp__sub_8237249C
  sub_823724A0                     -> __imp__sub_823724A0
  sub_8237259C                     -> __imp__sub_8237259C
  sub_823725A0                     -> __imp__sub_823725A0
  sub_82372638                     -> __imp__sub_82372638
  sub_823728EC                     -> __imp__sub_823728EC
  sub_823728F0                     -> __imp__sub_823728F0
  sub_823729E4                     -> __imp__sub_823729E4
  sub_823729E8                     -> __imp__sub_823729E8
  sub_82372D08                     -> __imp__sub_82372D08
  sub_82372E30                     -> __imp__sub_82372E30
  sub_82372F58                     -> __imp__sub_82372F58
  sub_8237307C                     -> __imp__sub_8237307C
  sub_82373080                     -> __imp__sub_82373080
  sub_823732C8                     -> __imp__sub_823732C8
  sub_823733E0                     -> __imp__sub_823733E0
  sub_82373448                     -> __imp__sub_82373448
  sub_82373494                     -> __imp__sub_82373494
  sub_82373498                     -> __imp__sub_82373498
  sub_82373620                     -> __imp__sub_82373620
  sub_823736DC                     -> __imp__sub_823736DC
  sub_823736E0                     -> __imp__sub_823736E0
  sub_82373B00                     -> __imp__sub_82373B00
  sub_82373C0C                     -> __imp__sub_82373C0C
  sub_82373C10                     -> __imp__sub_82373C10
  sub_82373CF8                     -> __imp__sub_82373CF8
  sub_82373EF0                     -> __imp__sub_82373EF0
  sub_8237410C                     -> __imp__sub_8237410C
  sub_82374110                     -> __imp__sub_82374110
  sub_823742E0                     -> __imp__sub_823742E0
  sub_8237470C                     -> __imp__sub_8237470C
  sub_82374710                     -> __imp__sub_82374710
  sub_82374C50                     -> __imp__sub_82374C50
  sub_82374D28                     -> __imp__sub_82374D28
  sub_82374FB4                     -> __imp__sub_82374FB4
  sub_82374FB8                     -> __imp__sub_82374FB8
  sub_82374FD4                     -> __imp__sub_82374FD4
  sub_82374FD8                     -> __imp__sub_82374FD8
  sub_823750A0                     -> __imp__sub_823750A0
  sub_823751A4                     -> __imp__sub_823751A4
  sub_823751A8                     -> __imp__sub_823751A8
  sub_82375C80                     -> __imp__sub_82375C80
  sub_82375CFC                     -> __imp__sub_82375CFC
  sub_82375D00                     -> __imp__sub_82375D00
  sub_82375D5C                     -> __imp__sub_82375D5C
  sub_82375D60                     -> __imp__sub_82375D60
  sub_82376520                     -> __imp__sub_82376520
  sub_8237653C                     -> __imp__sub_8237653C
  sub_82376540                     -> __imp__sub_82376540
  sub_82376A20                     -> __imp__sub_82376A20
  sub_82376AA0                     -> __imp__sub_82376AA0
  sub_82376B34                     -> __imp__sub_82376B34
  sub_82376B38                     -> __imp__sub_82376B38
  sub_82376CA4                     -> __imp__sub_82376CA4
  sub_82376CA8                     -> __imp__sub_82376CA8
  sub_82376CBC                     -> __imp__sub_82376CBC
  sub_82376CC0                     -> __imp__sub_82376CC0
  sub_82377298                     -> __imp__sub_82377298
  sub_823777B0                     -> __imp__sub_823777B0
  sub_82377894                     -> __imp__sub_82377894
  sub_82377898                     -> __imp__sub_82377898
  sub_82377A70                     -> __imp__sub_82377A70
  sub_82377AA0                     -> __imp__sub_82377AA0
  sub_82377C00                     -> __imp__sub_82377C00
  sub_82377C74                     -> __imp__sub_82377C74
  sub_82377C78                     -> __imp__sub_82377C78
  sub_82377D64                     -> __imp__sub_82377D64
  sub_82377D68                     -> __imp__sub_82377D68
  sub_82377FC0                     -> __imp__sub_82377FC0
  sub_823780EC                     -> __imp__sub_823780EC
  sub_823780F0                     -> __imp__sub_823780F0
  sub_823786B0                     -> __imp__sub_823786B0
  sub_82378968                     -> __imp__sub_82378968
  sub_82378DF0                     -> __imp__sub_82378DF0
  sub_82378E7C                     -> __imp__sub_82378E7C
  sub_82378E80                     -> __imp__sub_82378E80
  sub_82378F04                     -> __imp__sub_82378F04
  sub_82378F08                     -> __imp__sub_82378F08
  sub_82378F54                     -> __imp__sub_82378F54
  sub_82378F58                     -> __imp__sub_82378F58
  sub_82379244                     -> __imp__sub_82379244
  sub_82379248                     -> __imp__sub_82379248
  sub_82379344                     -> __imp__sub_82379344
  sub_82379348                     -> __imp__sub_82379348
  sub_823794A8                     -> __imp__sub_823794A8
  sub_82379728                     -> __imp__sub_82379728
  sub_823799F4                     -> __imp__sub_823799F4
  sub_823799F8                     -> __imp__sub_823799F8
  sub_82379A04                     -> __imp__sub_82379A04
  sub_82379A08                     -> __imp__sub_82379A08
  sub_82379A10                     -> __imp__sub_82379A10
  sub_82379F58                     -> __imp__sub_82379F58
  sub_8237A088                     -> __imp__sub_8237A088
  sub_8237A1D0                     -> __imp__sub_8237A1D0
  sub_8237A318                     -> __imp__sub_8237A318
  sub_8237A370                     -> __imp__sub_8237A370
  sub_8237A3C8                     -> __imp__sub_8237A3C8
  sub_8237A418                     -> __imp__sub_8237A418
  sub_8237A468                     -> __imp__sub_8237A468
  sub_8237A51C                     -> __imp__sub_8237A51C
  sub_8237A520                     -> __imp__sub_8237A520
  sub_8237A5D4                     -> __imp__sub_8237A5D4
  sub_8237A5D8                     -> __imp__sub_8237A5D8
  sub_8237A720                     -> __imp__sub_8237A720
  sub_8237A7EC                     -> __imp__sub_8237A7EC
  sub_8237A7F0                     -> __imp__sub_8237A7F0
  sub_8237A948                     -> __imp__sub_8237A948
  sub_8237A9B0                     -> __imp__sub_8237A9B0
  sub_8237AA6C                     -> __imp__sub_8237AA6C
  sub_8237AA70                     -> __imp__sub_8237AA70
  sub_8237AAB0                     -> __imp__sub_8237AAB0
  sub_8237AB5C                     -> __imp__sub_8237AB5C
  sub_8237AB60                     -> __imp__sub_8237AB60
  sub_8237AC50                     -> __imp__sub_8237AC50
  sub_8237AD28                     -> __imp__sub_8237AD28
  sub_8237ADA4                     -> __imp__sub_8237ADA4
  sub_8237ADA8                     -> __imp__sub_8237ADA8
  sub_8237ADE8                     -> __imp__sub_8237ADE8
  sub_8237B068                     -> __imp__sub_8237B068
  sub_8237B090                     -> __imp__sub_8237B090
  sub_8237B09C                     -> __imp__sub_8237B09C
  sub_8237B0A0                     -> __imp__sub_8237B0A0
  sub_8237B0C8                     -> __imp__sub_8237B0C8
  sub_8237B0D4                     -> __imp__sub_8237B0D4
  sub_8237B0D8                     -> __imp__sub_8237B0D8
  sub_8237B10C                     -> __imp__sub_8237B10C
  sub_8237B110                     -> __imp__sub_8237B110
  sub_8237B11C                     -> __imp__sub_8237B11C
  sub_8237B120                     -> __imp__sub_8237B120
  sub_8237B1AC                     -> __imp__sub_8237B1AC
  sub_8237B1B0                     -> __imp__sub_8237B1B0
  sub_8237B1BC                     -> __imp__sub_8237B1BC
  sub_8237B1C0                     -> __imp__sub_8237B1C0
  sub_8237B248                     -> __imp__sub_8237B248
  sub_8237B254                     -> __imp__sub_8237B254
  sub_8237B258                     -> __imp__sub_8237B258
  sub_8237B2E0                     -> __imp__sub_8237B2E0
  sub_8237B2EC                     -> __imp__sub_8237B2EC
  sub_8237B2F0                     -> __imp__sub_8237B2F0
  sub_8237B378                     -> __imp__sub_8237B378
  sub_8237B384                     -> __imp__sub_8237B384
  sub_8237B388                     -> __imp__sub_8237B388
  sub_8237B3F0                     -> __imp__sub_8237B3F0
  sub_8237B3FC                     -> __imp__sub_8237B3FC
  sub_8237B400                     -> __imp__sub_8237B400
  sub_8237B468                     -> __imp__sub_8237B468
  sub_8237B474                     -> __imp__sub_8237B474
  sub_8237B478                     -> __imp__sub_8237B478
  sub_8237B4E0                     -> __imp__sub_8237B4E0
  sub_8237B4EC                     -> __imp__sub_8237B4EC
  sub_8237B4F0                     -> __imp__sub_8237B4F0
  sub_8237B580                     -> __imp__sub_8237B580
  sub_8237B58C                     -> __imp__sub_8237B58C
  sub_8237B590                     -> __imp__sub_8237B590
  sub_8237B5D0                     -> __imp__sub_8237B5D0
  sub_8237B5FC                     -> __imp__sub_8237B5FC
  sub_8237B600                     -> __imp__sub_8237B600
  sub_8237B628                     -> __imp__sub_8237B628
  sub_8237B634                     -> __imp__sub_8237B634
  sub_8237B638                     -> __imp__sub_8237B638
  sub_8237B6D8                     -> __imp__sub_8237B6D8
  sub_8237B758                     -> __imp__sub_8237B758
  sub_8237B7A0                     -> __imp__sub_8237B7A0
  sub_8237B7A8                     -> __imp__sub_8237B7A8
  sub_8237B7D0                     -> __imp__sub_8237B7D0
  sub_8237B7DC                     -> __imp__sub_8237B7DC
  sub_8237B7E0                     -> __imp__sub_8237B7E0
  sub_8237B814                     -> __imp__sub_8237B814
  sub_8237B818                     -> __imp__sub_8237B818
  sub_8237B824                     -> __imp__sub_8237B824
  sub_8237B828                     -> __imp__sub_8237B828
  sub_8237B870                     -> __imp__sub_8237B870
  sub_8237B878                     -> __imp__sub_8237B878
  sub_8237B8AC                     -> __imp__sub_8237B8AC
  sub_8237B8B0                     -> __imp__sub_8237B8B0
  sub_8237B8BC                     -> __imp__sub_8237B8BC
  sub_8237B8C0                     -> __imp__sub_8237B8C0
  sub_8237B8E8                     -> __imp__sub_8237B8E8
  sub_8237B8F4                     -> __imp__sub_8237B8F4
  sub_8237B8F8                     -> __imp__sub_8237B8F8
  sub_8237B92C                     -> __imp__sub_8237B92C
  sub_8237B930                     -> __imp__sub_8237B930
  sub_8237B93C                     -> __imp__sub_8237B93C
  sub_8237B940                     -> __imp__sub_8237B940
  sub_8237B974                     -> __imp__sub_8237B974
  sub_8237B978                     -> __imp__sub_8237B978
  sub_8237B984                     -> __imp__sub_8237B984
  sub_8237B988                     -> __imp__sub_8237B988
  sub_8237B9B0                     -> __imp__sub_8237B9B0
  sub_8237B9BC                     -> __imp__sub_8237B9BC
  sub_8237B9C0                     -> __imp__sub_8237B9C0
  sub_8237B9E8                     -> __imp__sub_8237B9E8
  sub_8237B9F4                     -> __imp__sub_8237B9F4
  sub_8237B9F8                     -> __imp__sub_8237B9F8
  sub_8237BA2C                     -> __imp__sub_8237BA2C
  sub_8237BA30                     -> __imp__sub_8237BA30
  sub_8237BA3C                     -> __imp__sub_8237BA3C
  sub_8237BA40                     -> __imp__sub_8237BA40
  sub_8237BA74                     -> __imp__sub_8237BA74
  sub_8237BA78                     -> __imp__sub_8237BA78
  sub_8237BA84                     -> __imp__sub_8237BA84
  sub_8237BA88                     -> __imp__sub_8237BA88
  sub_8237BAB0                     -> __imp__sub_8237BAB0
  sub_8237BABC                     -> __imp__sub_8237BABC
  sub_8237BAC0                     -> __imp__sub_8237BAC0
  sub_8237BAE0                     -> __imp__sub_8237BAE0
  sub_8237BAE8                     -> __imp__sub_8237BAE8
  sub_8237BB08                     -> __imp__sub_8237BB08
  sub_8237BB10                     -> __imp__sub_8237BB10
  sub_8237BB30                     -> __imp__sub_8237BB30
  sub_8237BB38                     -> __imp__sub_8237BB38
  sub_8237BB58                     -> __imp__sub_8237BB58
  sub_8237BB60                     -> __imp__sub_8237BB60
  sub_8237BB80                     -> __imp__sub_8237BB80
  sub_8237BB88                     -> __imp__sub_8237BB88
  sub_8237BBA8                     -> __imp__sub_8237BBA8
  sub_8237BBB0                     -> __imp__sub_8237BBB0
  sub_8237BBDC                     -> __imp__sub_8237BBDC
  sub_8237BBE0                     -> __imp__sub_8237BBE0
  sub_8237BBEC                     -> __imp__sub_8237BBEC
  sub_8237BBF0                     -> __imp__sub_8237BBF0
  sub_8237BBF8                     -> __imp__sub_8237BBF8
  sub_8237BC98                     -> __imp__sub_8237BC98
  sub_8237BCB4                     -> __imp__sub_8237BCB4
  sub_8237BCB8                     -> __imp__sub_8237BCB8
  sub_8237BD4C                     -> __imp__sub_8237BD4C
  sub_8237BD50                     -> __imp__sub_8237BD50
  sub_8237BD60                     -> __imp__sub_8237BD60
  sub_8237BD88                     -> __imp__sub_8237BD88
  sub_8237BD94                     -> __imp__sub_8237BD94
  sub_8237BD98                     -> __imp__sub_8237BD98
  sub_8237BDBC                     -> __imp__sub_8237BDBC
  sub_8237BDC0                     -> __imp__sub_8237BDC0
  sub_8237BDC8                     -> __imp__sub_8237BDC8
  sub_8237BE04                     -> __imp__sub_8237BE04
  sub_8237BE08                     -> __imp__sub_8237BE08
  sub_8237BE10                     -> __imp__sub_8237BE10
  sub_8237BE4C                     -> __imp__sub_8237BE4C
  sub_8237BE50                     -> __imp__sub_8237BE50
  sub_8237BE58                     -> __imp__sub_8237BE58
  sub_8237BE94                     -> __imp__sub_8237BE94
  sub_8237BE98                     -> __imp__sub_8237BE98
  sub_8237BEA0                     -> __imp__sub_8237BEA0
  sub_8237BEDC                     -> __imp__sub_8237BEDC
  sub_8237BEE0                     -> __imp__sub_8237BEE0
  sub_8237BEE8                     -> __imp__sub_8237BEE8
  sub_8237BEF0                     -> __imp__sub_8237BEF0
  sub_8237BEF8                     -> __imp__sub_8237BEF8
  sub_8237BF40                     -> __imp__sub_8237BF40
  sub_8237BF50                     -> __imp__sub_8237BF50
  sub_8237BF90                     -> __imp__sub_8237BF90
  sub_8237BFA0                     -> __imp__sub_8237BFA0
  sub_8237BFE0                     -> __imp__sub_8237BFE0
  sub_8237BFF0                     -> __imp__sub_8237BFF0
  sub_8237C01C                     -> __imp__sub_8237C01C
  sub_8237C020                     -> __imp__sub_8237C020
  sub_8237C050                     -> __imp__sub_8237C050
  sub_8237C080                     -> __imp__sub_8237C080
  sub_8237C0B0                     -> __imp__sub_8237C0B0
  sub_8237C0E0                     -> __imp__sub_8237C0E0
  sub_8237C110                     -> __imp__sub_8237C110
  sub_8237C140                     -> __imp__sub_8237C140
  sub_8237C168                     -> __imp__sub_8237C168
  sub_8237C194                     -> __imp__sub_8237C194
  sub_8237C198                     -> __imp__sub_8237C198
  sub_8237C1C8                     -> __imp__sub_8237C1C8
  sub_8237C1F8                     -> __imp__sub_8237C1F8
  sub_8237C228                     -> __imp__sub_8237C228
  sub_8237C258                     -> __imp__sub_8237C258
  sub_8237C288                     -> __imp__sub_8237C288
  sub_8237C2B8                     -> __imp__sub_8237C2B8
  sub_8237C2E0                     -> __imp__sub_8237C2E0
  sub_8237C2EC                     -> __imp__sub_8237C2EC
  sub_8237C2F0                     -> __imp__sub_8237C2F0
  sub_8237C2FC                     -> __imp__sub_8237C2FC
  sub_8237C300                     -> __imp__sub_8237C300
  sub_8237C30C                     -> __imp__sub_8237C30C
  sub_8237C310                     -> __imp__sub_8237C310
  sub_8237C31C                     -> __imp__sub_8237C31C
  sub_8237C320                     -> __imp__sub_8237C320
  sub_8237C32C                     -> __imp__sub_8237C32C
  sub_8237C330                     -> __imp__sub_8237C330
  sub_8237C33C                     -> __imp__sub_8237C33C
  sub_8237C340                     -> __imp__sub_8237C340
  sub_8237C34C                     -> __imp__sub_8237C34C
  sub_8237C350                     -> __imp__sub_8237C350
  sub_8237C35C                     -> __imp__sub_8237C35C
  sub_8237C360                     -> __imp__sub_8237C360
  sub_8237C36C                     -> __imp__sub_8237C36C
  sub_8237C370                     -> __imp__sub_8237C370
  sub_8237C37C                     -> __imp__sub_8237C37C
  sub_8237C380                     -> __imp__sub_8237C380
  sub_8237C394                     -> __imp__sub_8237C394
  sub_8237C398                     -> __imp__sub_8237C398
  sub_8237C3A0                     -> __imp__sub_8237C3A0
  sub_8237C3F0                     -> __imp__sub_8237C3F0
  sub_8237C3FC                     -> __imp__sub_8237C3FC
  sub_8237C400                     -> __imp__sub_8237C400
  sub_8237C4AC                     -> __imp__sub_8237C4AC
  sub_8237C4B0                     -> __imp__sub_8237C4B0
  sub_8237C4B8                     -> __imp__sub_8237C4B8
  sub_8237C564                     -> __imp__sub_8237C564
  sub_8237C568                     -> __imp__sub_8237C568
  sub_8237C570                     -> __imp__sub_8237C570
  sub_8237C61C                     -> __imp__sub_8237C61C
  sub_8237C620                     -> __imp__sub_8237C620
  sub_8237C628                     -> __imp__sub_8237C628
  sub_8237C6D4                     -> __imp__sub_8237C6D4
  sub_8237C6D8                     -> __imp__sub_8237C6D8
  sub_8237C6E0                     -> __imp__sub_8237C6E0
  sub_8237C700                     -> __imp__sub_8237C700
  sub_8237C710                     -> __imp__sub_8237C710
  sub_8237C730                     -> __imp__sub_8237C730
  sub_8237C740                     -> __imp__sub_8237C740
  sub_8237C760                     -> __imp__sub_8237C760
  sub_8237C76C                     -> __imp__sub_8237C76C
  sub_8237C770                     -> __imp__sub_8237C770
  sub_8237C798                     -> __imp__sub_8237C798
  sub_8237C7A4                     -> __imp__sub_8237C7A4
  sub_8237C7A8                     -> __imp__sub_8237C7A8
  sub_8237C7D0                     -> __imp__sub_8237C7D0
  sub_8237C7DC                     -> __imp__sub_8237C7DC
  sub_8237C7E0                     -> __imp__sub_8237C7E0
  sub_8237C800                     -> __imp__sub_8237C800
  sub_8237C808                     -> __imp__sub_8237C808
  sub_8237C830                     -> __imp__sub_8237C830
  sub_8237C83C                     -> __imp__sub_8237C83C
  sub_8237C840                     -> __imp__sub_8237C840
  sub_8237C868                     -> __imp__sub_8237C868
  sub_8237C87C                     -> __imp__sub_8237C87C
  sub_8237C880                     -> __imp__sub_8237C880
  sub_8237C8A8                     -> __imp__sub_8237C8A8
  sub_8237C8B0                     -> __imp__sub_8237C8B0
  sub_8237C8D8                     -> __imp__sub_8237C8D8
  sub_8237C8E0                     -> __imp__sub_8237C8E0
  sub_8237C908                     -> __imp__sub_8237C908
  sub_8237C910                     -> __imp__sub_8237C910
  sub_8237C938                     -> __imp__sub_8237C938
  sub_8237C940                     -> __imp__sub_8237C940
  sub_8237C968                     -> __imp__sub_8237C968
  sub_8237C974                     -> __imp__sub_8237C974
  sub_8237C978                     -> __imp__sub_8237C978
  sub_8237C9A0                     -> __imp__sub_8237C9A0
  sub_8237C9AC                     -> __imp__sub_8237C9AC
  sub_8237C9B0                     -> __imp__sub_8237C9B0
  sub_8237C9D8                     -> __imp__sub_8237C9D8
  sub_8237C9E4                     -> __imp__sub_8237C9E4
  sub_8237C9E8                     -> __imp__sub_8237C9E8
  sub_8237CA08                     -> __imp__sub_8237CA08
  sub_8237CA10                     -> __imp__sub_8237CA10
  sub_8237CA18                     -> __imp__sub_8237CA18
  sub_8237CA20                     -> __imp__sub_8237CA20
  sub_8237CA30                     -> __imp__sub_8237CA30
  sub_8237CA3C                     -> __imp__sub_8237CA3C
  sub_8237CA40                     -> __imp__sub_8237CA40
  sub_8237CB00                     -> __imp__sub_8237CB00
  sub_8237CB34                     -> __imp__sub_8237CB34
  sub_8237CB38                     -> __imp__sub_8237CB38
  sub_8237CBC0                     -> __imp__sub_8237CBC0
  sub_8237CBD0                     -> __imp__sub_8237CBD0
  sub_8237CC90                     -> __imp__sub_8237CC90
  sub_8237CCC4                     -> __imp__sub_8237CCC4
  sub_8237CCC8                     -> __imp__sub_8237CCC8
  sub_8237CD4C                     -> __imp__sub_8237CD4C
  sub_8237CD50                     -> __imp__sub_8237CD50
  sub_8237CD60                     -> __imp__sub_8237CD60
  sub_8237CD9C                     -> __imp__sub_8237CD9C
  sub_8237CDA0                     -> __imp__sub_8237CDA0
  sub_8237CDB4                     -> __imp__sub_8237CDB4
  sub_8237CDB8                     -> __imp__sub_8237CDB8
  sub_8237CE40                     -> __imp__sub_8237CE40
  sub_8237CE50                     -> __imp__sub_8237CE50
  sub_8237CEB8                     -> __imp__sub_8237CEB8
  sub_8237CEC4                     -> __imp__sub_8237CEC4
  sub_8237CEC8                     -> __imp__sub_8237CEC8
  sub_8237CF28                     -> __imp__sub_8237CF28
  sub_8237CF6C                     -> __imp__sub_8237CF6C
  sub_8237CF70                     -> __imp__sub_8237CF70
  sub_8237CFD0                     -> __imp__sub_8237CFD0
  sub_8237D010                     -> __imp__sub_8237D010
  sub_8237D080                     -> __imp__sub_8237D080
  sub_8237D090                     -> __imp__sub_8237D090
  sub_8237D100                     -> __imp__sub_8237D100
  sub_8237D110                     -> __imp__sub_8237D110
  sub_8237D160                     -> __imp__sub_8237D160
  sub_8237D180                     -> __imp__sub_8237D180
  sub_8237D1B8                     -> __imp__sub_8237D1B8
  sub_8237D1D0                     -> __imp__sub_8237D1D0
  sub_8237D208                     -> __imp__sub_8237D208
  sub_8237D220                     -> __imp__sub_8237D220
  sub_8237D258                     -> __imp__sub_8237D258
  sub_8237D270                     -> __imp__sub_8237D270
  sub_8237D2B0                     -> __imp__sub_8237D2B0
  sub_8237D2C8                     -> __imp__sub_8237D2C8
  sub_8237D308                     -> __imp__sub_8237D308
  sub_8237D320                     -> __imp__sub_8237D320
  sub_8237D360                     -> __imp__sub_8237D360
  sub_8237D378                     -> __imp__sub_8237D378
  sub_8237D3B8                     -> __imp__sub_8237D3B8
  sub_8237D3D0                     -> __imp__sub_8237D3D0
  sub_8237D418                     -> __imp__sub_8237D418
  sub_8237D430                     -> __imp__sub_8237D430
  sub_8237D4F8                     -> __imp__sub_8237D4F8
  sub_8237D520                     -> __imp__sub_8237D520
  sub_8237D768                     -> __imp__sub_8237D768
  sub_8237D998                     -> __imp__sub_8237D998
  sub_8237DA28                     -> __imp__sub_8237DA28
  sub_8237DAB8                     -> __imp__sub_8237DAB8
  sub_8237DB88                     -> __imp__sub_8237DB88
  sub_8237DBE8                     -> __imp__sub_8237DBE8
  sub_8237DCF8                     -> __imp__sub_8237DCF8
  sub_8237DDC0                     -> __imp__sub_8237DDC0
  sub_8237DDD0                     -> __imp__sub_8237DDD0
  sub_8237E138                     -> __imp__sub_8237E138
  sub_8237E308                     -> __imp__sub_8237E308
  sub_8237E310                     -> __imp__sub_8237E310
  sub_8237E3A8                     -> __imp__sub_8237E3A8
  sub_8237E3D0                     -> __imp__sub_8237E3D0
  sub_8237E3E8                     -> __imp__sub_8237E3E8
  sub_8237E458                     -> __imp__sub_8237E458
  sub_8237E4F0                     -> __imp__sub_8237E4F0
  sub_8237E578                     -> __imp__sub_8237E578
  sub_8237E600                     -> __imp__sub_8237E600
  sub_8237E710                     -> __imp__sub_8237E710
  sub_8237EA88                     -> __imp__sub_8237EA88
  sub_8237EC48                     -> __imp__sub_8237EC48
  sub_8237EDA0                     -> __imp__sub_8237EDA0
  sub_8237F160                     -> __imp__sub_8237F160
  sub_8237F298                     -> __imp__sub_8237F298
  sub_8237F738                     -> __imp__sub_8237F738
  sub_8237F830                     -> __imp__sub_8237F830
  sub_8237F968                     -> __imp__sub_8237F968
  sub_8237FC38                     -> __imp__sub_8237FC38
  sub_8237FCF0                     -> __imp__sub_8237FCF0
  sub_8237FD08                     -> __imp__sub_8237FD08
  sub_8237FDB8                     -> __imp__sub_8237FDB8
  sub_8237FE78                     -> __imp__sub_8237FE78
  sub_8237FF98                     -> __imp__sub_8237FF98
  sub_823802F8                     -> __imp__sub_823802F8
  sub_82380388                     -> __imp__sub_82380388
  sub_823804E0                     -> __imp__sub_823804E0
  sub_82380780                     -> __imp__sub_82380780
  sub_82380CE8                     -> __imp__sub_82380CE8
  sub_82381108                     -> __imp__sub_82381108
  sub_82381838                     -> __imp__sub_82381838
  sub_82381920                     -> __imp__sub_82381920
  sub_823819D0                     -> __imp__sub_823819D0
  sub_82381A98                     -> __imp__sub_82381A98
  sub_82381B00                     -> __imp__sub_82381B00
  sub_82381B70                     -> __imp__sub_82381B70
  sub_82381BC8                     -> __imp__sub_82381BC8
  sub_82381CE0                     -> __imp__sub_82381CE0
  sub_82381D38                     -> __imp__sub_82381D38
  sub_82381DC8                     -> __imp__sub_82381DC8
  sub_82381E68                     -> __imp__sub_82381E68
  sub_82381F30                     -> __imp__sub_82381F30
  sub_82382138                     -> __imp__sub_82382138
  sub_82382200                     -> __imp__sub_82382200
  sub_823823E0                     -> __imp__sub_823823E0
  sub_82382578                     -> __imp__sub_82382578
  sub_82382650                     -> __imp__sub_82382650
  sub_82382710                     -> __imp__sub_82382710
  sub_82382798                     -> __imp__sub_82382798
  sub_82382880                     -> __imp__sub_82382880
  sub_823829A0                     -> __imp__sub_823829A0
  sub_82382AB8                     -> __imp__sub_82382AB8
  sub_82382BC8                     -> __imp__sub_82382BC8
  sub_82382D00                     -> __imp__sub_82382D00
  sub_82382E40                     -> __imp__sub_82382E40
  sub_82382F28                     -> __imp__sub_82382F28
  sub_82382FC0                     -> __imp__sub_82382FC0
  sub_82383028                     -> __imp__sub_82383028
  sub_82383090                     -> __imp__sub_82383090
  sub_82383160                     -> __imp__sub_82383160
  sub_82383E68                     -> __imp__sub_82383E68
  sub_82383ED0                     -> __imp__sub_82383ED0
  sub_82383F80                     -> __imp__sub_82383F80
  sub_823840E0                     -> __imp__sub_823840E0
  sub_82384300                     -> __imp__sub_82384300
  sub_823843E8                     -> __imp__sub_823843E8
  sub_823844D0                     -> __imp__sub_823844D0
  sub_82384580                     -> __imp__sub_82384580
  sub_823845F0                     -> __imp__sub_823845F0
  sub_82384600                     -> __imp__sub_82384600
  sub_823846B0                     -> __imp__sub_823846B0
  sub_82384718                     -> __imp__sub_82384718
  sub_82384988                     -> __imp__sub_82384988
  sub_823849F0                     -> __imp__sub_823849F0
  sub_82384AF0                     -> __imp__sub_82384AF0
  sub_82384BE0                     -> __imp__sub_82384BE0
  sub_82385218                     -> __imp__sub_82385218
  sub_82385288                     -> __imp__sub_82385288
  sub_82385298                     -> __imp__sub_82385298
  sub_82385390                     -> __imp__sub_82385390
  sub_82385428                     -> __imp__sub_82385428
  sub_82385A30                     -> __imp__sub_82385A30
  sub_82385A48                     -> __imp__sub_82385A48
  sub_82387080                     -> __imp__sub_82387080
  sub_823870E8                     -> __imp__sub_823870E8
  sub_82387150                     -> __imp__sub_82387150
  sub_823871A0                     -> __imp__sub_823871A0
  sub_82387248                     -> __imp__sub_82387248
  sub_823872B0                     -> __imp__sub_823872B0
  sub_823873D8                     -> __imp__sub_823873D8
  sub_82387728                     -> __imp__sub_82387728
  sub_82387810                     -> __imp__sub_82387810
  sub_82387920                     -> __imp__sub_82387920
  sub_823886F0                     -> __imp__sub_823886F0
  sub_82388708                     -> __imp__sub_82388708
  sub_823887B0                     -> __imp__sub_823887B0
  sub_82388838                     -> __imp__sub_82388838
  sub_82388918                     -> __imp__sub_82388918
  sub_823889E8                     -> __imp__sub_823889E8
  sub_82388B58                     -> __imp__sub_82388B58
  sub_82389278                     -> __imp__sub_82389278
  sub_82389318                     -> __imp__sub_82389318
  sub_82389368                     -> __imp__sub_82389368
  sub_82389420                     -> __imp__sub_82389420
  sub_823894D0                     -> __imp__sub_823894D0
  sub_82389638                     -> __imp__sub_82389638
  sub_82389780                     -> __imp__sub_82389780
  sub_82389860                     -> __imp__sub_82389860
  sub_82389950                     -> __imp__sub_82389950
  sub_823899A0                     -> __imp__sub_823899A0
  sub_82389A08                     -> __imp__sub_82389A08
  sub_82389AE8                     -> __imp__sub_82389AE8
  sub_82389C20                     -> __imp__sub_82389C20
  sub_82389C70                     -> __imp__sub_82389C70
  sub_82389DE8                     -> __imp__sub_82389DE8
  sub_8238A090                     -> __imp__sub_8238A090
  sub_8238A100                     -> __imp__sub_8238A100
  sub_8238A1B0                     -> __imp__sub_8238A1B0
  sub_8238A268                     -> __imp__sub_8238A268
  sub_8238A328                     -> __imp__sub_8238A328
  sub_8238A460                     -> __imp__sub_8238A460
  sub_8238A588                     -> __imp__sub_8238A588
  sub_8238A670                     -> __imp__sub_8238A670
  sub_8238A6A8                     -> __imp__sub_8238A6A8
  sub_8238AC88                     -> __imp__sub_8238AC88
  sub_8238ADA8                     -> __imp__sub_8238ADA8
  sub_8238AE98                     -> __imp__sub_8238AE98
  sub_8238AF30                     -> __imp__sub_8238AF30
  sub_8238B0F0                     -> __imp__sub_8238B0F0
  sub_8238B6C0                     -> __imp__sub_8238B6C0
  sub_8238B8E0                     -> __imp__sub_8238B8E0
  sub_8238B950                     -> __imp__sub_8238B950
  sub_8238BA50                     -> __imp__sub_8238BA50
  sub_8238BA80                     -> __imp__sub_8238BA80
  sub_8238BB80                     -> __imp__sub_8238BB80
  sub_8238C040                     -> __imp__sub_8238C040
  sub_8238C0B0                     -> __imp__sub_8238C0B0
  sub_8238C2F0                     -> __imp__sub_8238C2F0
  sub_8238C4B0                     -> __imp__sub_8238C4B0
  sub_8238C5A8                     -> __imp__sub_8238C5A8
  sub_8238C638                     -> __imp__sub_8238C638
  sub_8238C8D8                     -> __imp__sub_8238C8D8
  sub_8238C938                     -> __imp__sub_8238C938
  sub_8238C948                     -> __imp__sub_8238C948
  sub_8238C960                     -> __imp__sub_8238C960
  sub_8238C9E0                     -> __imp__sub_8238C9E0
  sub_8238CA98                     -> __imp__sub_8238CA98
  sub_8238CC08                     -> __imp__sub_8238CC08
  sub_8238CD08                     -> __imp__sub_8238CD08
  sub_8238CD28                     -> __imp__sub_8238CD28
  sub_8238CE28                     -> __imp__sub_8238CE28
  sub_8238CE70                     -> __imp__sub_8238CE70
  sub_8238CEE8                     -> __imp__sub_8238CEE8
  sub_8238CF38                     -> __imp__sub_8238CF38
  sub_8238D088                     -> __imp__sub_8238D088
  sub_8238D240                     -> __imp__sub_8238D240
  sub_8238D2D8                     -> __imp__sub_8238D2D8
  sub_8238D330                     -> __imp__sub_8238D330
  sub_8238D410                     -> __imp__sub_8238D410
  sub_8238D628                     -> __imp__sub_8238D628
  sub_8238D898                     -> __imp__sub_8238D898
  sub_8238D8F0                     -> __imp__sub_8238D8F0
  sub_8238D9B0                     -> __imp__sub_8238D9B0
  sub_8238DA90                     -> __imp__sub_8238DA90
  sub_8238DB18                     -> __imp__sub_8238DB18
  sub_8238DC60                     -> __imp__sub_8238DC60
  sub_8238DCF0                     -> __imp__sub_8238DCF0
  sub_8238DF38                     -> __imp__sub_8238DF38
  sub_8238E168                     -> __imp__sub_8238E168
  sub_8238E590                     -> __imp__sub_8238E590
  sub_8238E738                     -> __imp__sub_8238E738
  sub_8238E910                     -> __imp__sub_8238E910
  sub_8238E9F8                     -> __imp__sub_8238E9F8
  sub_8238EB30                     -> __imp__sub_8238EB30
  sub_8238EBA8                     -> __imp__sub_8238EBA8
  sub_8238EC18                     -> __imp__sub_8238EC18
  sub_8238ECB0                     -> __imp__sub_8238ECB0
  sub_8238EDB0                     -> __imp__sub_8238EDB0
  sub_8238EFD8                     -> __imp__sub_8238EFD8
  sub_8238F060                     -> __imp__sub_8238F060
  sub_8238F4B8                     -> __imp__sub_8238F4B8
  sub_8238F630                     -> __imp__sub_8238F630
  sub_8238F698                     -> __imp__sub_8238F698
  sub_8238F6F0                     -> __imp__sub_8238F6F0
  sub_8238F7F0                     -> __imp__sub_8238F7F0
  sub_8238F8F0                     -> __imp__sub_8238F8F0
  sub_8238FD58                     -> __imp__sub_8238FD58
  sub_82390048                     -> __imp__sub_82390048
  sub_823905C8                     -> __imp__sub_823905C8
  sub_82390838                     -> __imp__sub_82390838
  sub_823908B0                     -> __imp__sub_823908B0
  sub_82390938                     -> __imp__sub_82390938
  sub_82391498                     -> __imp__sub_82391498
  sub_823916F0                     -> __imp__sub_823916F0
  sub_823917F0                     -> __imp__sub_823917F0
  sub_82391850                     -> __imp__sub_82391850
  sub_823918B0                     -> __imp__sub_823918B0
  sub_82391F88                     -> __imp__sub_82391F88
  sub_823923B0                     -> __imp__sub_823923B0
  sub_82392710                     -> __imp__sub_82392710
  sub_823931E8                     -> __imp__sub_823931E8
  sub_823932A8                     -> __imp__sub_823932A8
  sub_82393368                     -> __imp__sub_82393368
  sub_82396380                     -> __imp__sub_82396380
  sub_82396C30                     -> __imp__sub_82396C30
  sub_82397488                     -> __imp__sub_82397488
  sub_82397850                     -> __imp__sub_82397850
  sub_82398E80                     -> __imp__sub_82398E80
  sub_82398EE8                     -> __imp__sub_82398EE8
  sub_823990E8                     -> __imp__sub_823990E8
  sub_82399158                     -> __imp__sub_82399158
  sub_823991C0                     -> __imp__sub_823991C0
  sub_82399268                     -> __imp__sub_82399268
  sub_82399560                     -> __imp__sub_82399560
  sub_82399940                     -> __imp__sub_82399940
  sub_82399B00                     -> __imp__sub_82399B00
  sub_82399EE0                     -> __imp__sub_82399EE0
  sub_8239A0C0                     -> __imp__sub_8239A0C0
  sub_8239A9B0                     -> __imp__sub_8239A9B0
  sub_8239AB08                     -> __imp__sub_8239AB08
  sub_8239AE60                     -> __imp__sub_8239AE60
  sub_8239B150                     -> __imp__sub_8239B150
  sub_8239B158                     -> __imp__sub_8239B158
  sub_8239B2E8                     -> __imp__sub_8239B2E8
  sub_8239B518                     -> __imp__sub_8239B518
  sub_8239E1C8                     -> __imp__sub_8239E1C8
  sub_8239E210                     -> __imp__sub_8239E210
  sub_8239E280                     -> __imp__sub_8239E280
  sub_8239E2F0                     -> __imp__sub_8239E2F0
  sub_8239E3E8                     -> __imp__sub_8239E3E8
  sub_8239E3F0                     -> __imp__sub_8239E3F0
  sub_8239E440                     -> __imp__sub_8239E440
  sub_8239E4C0                     -> __imp__sub_8239E4C0
  sub_8239E540                     -> __imp__sub_8239E540
  sub_8239E5D0                     -> __imp__sub_8239E5D0
  sub_8239E8F8                     -> __imp__sub_8239E8F8
  sub_8239E9B8                     -> __imp__sub_8239E9B8
  sub_8239EA50                     -> __imp__sub_8239EA50
  sub_8239EAE8                     -> __imp__sub_8239EAE8
  sub_8239EC80                     -> __imp__sub_8239EC80
  sub_8239EDD0                     -> __imp__sub_8239EDD0
  sub_8239EED8                     -> __imp__sub_8239EED8
  sub_8239EF58                     -> __imp__sub_8239EF58
  sub_8239F020                     -> __imp__sub_8239F020
  sub_8239F028                     -> __imp__sub_8239F028
  sub_8239F078                     -> __imp__sub_8239F078
  sub_8239F0C0                     -> __imp__sub_8239F0C0
  sub_8239F110                     -> __imp__sub_8239F110
  sub_8239F118                     -> __imp__sub_8239F118
  sub_8239F128                     -> __imp__sub_8239F128
  sub_8239F138                     -> __imp__sub_8239F138
  sub_8239F1B0                     -> __imp__sub_8239F1B0
  sub_8239F228                     -> __imp__sub_8239F228
  sub_8239F2D0                     -> __imp__sub_8239F2D0
  sub_8239F378                     -> __imp__sub_8239F378
  sub_8239F3E8                     -> __imp__sub_8239F3E8
  sub_8239F450                     -> __imp__sub_8239F450
  sub_8239F590                     -> __imp__sub_8239F590
  sub_8239F6D0                     -> __imp__sub_8239F6D0
  sub_8239F9A0                     -> __imp__sub_8239F9A0
  sub_8239FB48                     -> __imp__sub_8239FB48
  sub_8239FBA0                     -> __imp__sub_8239FBA0
  sub_8239FBF0                     -> __imp__sub_8239FBF0
  sub_8239FC40                     -> __imp__sub_8239FC40
  sub_8239FCB0                     -> __imp__sub_8239FCB0
  sub_8239FDF0                     -> __imp__sub_8239FDF0
  sub_823A09A0                     -> __imp__sub_823A09A0
  sub_823A09C0                     -> __imp__sub_823A09C0
  sub_823A0AA8                     -> __imp__sub_823A0AA8
  sub_823A0B60                     -> __imp__sub_823A0B60
  sub_823A0BE0                     -> __imp__sub_823A0BE0
  sub_823A0D60                     -> __imp__sub_823A0D60
  sub_823A0E30                     -> __imp__sub_823A0E30
  sub_823A0F50                     -> __imp__sub_823A0F50
  sub_823A0FD8                     -> __imp__sub_823A0FD8
  sub_823A1060                     -> __imp__sub_823A1060
  sub_823A1100                     -> __imp__sub_823A1100
  sub_823A1350                     -> __imp__sub_823A1350
  sub_823A1AC8                     -> __imp__sub_823A1AC8
  sub_823A1C18                     -> __imp__sub_823A1C18
  sub_823A21A0                     -> __imp__sub_823A21A0
  sub_823A23B0                     -> __imp__sub_823A23B0
  sub_823A2570                     -> __imp__sub_823A2570
  sub_823A2700                     -> __imp__sub_823A2700
  sub_823A2838                     -> __imp__sub_823A2838
  sub_823A29D8                     -> __imp__sub_823A29D8
  sub_823A2BB0                     -> __imp__sub_823A2BB0
  sub_823A2D38                     -> __imp__sub_823A2D38
  sub_823A2FE8                     -> __imp__sub_823A2FE8
  sub_823A3520                     -> __imp__sub_823A3520
  sub_823A3A08                     -> __imp__sub_823A3A08
  sub_823A3AF0                     -> __imp__sub_823A3AF0
  sub_823A3B08                     -> __imp__sub_823A3B08
  sub_823A3B88                     -> __imp__sub_823A3B88
  sub_823A3BF0                     -> __imp__sub_823A3BF0
  sub_823A3CA8                     -> __imp__sub_823A3CA8
  sub_823A3D40                     -> __imp__sub_823A3D40
  sub_823A3E00                     -> __imp__sub_823A3E00
  sub_823A3EA8                     -> __imp__sub_823A3EA8
  sub_823A3F60                     -> __imp__sub_823A3F60
  sub_823A3FF8                     -> __imp__sub_823A3FF8
  sub_823A4BC8                     -> __imp__sub_823A4BC8
  sub_823A4C28                     -> __imp__sub_823A4C28
  sub_823A4CB0                     -> __imp__sub_823A4CB0
  sub_823A4D30                     -> __imp__sub_823A4D30
  sub_823A4DF0                     -> __imp__sub_823A4DF0
  sub_823A51C0                     -> __imp__sub_823A51C0
  sub_823A52E0                     -> __imp__sub_823A52E0
  sub_823A5B20                     -> __imp__sub_823A5B20
  sub_823A5C28                     -> __imp__sub_823A5C28
  sub_823A5C90                     -> __imp__sub_823A5C90
  sub_823A5EF0                     -> __imp__sub_823A5EF0
  sub_823A5FE8                     -> __imp__sub_823A5FE8
  sub_823A60E0                     -> __imp__sub_823A60E0
  sub_823A6278                     -> __imp__sub_823A6278
  sub_823A63C8                     -> __imp__sub_823A63C8
  sub_823A6638                     -> __imp__sub_823A6638
  sub_823A6878                     -> __imp__sub_823A6878
  sub_823A6D70                     -> __imp__sub_823A6D70
  sub_823A7248                     -> __imp__sub_823A7248
  sub_823A7380                     -> __imp__sub_823A7380
  sub_823A7728                     -> __imp__sub_823A7728
  sub_823A7C98                     -> __imp__sub_823A7C98
  sub_823A7F98                     -> __imp__sub_823A7F98
  sub_823A8020                     -> __imp__sub_823A8020
  sub_823A87C0                     -> __imp__sub_823A87C0
  sub_823A8EB0                     -> __imp__sub_823A8EB0
  sub_823AC5A0                     -> __imp__sub_823AC5A0
  sub_823ACDB0                     -> __imp__sub_823ACDB0
  sub_823AD690                     -> __imp__sub_823AD690
  sub_823AD960                     -> __imp__sub_823AD960
  sub_823ADDB8                     -> __imp__sub_823ADDB8
  sub_823AE1E8                     -> __imp__sub_823AE1E8
  sub_823AE338                     -> __imp__sub_823AE338
  sub_823AE470                     -> __imp__sub_823AE470
  sub_823AE540                     -> __imp__sub_823AE540
  sub_823AE588                     -> __imp__sub_823AE588
  sub_823AE5D0                     -> __imp__sub_823AE5D0
  sub_823AE608                     -> __imp__sub_823AE608
  sub_823AE640                     -> __imp__sub_823AE640
  sub_823AEBA8                     -> __imp__sub_823AEBA8
  sub_823AECE8                     -> __imp__sub_823AECE8
  sub_823AF018                     -> __imp__sub_823AF018
  sub_823AF2B0                     -> __imp__sub_823AF2B0
  sub_823AF378                     -> __imp__sub_823AF378
  sub_823B78B0                     -> __imp__sub_823B78B0
  sub_823B82A0                     -> __imp__sub_823B82A0
  sub_823B8F78                     -> __imp__sub_823B8F78
  sub_823B9B18                     -> __imp__sub_823B9B18
  sub_823B9BC0                     -> __imp__sub_823B9BC0
  sub_823B9EB0                     -> __imp__sub_823B9EB0
  sub_823BA350                     -> __imp__sub_823BA350
  sub_823BAD58                     -> __imp__sub_823BAD58
  sub_823BB010                     -> __imp__sub_823BB010
  sub_823BB0A8                     -> __imp__sub_823BB0A8
  sub_823BB2D0                     -> __imp__sub_823BB2D0
  sub_823BB420                     -> __imp__sub_823BB420
  sub_823BB598                     -> __imp__sub_823BB598
  sub_823BBB98                     -> __imp__sub_823BBB98
  sub_823BBBF8                     -> __imp__sub_823BBBF8
  sub_823BBC50                     -> __imp__sub_823BBC50
  sub_823BBCA8                     -> __imp__sub_823BBCA8
  sub_823BBCF0                     -> __imp__sub_823BBCF0
  sub_823BBD38                     -> __imp__sub_823BBD38
  sub_823BBDC0                     -> __imp__sub_823BBDC0
  sub_823BBE80                     -> __imp__sub_823BBE80
  sub_823BBE98                     -> __imp__sub_823BBE98
  sub_823BBEB0                     -> __imp__sub_823BBEB0
  sub_823BBEC8                     -> __imp__sub_823BBEC8
  sub_823BF500                     -> __imp__sub_823BF500
  sub_823BF7A0                     -> __imp__sub_823BF7A0
  sub_823BF980                     -> __imp__sub_823BF980
  sub_823BFAD0                     -> __imp__sub_823BFAD0
  sub_823C62C0                     -> __imp__sub_823C62C0
  sub_823C6700                     -> __imp__sub_823C6700
  sub_823C6800                     -> __imp__sub_823C6800
  sub_823C68F8                     -> __imp__sub_823C68F8
  sub_823C69B0                     -> __imp__sub_823C69B0
  sub_823C6AA8                     -> __imp__sub_823C6AA8
  sub_823DE028                     -> __imp__sub_823DE028
  sub_823EE808                     -> __imp__sub_823EE808
  sub_823FCD70                     -> __imp__sub_823FCD70
  sub_823FCD88                     -> __imp__sub_823FCD88
  sub_823FCDA0                     -> __imp__sub_823FCDA0
  sub_823FCDA8                     -> __imp__sub_823FCDA8
  sub_823FCDC8                     -> __imp__sub_823FCDC8
  sub_823FCE20                     -> __imp__sub_823FCE20
  sub_823FCE58                     -> __imp__sub_823FCE58
  sub_823FCF68                     -> __imp__sub_823FCF68
  sub_823FCFD0                     -> __imp__sub_823FCFD0
  sub_823FD0D8                     -> __imp__sub_823FD0D8
  sub_823FD358                     -> __imp__sub_823FD358
  sub_823FD618                     -> __imp__sub_823FD618
  sub_823FD620                     -> __imp__sub_823FD620
  sub_823FD880                     -> __imp__sub_823FD880
  sub_823FD8E8                     -> __imp__sub_823FD8E8
  sub_823FDA70                     -> __imp__sub_823FDA70
  sub_823FDB80                     -> __imp__sub_823FDB80
  sub_823FDB88                     -> __imp__sub_823FDB88
  sub_823FDF00                     -> __imp__sub_823FDF00
  sub_823FE110                     -> __imp__sub_823FE110
  sub_823FF2C8                     -> __imp__sub_823FF2C8
  sub_823FF370                     -> __imp__sub_823FF370
  sub_823FF7A8                     -> __imp__sub_823FF7A8
  sub_823FF990                     -> __imp__sub_823FF990
  sub_823FFA18                     -> __imp__sub_823FFA18
  sub_823FFB88                     -> __imp__sub_823FFB88
  sub_823FFD60                     -> __imp__sub_823FFD60
  sub_823FFF60                     -> __imp__sub_823FFF60
  sub_82400230                     -> __imp__sub_82400230
  sub_824003C0                     -> __imp__sub_824003C0
  sub_82400510                     -> __imp__sub_82400510
  sub_82400E20                     -> __imp__sub_82400E20
  sub_82400E88                     -> __imp__sub_82400E88
  sub_824015C0                     -> __imp__sub_824015C0
  sub_82401918                     -> __imp__sub_82401918
  sub_82401968                     -> __imp__sub_82401968
  sub_82401DC8                     -> __imp__sub_82401DC8
  sub_82401ED0                     -> __imp__sub_82401ED0
  sub_824020E8                     -> __imp__sub_824020E8
  sub_82402360                     -> __imp__sub_82402360
  sub_824023B8                     -> __imp__sub_824023B8
  sub_82402FB8                     -> __imp__sub_82402FB8
  sub_82402FF8                     -> __imp__sub_82402FF8
  sub_824030D0                     -> __imp__sub_824030D0
  sub_82403228                     -> __imp__sub_82403228
  sub_82403428                     -> __imp__sub_82403428
  sub_82403520                     -> __imp__sub_82403520
  sub_824037A0                     -> __imp__sub_824037A0
  sub_824037F0                     -> __imp__sub_824037F0
  sub_82403840                     -> __imp__sub_82403840
  sub_82403980                     -> __imp__sub_82403980
  sub_82403A90                     -> __imp__sub_82403A90
  sub_82403C00                     -> __imp__sub_82403C00
  sub_82403C98                     -> __imp__sub_82403C98
  sub_82403D78                     -> __imp__sub_82403D78
  sub_82403DE0                     -> __imp__sub_82403DE0
  sub_82404168                     -> __imp__sub_82404168
  sub_824041D8                     -> __imp__sub_824041D8
  sub_824043D8                     -> __imp__sub_824043D8
  sub_82404528                     -> __imp__sub_82404528
  sub_82404710                     -> __imp__sub_82404710
  sub_824047F0                     -> __imp__sub_824047F0
  sub_82404940                     -> __imp__sub_82404940
  sub_82404AD0                     -> __imp__sub_82404AD0
  sub_82404EF8                     -> __imp__sub_82404EF8
  sub_824051B8                     -> __imp__sub_824051B8
  sub_824052B0                     -> __imp__sub_824052B0
  sub_824058E8                     -> __imp__sub_824058E8
  sub_82405B80                     -> __imp__sub_82405B80
  sub_82405CB0                     -> __imp__sub_82405CB0
  sub_82405ED0                     -> __imp__sub_82405ED0
  sub_82405FE0                     -> __imp__sub_82405FE0
  sub_824061E8                     -> __imp__sub_824061E8
  sub_824065F0                     -> __imp__sub_824065F0
  sub_82406658                     -> __imp__sub_82406658
  sub_824066D0                     -> __imp__sub_824066D0
  sub_82406C40                     -> __imp__sub_82406C40
  sub_82406CC8                     -> __imp__sub_82406CC8
  sub_824070D8                     -> __imp__sub_824070D8
  sub_824070FC                     -> __imp__sub_824070FC
  sub_8240712C                     -> __imp__sub_8240712C
  sub_82407134                     -> __imp__sub_82407134
  sub_8240713C                     -> __imp__sub_8240713C
  sub_82407154                     -> __imp__sub_82407154
  sub_82407168                     -> __imp__sub_82407168
  sub_8240717C                     -> __imp__sub_8240717C
  sub_82407198                     -> __imp__sub_82407198
  sub_82407238                     -> __imp__sub_82407238
  sub_82407318                     -> __imp__sub_82407318
  sub_82407388                     -> __imp__sub_82407388
  sub_82407418                     -> __imp__sub_82407418
  sub_82407528                     -> __imp__sub_82407528
  sub_824077B8                     -> __imp__sub_824077B8
  sub_82407870                     -> __imp__sub_82407870
  sub_824078C0                     -> __imp__sub_824078C0
  sub_82407998                     -> __imp__sub_82407998
  sub_82407A10                     -> __imp__sub_82407A10
  sub_82407B20                     -> __imp__sub_82407B20
  sub_82407C70                     -> __imp__sub_82407C70
  sub_82407CF8                     -> __imp__sub_82407CF8
  sub_824080A8                     -> __imp__sub_824080A8
  sub_82408278                     -> __imp__sub_82408278
  sub_824082C8                     -> __imp__sub_824082C8
  sub_824085B0                     -> __imp__sub_824085B0
  sub_82408640                     -> __imp__sub_82408640
  sub_824086D8                     -> __imp__sub_824086D8
  sub_824088A8                     -> __imp__sub_824088A8
  sub_82408910                     -> __imp__sub_82408910
  sub_82408C58                     -> __imp__sub_82408C58
  sub_82408D38                     -> __imp__sub_82408D38
  sub_82408DA8                     -> __imp__sub_82408DA8
  sub_82408DC0                     -> __imp__sub_82408DC0
  sub_82408DF8                     -> __imp__sub_82408DF8
  sub_82408E88                     -> __imp__sub_82408E88
  sub_82408F78                     -> __imp__sub_82408F78
  sub_82409068                     -> __imp__sub_82409068
  sub_82409108                     -> __imp__sub_82409108
  sub_82409198                     -> __imp__sub_82409198
  sub_824092D8                     -> __imp__sub_824092D8
  sub_824095D8                     -> __imp__sub_824095D8
  sub_82409760                     -> __imp__sub_82409760
  sub_82409808                     -> __imp__sub_82409808
  sub_82409BE8                     -> __imp__sub_82409BE8
  sub_82409D30                     -> __imp__sub_82409D30
  sub_82409E00                     -> __imp__sub_82409E00
  sub_82409ED0                     -> __imp__sub_82409ED0
  sub_82409FA0                     -> __imp__sub_82409FA0
  sub_8240A080                     -> __imp__sub_8240A080
  sub_8240A668                     -> __imp__sub_8240A668
  sub_8240A8F0                     -> __imp__sub_8240A8F0
  sub_8240AFD0                     -> __imp__sub_8240AFD0
  sub_8240B060                     -> __imp__sub_8240B060
  sub_8240B150                     -> __imp__sub_8240B150
  sub_8240B250                     -> __imp__sub_8240B250
  sub_8240B2D8                     -> __imp__sub_8240B2D8
  sub_8240B358                     -> __imp__sub_8240B358
  sub_8240B4D0                     -> __imp__sub_8240B4D0
  sub_8240B5D8                     -> __imp__sub_8240B5D8
  sub_8240B780                     -> __imp__sub_8240B780
  sub_8240B900                     -> __imp__sub_8240B900
  sub_8240BB00                     -> __imp__sub_8240BB00
  sub_8240BBE8                     -> __imp__sub_8240BBE8
  sub_8240BE58                     -> __imp__sub_8240BE58
  sub_8240BF40                     -> __imp__sub_8240BF40
  sub_8240BF88                     -> __imp__sub_8240BF88
  sub_8240BFD8                     -> __imp__sub_8240BFD8
  sub_8240C080                     -> __imp__sub_8240C080
  sub_8240C098                     -> __imp__sub_8240C098
  sub_8240C1C8                     -> __imp__sub_8240C1C8
  sub_8240C250                     -> __imp__sub_8240C250
  sub_8240C3B0                     -> __imp__sub_8240C3B0
  sub_8240C438                     -> __imp__sub_8240C438
  sub_8240C5D0                     -> __imp__sub_8240C5D0
  sub_8240C5D8                     -> __imp__sub_8240C5D8
  sub_8240C6B8                     -> __imp__sub_8240C6B8
  sub_8240C738                     -> __imp__sub_8240C738
  sub_8240C890                     -> __imp__sub_8240C890
  sub_8240C908                     -> __imp__sub_8240C908
  sub_8240CA78                     -> __imp__sub_8240CA78
  sub_8240CC28                     -> __imp__sub_8240CC28
  sub_8240CE30                     -> __imp__sub_8240CE30
  sub_8240CEE0                     -> __imp__sub_8240CEE0
  sub_8240D188                     -> __imp__sub_8240D188
  sub_8240D290                     -> __imp__sub_8240D290
  sub_8240D320                     -> __imp__sub_8240D320
  sub_8240D398                     -> __imp__sub_8240D398
  sub_8240DB88                     -> __imp__sub_8240DB88
  sub_8240DDA8                     -> __imp__sub_8240DDA8
  sub_8240DDC0                     -> __imp__sub_8240DDC0
  sub_8240DF38                     -> __imp__sub_8240DF38
  sub_8240E058                     -> __imp__sub_8240E058
  sub_8240E0F0                     -> __imp__sub_8240E0F0
  sub_8240E1B8                     -> __imp__sub_8240E1B8
  sub_8240E220                     -> __imp__sub_8240E220
  sub_8240E260                     -> __imp__sub_8240E260
  sub_8240E2E0                     -> __imp__sub_8240E2E0
  sub_8240E350                     -> __imp__sub_8240E350
  sub_8240E778                     -> __imp__sub_8240E778
  sub_8240E8C0                     -> __imp__sub_8240E8C0
  sub_8240E918                     -> __imp__sub_8240E918
  sub_8240E9F8                     -> __imp__sub_8240E9F8
  sub_8240EA58                     -> __imp__sub_8240EA58
  sub_8240EAD8                     -> __imp__sub_8240EAD8
  sub_8240EB80                     -> __imp__sub_8240EB80
  sub_8240EC70                     -> __imp__sub_8240EC70
  sub_8240ED98                     -> __imp__sub_8240ED98
  sub_8240EF78                     -> __imp__sub_8240EF78
  sub_8240F0D8                     -> __imp__sub_8240F0D8
  sub_8240F1D8                     -> __imp__sub_8240F1D8
  sub_8240F450                     -> __imp__sub_8240F450
  sub_8240F5E8                     -> __imp__sub_8240F5E8
  sub_8240F650                     -> __imp__sub_8240F650
  sub_82410020                     -> __imp__sub_82410020
  sub_82410460                     -> __imp__sub_82410460
  sub_82410620                     -> __imp__sub_82410620
  sub_824106C8                     -> __imp__sub_824106C8
  sub_824106D8                     -> __imp__sub_824106D8
  sub_82410728                     -> __imp__sub_82410728
  sub_82410838                     -> __imp__sub_82410838
  sub_82410998                     -> __imp__sub_82410998
  sub_824109D0                     -> __imp__sub_824109D0
  sub_82410A70                     -> __imp__sub_82410A70
  sub_82410AA8                     -> __imp__sub_82410AA8
  sub_82410C10                     -> __imp__sub_82410C10
  sub_82410C38                     -> __imp__sub_82410C38
  sub_82410C98                     -> __imp__sub_82410C98
  sub_82410CF8                     -> __imp__sub_82410CF8
  sub_82410E10                     -> __imp__sub_82410E10
  sub_82410E90                     -> __imp__sub_82410E90
  sub_82410EA8                     -> __imp__sub_82410EA8
  sub_82410F50                     -> __imp__sub_82410F50
  sub_82410F88                     -> __imp__sub_82410F88
  sub_82410F90                     -> __imp__sub_82410F90
  sub_82410F98                     -> __imp__sub_82410F98
  sub_82410FD0                     -> __imp__sub_82410FD0
  sub_82410FF8                     -> __imp__sub_82410FF8
  sub_82411028                     -> __imp__sub_82411028
  sub_82411058                     -> __imp__sub_82411058
  sub_824111B0                     -> __imp__sub_824111B0
  sub_824111B8                     -> __imp__sub_824111B8
  sub_824111C0                     -> __imp__sub_824111C0
  sub_824111F8                     -> __imp__sub_824111F8
  sub_824112A0                     -> __imp__sub_824112A0
  sub_82411580                     -> __imp__sub_82411580
  sub_82411598                     -> __imp__sub_82411598
  sub_824115C0                     -> __imp__sub_824115C0
  sub_824115D8                     -> __imp__sub_824115D8
  sub_82411600                     -> __imp__sub_82411600
  sub_82411658                     -> __imp__sub_82411658
  sub_824116D0                     -> __imp__sub_824116D0
  sub_82411860                     -> __imp__sub_82411860
  sub_82411A58                     -> __imp__sub_82411A58
  sub_82412260                     -> __imp__sub_82412260
  sub_824123D8                     -> __imp__sub_824123D8
  sub_82412470                     -> __imp__sub_82412470
  sub_82412778                     -> __imp__sub_82412778
  sub_82412978                     -> __imp__sub_82412978
  sub_82412A70                     -> __imp__sub_82412A70
  sub_82413140                     -> __imp__sub_82413140
  sub_824131E0                     -> __imp__sub_824131E0
  sub_824133C8                     -> __imp__sub_824133C8
  sub_82413628                     -> __imp__sub_82413628
  sub_824138F8                     -> __imp__sub_824138F8
  sub_82413A08                     -> __imp__sub_82413A08
  sub_82413AB8                     -> __imp__sub_82413AB8
  sub_82413AF8                     -> __imp__sub_82413AF8
  sub_82413D18                     -> __imp__sub_82413D18
  sub_82413E10                     -> __imp__sub_82413E10
  sub_82413E38                     -> __imp__sub_82413E38
  sub_82413F70                     -> __imp__sub_82413F70
  sub_824140B0                     -> __imp__sub_824140B0
  sub_82414408                     -> __imp__sub_82414408
  sub_824145C8                     -> __imp__sub_824145C8
  sub_82414870                     -> __imp__sub_82414870
  sub_82414988                     -> __imp__sub_82414988
  sub_824149F8                     -> __imp__sub_824149F8
  sub_82414A58                     -> __imp__sub_82414A58
  sub_82414AC8                     -> __imp__sub_82414AC8
  sub_82414B70                     -> __imp__sub_82414B70
  sub_82414BE0                     -> __imp__sub_82414BE0
  sub_82414C28                     -> __imp__sub_82414C28
  sub_82414C90                     -> __imp__sub_82414C90
  sub_82414D08                     -> __imp__sub_82414D08
  sub_82414D38                     -> __imp__sub_82414D38
  sub_82414D60                     -> __imp__sub_82414D60
  sub_82414E00                     -> __imp__sub_82414E00
  sub_82414EB0                     -> __imp__sub_82414EB0
  sub_82414F78                     -> __imp__sub_82414F78
  sub_82415000                     -> __imp__sub_82415000
  sub_824150B0                     -> __imp__sub_824150B0
  sub_82415178                     -> __imp__sub_82415178
  sub_824151A0                     -> __imp__sub_824151A0
  sub_824153A8                     -> __imp__sub_824153A8
  sub_82415580                     -> __imp__sub_82415580
  sub_82415728                     -> __imp__sub_82415728
  sub_824158C8                     -> __imp__sub_824158C8
  sub_82415A38                     -> __imp__sub_82415A38
  sub_82415AA8                     -> __imp__sub_82415AA8
  sub_82415AD8                     -> __imp__sub_82415AD8
  sub_82415E48                     -> __imp__sub_82415E48
  sub_82415F10                     -> __imp__sub_82415F10
  sub_82415F88                     -> __imp__sub_82415F88
  sub_82416098                     -> __imp__sub_82416098
  sub_82416688                     -> __imp__sub_82416688
  sub_82416780                     -> __imp__sub_82416780
  sub_824167E8                     -> __imp__sub_824167E8
  sub_82416868                     -> __imp__sub_82416868
  sub_82416900                     -> __imp__sub_82416900
  sub_82416940                     -> __imp__sub_82416940
  sub_824169D0                     -> __imp__sub_824169D0
  sub_82416A80                     -> __imp__sub_82416A80
  sub_82416BF8                     -> __imp__sub_82416BF8
  sub_82416E28                     -> __imp__sub_82416E28
  sub_82416E78                     -> __imp__sub_82416E78
  sub_82416EC0                     -> __imp__sub_82416EC0
  sub_82416F78                     -> __imp__sub_82416F78
  sub_82416FC8                     -> __imp__sub_82416FC8
  sub_824171D0                     -> __imp__sub_824171D0
  sub_824173B8                     -> __imp__sub_824173B8
  sub_82417458                     -> __imp__sub_82417458
  sub_824174E0                     -> __imp__sub_824174E0
  sub_824175B0                     -> __imp__sub_824175B0
  sub_82417690                     -> __imp__sub_82417690
  sub_82417700                     -> __imp__sub_82417700
  sub_82417800                     -> __imp__sub_82417800
  sub_82417858                     -> __imp__sub_82417858
  sub_824178C8                     -> __imp__sub_824178C8
  sub_82417910                     -> __imp__sub_82417910
  sub_82417AB0                     -> __imp__sub_82417AB0
  sub_82417C90                     -> __imp__sub_82417C90
  sub_82417E28                     -> __imp__sub_82417E28
  sub_82418040                     -> __imp__sub_82418040
  sub_82418148                     -> __imp__sub_82418148
  sub_824182A0                     -> __imp__sub_824182A0
  sub_82418428                     -> __imp__sub_82418428
  sub_82418790                     -> __imp__sub_82418790
  sub_82418818                     -> __imp__sub_82418818
  sub_82418820                     -> __imp__sub_82418820
  sub_82418850                     -> __imp__sub_82418850
  sub_82418878                     -> __imp__sub_82418878
  sub_82418940                     -> __imp__sub_82418940
  sub_824189F8                     -> __imp__sub_824189F8
  sub_82418AF0                     -> __imp__sub_82418AF0
  sub_82418DF8                     -> __imp__sub_82418DF8
  sub_82418F48                     -> __imp__sub_82418F48
  sub_82418FB8                     -> __imp__sub_82418FB8
  sub_82419018                     -> __imp__sub_82419018
  sub_824191A8                     -> __imp__sub_824191A8
  sub_82419210                     -> __imp__sub_82419210
  sub_82419230                     -> __imp__sub_82419230
  sub_82419290                     -> __imp__sub_82419290
  sub_824197E8                     -> __imp__sub_824197E8
  sub_82419948                     -> __imp__sub_82419948
  sub_82419A70                     -> __imp__sub_82419A70
  sub_82419AE0                     -> __imp__sub_82419AE0
  sub_82419C10                     -> __imp__sub_82419C10
  sub_82419C78                     -> __imp__sub_82419C78
  sub_82419D28                     -> __imp__sub_82419D28
  sub_82419D90                     -> __imp__sub_82419D90
  sub_8241A138                     -> __imp__sub_8241A138
  sub_8241A258                     -> __imp__sub_8241A258
  sub_8241A280                     -> __imp__sub_8241A280
  sub_8241A328                     -> __imp__sub_8241A328
  sub_8241A658                     -> __imp__sub_8241A658
  sub_8241A750                     -> __imp__sub_8241A750
  sub_8241A8F0                     -> __imp__sub_8241A8F0
  sub_8241A950                     -> __imp__sub_8241A950
  sub_8241A990                     -> __imp__sub_8241A990
  sub_8241A9E0                     -> __imp__sub_8241A9E0
  sub_8241AAB0                     -> __imp__sub_8241AAB0
  sub_8241AB30                     -> __imp__sub_8241AB30
  sub_8241AC78                     -> __imp__sub_8241AC78
  sub_8241AD10                     -> __imp__sub_8241AD10
  sub_8241AE90                     -> __imp__sub_8241AE90
  sub_8241AEF0                     -> __imp__sub_8241AEF0
  sub_8241AF80                     -> __imp__sub_8241AF80
  sub_8241B028                     -> __imp__sub_8241B028
  sub_8241B138                     -> __imp__sub_8241B138
  sub_8241B278                     -> __imp__sub_8241B278
  sub_8241B398                     -> __imp__sub_8241B398
  sub_8241B3A8                     -> __imp__sub_8241B3A8
  sub_8241B448                     -> __imp__sub_8241B448
  sub_8241B4E8                     -> __imp__sub_8241B4E8
  sub_8241C6D0                     -> __imp__sub_8241C6D0
  sub_8241C728                     -> __imp__sub_8241C728
  sub_8241C868                     -> __imp__sub_8241C868
  sub_8241C920                     -> __imp__sub_8241C920
  sub_8241CAA8                     -> __imp__sub_8241CAA8
  sub_8241CC88                     -> __imp__sub_8241CC88
  sub_8241CDD0                     -> __imp__sub_8241CDD0
  sub_8241CE78                     -> __imp__sub_8241CE78
  sub_8241CF28                     -> __imp__sub_8241CF28
  sub_8241DD10                     -> __imp__sub_8241DD10
  sub_8241DD58                     -> __imp__sub_8241DD58
  sub_8241DD90                     -> __imp__sub_8241DD90
  sub_8241DE28                     -> __imp__sub_8241DE28
  sub_8241E010                     -> __imp__sub_8241E010
  sub_8241E048                     -> __imp__sub_8241E048
  sub_8241E750                     -> __imp__sub_8241E750
  sub_8241E810                     -> __imp__sub_8241E810
  sub_8241E938                     -> __imp__sub_8241E938
  sub_8241E9C8                     -> __imp__sub_8241E9C8
  sub_8241EA28                     -> __imp__sub_8241EA28
  sub_8241EAA0                     -> __imp__sub_8241EAA0
  sub_8241EAE8                     -> __imp__sub_8241EAE8
  sub_8241EBB0                     -> __imp__sub_8241EBB0
  sub_8241EBE0                     -> __imp__sub_8241EBE0
  sub_8241EBF8                     -> __imp__sub_8241EBF8
  sub_8241EC78                     -> __imp__sub_8241EC78
  sub_8241EC90                     -> __imp__sub_8241EC90
  sub_8241ED88                     -> __imp__sub_8241ED88
  sub_8241EE10                     -> __imp__sub_8241EE10
  sub_8241EF98                     -> __imp__sub_8241EF98
  sub_8241EFE8                     -> __imp__sub_8241EFE8
  sub_8241F038                     -> __imp__sub_8241F038
  sub_8241F090                     -> __imp__sub_8241F090
  sub_8241F0F8                     -> __imp__sub_8241F0F8
  sub_8241F1E0                     -> __imp__sub_8241F1E0
  sub_8241F350                     -> __imp__sub_8241F350
  sub_8241F3C0                     -> __imp__sub_8241F3C0
  sub_8241F648                     -> __imp__sub_8241F648
  sub_8241F698                     -> __imp__sub_8241F698
  sub_8241F790                     -> __imp__sub_8241F790
  sub_8241F8F0                     -> __imp__sub_8241F8F0
  sub_8241FB20                     -> __imp__sub_8241FB20
  sub_8241FF58                     -> __imp__sub_8241FF58
  sub_8241FF98                     -> __imp__sub_8241FF98
  sub_82420080                     -> __imp__sub_82420080
  sub_82420088                     -> __imp__sub_82420088
  sub_82420108                     -> __imp__sub_82420108
  sub_82420178                     -> __imp__sub_82420178
  sub_82420308                     -> __imp__sub_82420308
  sub_82420438                     -> __imp__sub_82420438
  sub_82420740                     -> __imp__sub_82420740
  sub_82420998                     -> __imp__sub_82420998
  sub_824209B0                     -> __imp__sub_824209B0
  sub_824209C0                     -> __imp__sub_824209C0
  sub_824209D0                     -> __imp__sub_824209D0
  sub_824209E8                     -> __imp__sub_824209E8
  sub_82420A08                     -> __imp__sub_82420A08
  sub_82420A20                     -> __imp__sub_82420A20
  sub_82420A38                     -> __imp__sub_82420A38
  sub_82420A50                     -> __imp__sub_82420A50
  sub_82420A68                     -> __imp__sub_82420A68
  sub_82420A78                     -> __imp__sub_82420A78
  sub_82420A90                     -> __imp__sub_82420A90
  sub_82420AD0                     -> __imp__sub_82420AD0
  sub_82420B10                     -> __imp__sub_82420B10
  sub_82420B80                     -> __imp__sub_82420B80
  sub_82420B98                     -> __imp__sub_82420B98
  sub_82420BB8                     -> __imp__sub_82420BB8
  sub_82420BC0                     -> __imp__sub_82420BC0
  sub_82420BC8                     -> __imp__sub_82420BC8
  sub_82420BD0                     -> __imp__sub_82420BD0
  sub_82420C00                     -> __imp__sub_82420C00
  sub_82420C10                     -> __imp__sub_82420C10
  sub_82420C30                     -> __imp__sub_82420C30
  sub_82420C48                     -> __imp__sub_82420C48
  sub_82420C58                     -> __imp__sub_82420C58
  sub_82420C68                     -> __imp__sub_82420C68
  sub_82420C80                     -> __imp__sub_82420C80
  sub_82420C90                     -> __imp__sub_82420C90
  sub_82420CF8                     -> __imp__sub_82420CF8
  sub_82420D10                     -> __imp__sub_82420D10
  sub_82420D20                     -> __imp__sub_82420D20
  sub_82420D30                     -> __imp__sub_82420D30
  sub_82420D38                     -> __imp__sub_82420D38
  sub_82420DD0                     -> __imp__sub_82420DD0
  sub_82420E48                     -> __imp__sub_82420E48
  sub_82420EC0                     -> __imp__sub_82420EC0
  sub_82420F60                     -> __imp__sub_82420F60
  sub_82421048                     -> __imp__sub_82421048
  sub_82421120                     -> __imp__sub_82421120
  sub_824212B0                     -> __imp__sub_824212B0
  sub_82421350                     -> __imp__sub_82421350
  sub_82421400                     -> __imp__sub_82421400
  sub_824214A8                     -> __imp__sub_824214A8
  sub_82421550                     -> __imp__sub_82421550
  sub_824215F8                     -> __imp__sub_824215F8
  sub_824216D0                     -> __imp__sub_824216D0
  sub_82421768                     -> __imp__sub_82421768
  sub_82421818                     -> __imp__sub_82421818
  sub_82421908                     -> __imp__sub_82421908
  sub_824219C8                     -> __imp__sub_824219C8
  sub_82421A18                     -> __imp__sub_82421A18
  sub_82421A48                     -> __imp__sub_82421A48
  sub_82421AA0                     -> __imp__sub_82421AA0
  sub_82421AD0                     -> __imp__sub_82421AD0
  sub_82421B20                     -> __imp__sub_82421B20
  sub_82421E60                     -> __imp__sub_82421E60
  sub_82421EB8                     -> __imp__sub_82421EB8
  sub_82421FC0                     -> __imp__sub_82421FC0
  sub_82422038                     -> __imp__sub_82422038
  sub_824220F8                     -> __imp__sub_824220F8
  sub_824221C0                     -> __imp__sub_824221C0
  sub_82422248                     -> __imp__sub_82422248
  sub_82422A10                     -> __imp__sub_82422A10
  sub_82422A40                     -> __imp__sub_82422A40
  sub_82422A60                     -> __imp__sub_82422A60
  sub_82422A88                     -> __imp__sub_82422A88
  sub_82422AD8                     -> __imp__sub_82422AD8
  sub_82422BB8                     -> __imp__sub_82422BB8
  sub_82422C30                     -> __imp__sub_82422C30
  sub_82422CB0                     -> __imp__sub_82422CB0
  sub_82422D38                     -> __imp__sub_82422D38
  sub_82422DE0                     -> __imp__sub_82422DE0
  sub_82422E18                     -> __imp__sub_82422E18
  sub_82422E70                     -> __imp__sub_82422E70
  sub_82422EA0                     -> __imp__sub_82422EA0
  sub_82422EF0                     -> __imp__sub_82422EF0
  sub_82422EF8                     -> __imp__sub_82422EF8
  sub_82422F78                     -> __imp__sub_82422F78
  sub_82422FC8                     -> __imp__sub_82422FC8
  sub_82423028                     -> __imp__sub_82423028
  sub_82423140                     -> __imp__sub_82423140
  sub_82423230                     -> __imp__sub_82423230
  sub_82423518                     -> __imp__sub_82423518
  sub_82423538                     -> __imp__sub_82423538
  sub_82423558                     -> __imp__sub_82423558
  sub_824235E8                     -> __imp__sub_824235E8
  sub_82423878                     -> __imp__sub_82423878
  sub_824239C8                     -> __imp__sub_824239C8
  sub_824239D0                     -> __imp__sub_824239D0
  sub_824239E8                     -> __imp__sub_824239E8
  sub_82423A28                     -> __imp__sub_82423A28
  sub_82423A78                     -> __imp__sub_82423A78
  sub_82423CF0                     -> __imp__sub_82423CF0
  sub_82423EA8                     -> __imp__sub_82423EA8
  sub_82423F28                     -> __imp__sub_82423F28
  sub_82423FF0                     -> __imp__sub_82423FF0
  sub_82424040                     -> __imp__sub_82424040
  sub_824240F8                     -> __imp__sub_824240F8
  sub_82424258                     -> __imp__sub_82424258
  sub_824248C8                     -> __imp__sub_824248C8
  sub_82425220                     -> __imp__sub_82425220
  sub_82425288                     -> __imp__sub_82425288
  sub_82426D00                     -> __imp__sub_82426D00
  sub_82426EC8                     -> __imp__sub_82426EC8
  sub_82426FC0                     -> __imp__sub_82426FC0
  sub_82427030                     -> __imp__sub_82427030
  sub_82427168                     -> __imp__sub_82427168
  sub_824271A0                     -> __imp__sub_824271A0
  sub_82427258                     -> __imp__sub_82427258
  sub_82427268                     -> __imp__sub_82427268
  sub_82427278                     -> __imp__sub_82427278
  sub_824272A0                     -> __imp__sub_824272A0
  sub_824273F0                     -> __imp__sub_824273F0
  sub_82427420                     -> __imp__sub_82427420
  sub_82427468                     -> __imp__sub_82427468
  sub_82427538                     -> __imp__sub_82427538
  sub_82427818                     -> __imp__sub_82427818
  sub_82427C40                     -> __imp__sub_82427C40
  sub_82428458                     -> __imp__sub_82428458
  sub_824285C0                     -> __imp__sub_824285C0
  sub_824288F8                     -> __imp__sub_824288F8
  sub_82428A38                     -> __imp__sub_82428A38
  sub_824291D8                     -> __imp__sub_824291D8
  sub_82429248                     -> __imp__sub_82429248
  sub_82429360                     -> __imp__sub_82429360
  sub_824293F0                     -> __imp__sub_824293F0
  sub_82429548                     -> __imp__sub_82429548
  sub_82429A10                     -> __imp__sub_82429A10
  sub_82429A88                     -> __imp__sub_82429A88
  sub_82429B50                     -> __imp__sub_82429B50
  sub_82429C18                     -> __imp__sub_82429C18
  sub_82429CE8                     -> __imp__sub_82429CE8
  sub_8242A1C0                     -> __imp__sub_8242A1C0
  sub_8242A5A8                     -> __imp__sub_8242A5A8
  sub_8242A6D0                     -> __imp__sub_8242A6D0
  sub_8242A8B0                     -> __imp__sub_8242A8B0
  sub_8242AA98                     -> __imp__sub_8242AA98
  sub_8242ABF8                     -> __imp__sub_8242ABF8
  sub_8242AC58                     -> __imp__sub_8242AC58
  sub_8242AD28                     -> __imp__sub_8242AD28
  sub_8242ADE0                     -> __imp__sub_8242ADE0
  sub_8242AE40                     -> __imp__sub_8242AE40
  sub_8242B0E8                     -> __imp__sub_8242B0E8
  sub_8242B338                     -> __imp__sub_8242B338
  sub_8242B418                     -> __imp__sub_8242B418
  sub_8242B650                     -> __imp__sub_8242B650
  sub_8242B9E0                     -> __imp__sub_8242B9E0
  sub_8242B9F8                     -> __imp__sub_8242B9F8
  sub_8242BA10                     -> __imp__sub_8242BA10
  sub_8242BA68                     -> __imp__sub_8242BA68
  sub_8242BB48                     -> __imp__sub_8242BB48
  sub_8242BCD0                     -> __imp__sub_8242BCD0
  sub_8242BF18                     -> __imp__sub_8242BF18
  sub_8242C068                     -> __imp__sub_8242C068
  sub_8242C4C4                     -> __imp__sub_8242C4C4
  sub_8242C510                     -> __imp__sub_8242C510
  sub_8242CC78                     -> __imp__sub_8242CC78
  sub_8242DDD8                     -> __imp__sub_8242DDD8
  sub_8242E100                     -> __imp__sub_8242E100
  sub_8242E4C8                     -> __imp__sub_8242E4C8
  sub_8242FC90                     -> __imp__sub_8242FC90
  sub_82430500                     -> __imp__sub_82430500
  sub_82431878                     -> __imp__sub_82431878
  sub_82431920                     -> __imp__sub_82431920
  sub_82431C88                     -> __imp__sub_82431C88
  sub_82433DA0                     -> __imp__sub_82433DA0
  sub_82433E90                     -> __imp__sub_82433E90
  sub_82434608                     -> __imp__sub_82434608
  sub_82434768                     -> __imp__sub_82434768
  sub_82434830                     -> __imp__sub_82434830
  sub_824348A0                     -> __imp__sub_824348A0
  sub_82434AA8                     -> __imp__sub_82434AA8
  sub_82434BC8                     -> __imp__sub_82434BC8
  sub_82434CF8                     -> __imp__sub_82434CF8
  sub_82434ED0                     -> __imp__sub_82434ED0
  sub_82435188                     -> __imp__sub_82435188
  sub_82435AE0                     -> __imp__sub_82435AE0
  sub_82436998                     -> __imp__sub_82436998
  sub_824369E0                     -> __imp__sub_824369E0
  sub_82436F50                     -> __imp__sub_82436F50
  sub_824371A8                     -> __imp__sub_824371A8
  sub_82437558                     -> __imp__sub_82437558
  sub_82437618                     -> __imp__sub_82437618
  sub_824376F0                     -> __imp__sub_824376F0
  sub_82438558                     -> __imp__sub_82438558
  sub_82438B68                     -> __imp__sub_82438B68
  sub_82439768                     -> __imp__sub_82439768
  sub_8243CE50                     -> __imp__sub_8243CE50
  sub_8243D9D8                     -> __imp__sub_8243D9D8
  sub_8243F6D8                     -> __imp__sub_8243F6D8
  sub_8244C040                     -> __imp__sub_8244C040
  sub_8244EB48                     -> __imp__sub_8244EB48
  sub_8244EBA0                     -> __imp__sub_8244EBA0
  sub_8244EC00                     -> __imp__sub_8244EC00
  sub_8244EC48                     -> __imp__sub_8244EC48
  sub_8244EC90                     -> __imp__sub_8244EC90
  sub_8244ECD8                     -> __imp__sub_8244ECD8
  sub_8244EDA0                     -> __imp__sub_8244EDA0
  sub_8244F0F8                     -> __imp__sub_8244F0F8
  sub_8244F1A0                     -> __imp__sub_8244F1A0
  sub_8244F228                     -> __imp__sub_8244F228
  sub_824507E0                     -> __imp__sub_824507E0
  sub_82452BB8                     -> __imp__sub_82452BB8
  sub_82452CD8                     -> __imp__sub_82452CD8
  sub_82452CF0                     -> __imp__sub_82452CF0
  sub_82452D20                     -> __imp__sub_82452D20
  sub_82452D38                     -> __imp__sub_82452D38
  sub_82452E18                     -> __imp__sub_82452E18
  sub_82452E60                     -> __imp__sub_82452E60
  sub_82452F00                     -> __imp__sub_82452F00
  sub_82452F90                     -> __imp__sub_82452F90
  sub_824530B0                     -> __imp__sub_824530B0
  sub_82453628                     -> __imp__sub_82453628
  sub_824536A0                     -> __imp__sub_824536A0
  sub_824537C0                     -> __imp__sub_824537C0
  sub_82453918                     -> __imp__sub_82453918
  sub_82453AB8                     -> __imp__sub_82453AB8
  sub_82454200                     -> __imp__sub_82454200
  sub_82454900                     -> __imp__sub_82454900
  sub_82454988                     -> __imp__sub_82454988
  sub_82454A00                     -> __imp__sub_82454A00
  sub_82454BA8                     -> __imp__sub_82454BA8
  sub_82454C58                     -> __imp__sub_82454C58
  sub_82454D00                     -> __imp__sub_82454D00
  sub_82454DD0                     -> __imp__sub_82454DD0
  sub_82454EA8                     -> __imp__sub_82454EA8
  sub_82455130                     -> __imp__sub_82455130
  sub_824553E8                     -> __imp__sub_824553E8
  sub_82455558                     -> __imp__sub_82455558
  sub_824556B0                     -> __imp__sub_824556B0
  sub_824557C8                     -> __imp__sub_824557C8
  sub_82455960                     -> __imp__sub_82455960
  sub_824559E8                     -> __imp__sub_824559E8
  sub_82455AA0                     -> __imp__sub_82455AA0
  sub_82455AF0                     -> __imp__sub_82455AF0
  sub_82455BD0                     -> __imp__sub_82455BD0
  sub_82455CA0                     -> __imp__sub_82455CA0
  sub_82455F08                     -> __imp__sub_82455F08
  sub_82455F98                     -> __imp__sub_82455F98
  sub_82456020                     -> __imp__sub_82456020
  sub_82456178                     -> __imp__sub_82456178
  sub_82456688                     -> __imp__sub_82456688
  sub_82456950                     -> __imp__sub_82456950
  sub_82456A40                     -> __imp__sub_82456A40
  sub_82456B98                     -> __imp__sub_82456B98
  sub_82456D90                     -> __imp__sub_82456D90
  sub_82456ED8                     -> __imp__sub_82456ED8
  sub_8245D3A8                     -> __imp__sub_8245D3A8
  sub_8245D470                     -> __imp__sub_8245D470
  sub_8245D590                     -> __imp__sub_8245D590
  sub_8245D868                     -> __imp__sub_8245D868
  sub_8245D918                     -> __imp__sub_8245D918
  sub_8245D9C8                     -> __imp__sub_8245D9C8
  sub_8245DA78                     -> __imp__sub_8245DA78
  sub_8245DFA8                     -> __imp__sub_8245DFA8
  sub_8245E0A0                     -> __imp__sub_8245E0A0
  sub_8245E290                     -> __imp__sub_8245E290
  sub_8245E2C0                     -> __imp__sub_8245E2C0
  sub_8245EA00                     -> __imp__sub_8245EA00
  sub_8245EF58                     -> __imp__sub_8245EF58
  sub_8245F508                     -> __imp__sub_8245F508
  sub_8245F5A8                     -> __imp__sub_8245F5A8
  sub_8245F5C8                     -> __imp__sub_8245F5C8
  sub_8245F608                     -> __imp__sub_8245F608
  sub_8245F750                     -> __imp__sub_8245F750
  sub_8245F7F0                     -> __imp__sub_8245F7F0
  sub_8245F8A8                     -> __imp__sub_8245F8A8
  sub_8245F960                     -> __imp__sub_8245F960
  sub_8245FAD8                     -> __imp__sub_8245FAD8
  sub_8245FC90                     -> __imp__sub_8245FC90
  sub_8245FCC0                     -> __imp__sub_8245FCC0
  sub_8245FF60                     -> __imp__sub_8245FF60
  sub_82460228                     -> __imp__sub_82460228
  sub_82460370                     -> __imp__sub_82460370
  sub_824604A8                     -> __imp__sub_824604A8
  sub_82460538                     -> __imp__sub_82460538
  sub_82460620                     -> __imp__sub_82460620
  sub_82460928                     -> __imp__sub_82460928
  sub_824609F8                     -> __imp__sub_824609F8
  sub_82461060                     -> __imp__sub_82461060
  sub_82461658                     -> __imp__sub_82461658
  sub_82461A10                     -> __imp__sub_82461A10
  sub_82461CD0                     -> __imp__sub_82461CD0
  sub_82461E88                     -> __imp__sub_82461E88
  sub_824621C0                     -> __imp__sub_824621C0
  sub_82462250                     -> __imp__sub_82462250
  sub_8246BD28                     -> __imp__sub_8246BD28
  sub_8246C580                     -> __imp__sub_8246C580
  sub_8246C708                     -> __imp__sub_8246C708
  sub_8246CA80                     -> __imp__sub_8246CA80
  sub_8246CD88                     -> __imp__sub_8246CD88
  sub_82474430                     -> __imp__sub_82474430
  sub_824744A8                     -> __imp__sub_824744A8
  sub_82475FD0                     -> __imp__sub_82475FD0
  sub_82476078                     -> __imp__sub_82476078
  sub_82476130                     -> __imp__sub_82476130
  sub_824761B0                     -> __imp__sub_824761B0
  sub_82476360                     -> __imp__sub_82476360
  sub_824763E0                     -> __imp__sub_824763E0
  sub_82476418                     -> __imp__sub_82476418
  sub_824764E8                     -> __imp__sub_824764E8
  sub_82476638                     -> __imp__sub_82476638
  sub_82476838                     -> __imp__sub_82476838
  sub_824768B8                     -> __imp__sub_824768B8
  sub_824769B0                     -> __imp__sub_824769B0
  sub_82476B60                     -> __imp__sub_82476B60
  sub_82476CE0                     -> __imp__sub_82476CE0
  sub_82476DA0                     -> __imp__sub_82476DA0
  sub_82477078                     -> __imp__sub_82477078
  sub_82477328                     -> __imp__sub_82477328
  sub_82477390                     -> __imp__sub_82477390
  sub_82477698                     -> __imp__sub_82477698
  sub_82477910                     -> __imp__sub_82477910
  sub_824779E8                     -> __imp__sub_824779E8
  sub_824781C0                     -> __imp__sub_824781C0
  sub_82478538                     -> __imp__sub_82478538
  sub_82478600                     -> __imp__sub_82478600
  sub_824786F0                     -> __imp__sub_824786F0
  sub_82478B08                     -> __imp__sub_82478B08
  sub_82478C70                     -> __imp__sub_82478C70
  sub_82478CC8                     -> __imp__sub_82478CC8
  sub_82478DA8                     -> __imp__sub_82478DA8
  sub_82478E68                     -> __imp__sub_82478E68
  sub_82479208                     -> __imp__sub_82479208
  sub_82479480                     -> __imp__sub_82479480
  sub_824795C8                     -> __imp__sub_824795C8
  sub_82479868                     -> __imp__sub_82479868
  sub_82479968                     -> __imp__sub_82479968
  sub_82479A00                     -> __imp__sub_82479A00
  sub_82479C88                     -> __imp__sub_82479C88
  sub_82479DE0                     -> __imp__sub_82479DE0
  sub_82479F50                     -> __imp__sub_82479F50
  sub_8247AD10                     -> __imp__sub_8247AD10
  sub_8247B2A8                     -> __imp__sub_8247B2A8
  sub_8247B560                     -> __imp__sub_8247B560
  sub_8247BAA8                     -> __imp__sub_8247BAA8
  sub_8247BDD8                     -> __imp__sub_8247BDD8
  sub_8247C4C0                     -> __imp__sub_8247C4C0
  sub_8247C578                     -> __imp__sub_8247C578
  sub_8247C6C0                     -> __imp__sub_8247C6C0
  sub_8247C850                     -> __imp__sub_8247C850
  sub_8247CC90                     -> __imp__sub_8247CC90
  sub_8247CD78                     -> __imp__sub_8247CD78
  sub_8247E2C0                     -> __imp__sub_8247E2C0
  sub_8247E300                     -> __imp__sub_8247E300
  sub_8247E340                     -> __imp__sub_8247E340
  sub_8247E430                     -> __imp__sub_8247E430
  sub_8247E478                     -> __imp__sub_8247E478
  sub_8247E4D8                     -> __imp__sub_8247E4D8
  sub_8247E5A8                     -> __imp__sub_8247E5A8
  sub_8247E790                     -> __imp__sub_8247E790
  sub_8247EAB8                     -> __imp__sub_8247EAB8
  sub_8247ECD8                     -> __imp__sub_8247ECD8
  sub_8247EF98                     -> __imp__sub_8247EF98
  sub_8247F6C8                     -> __imp__sub_8247F6C8
  sub_8247FB30                     -> __imp__sub_8247FB30
  sub_8247FB90                     -> __imp__sub_8247FB90
  sub_824AFEC8                     -> __imp__sub_824AFEC8
  sub_82564A48                     -> __imp__sub_82564A48
  sub_82564AB0                     -> __imp__sub_82564AB0
  sub_82564B18                     -> __imp__sub_82564B18
  sub_82564B88                     -> __imp__sub_82564B88
  sub_82564BE0                     -> __imp__sub_82564BE0
  sub_82564C38                     -> __imp__sub_82564C38
  sub_82564C90                     -> __imp__sub_82564C90
  sub_82564CE8                     -> __imp__sub_82564CE8
  sub_82564DA0                     -> __imp__sub_82564DA0
  sub_82564F60                     -> __imp__sub_82564F60
  sub_82565050                     -> __imp__sub_82565050
  sub_82565128                     -> __imp__sub_82565128
  sub_82565220                     -> __imp__sub_82565220
  sub_82565228                     -> __imp__sub_82565228
  sub_82565288                     -> __imp__sub_82565288
  sub_82565408                     -> __imp__sub_82565408
  sub_825677B0                     -> __imp__sub_825677B0
  sub_825677D0                     -> __imp__sub_825677D0
  sub_82567E70                     -> __imp__sub_82567E70
  sub_82567ED8                     -> __imp__sub_82567ED8
  sub_825681D8                     -> __imp__sub_825681D8
  sub_82568278                     -> __imp__sub_82568278
  sub_82568510                     -> __imp__sub_82568510
  sub_82568618                     -> __imp__sub_82568618
  sub_82568950                     -> __imp__sub_82568950
  sub_82568A78                     -> __imp__sub_82568A78
  sub_82568D50                     -> __imp__sub_82568D50
  sub_82568E50                     -> __imp__sub_82568E50
  sub_82568EF8                     -> __imp__sub_82568EF8
  sub_82568F80                     -> __imp__sub_82568F80
  sub_825691B0                     -> __imp__sub_825691B0
  sub_82569218                     -> __imp__sub_82569218
  sub_82569358                     -> __imp__sub_82569358
  sub_8256E630                     -> __imp__sub_8256E630
  sub_8256E6B0                     -> __imp__sub_8256E6B0
  sub_8256E7C0                     -> __imp__sub_8256E7C0
  sub_8256E8E8                     -> __imp__sub_8256E8E8
  sub_8256E900                     -> __imp__sub_8256E900
  sub_8256E958                     -> __imp__sub_8256E958
  sub_8256F4A0                     -> __imp__sub_8256F4A0
  sub_8256F550                     -> __imp__sub_8256F550
  sub_8256F5F0                     -> __imp__sub_8256F5F0
  sub_8256F6A0                     -> __imp__sub_8256F6A0
  sub_8256F6E0                     -> __imp__sub_8256F6E0
  sub_8256F730                     -> __imp__sub_8256F730
  sub_8256F7E8                     -> __imp__sub_8256F7E8
  sub_8256FFD8                     -> __imp__sub_8256FFD8
  sub_8256FFF0                     -> __imp__sub_8256FFF0
  sub_825701A0                     -> __imp__sub_825701A0
  sub_82570450                     -> __imp__sub_82570450
  sub_82570550                     -> __imp__sub_82570550
  sub_82570730                     -> __imp__sub_82570730
  sub_82570D78                     -> __imp__sub_82570D78
  sub_82585070                     -> __imp__sub_82585070
  sub_825863C0                     -> __imp__sub_825863C0
  sub_82586448                     -> __imp__sub_82586448
  sub_82586598                     -> __imp__sub_82586598
  sub_82586600                     -> __imp__sub_82586600
  sub_825866B8                     -> __imp__sub_825866B8
  sub_82586728                     -> __imp__sub_82586728
  sub_82586790                     -> __imp__sub_82586790
  sub_82586800                     -> __imp__sub_82586800
  sub_825868D8                     -> __imp__sub_825868D8
  sub_82586C18                     -> __imp__sub_82586C18
  sub_82586DC0                     -> __imp__sub_82586DC0
  sub_82586E28                     -> __imp__sub_82586E28
  sub_82586EF0                     -> __imp__sub_82586EF0
  sub_82586FC0                     -> __imp__sub_82586FC0
  sub_82587208                     -> __imp__sub_82587208
  sub_82587298                     -> __imp__sub_82587298
  sub_825872A0                     -> __imp__sub_825872A0
  sub_82587330                     -> __imp__sub_82587330
  sub_82587338                     -> __imp__sub_82587338
  sub_825873A8                     -> __imp__sub_825873A8
  sub_82587430                     -> __imp__sub_82587430
  sub_825874A0                     -> __imp__sub_825874A0
  sub_82587570                     -> __imp__sub_82587570
  sub_82587578                     -> __imp__sub_82587578
  sub_82587790                     -> __imp__sub_82587790
  sub_82587A88                     -> __imp__sub_82587A88
  sub_82587C00                     -> __imp__sub_82587C00
  sub_82587C18                     -> __imp__sub_82587C18
  sub_82587D00                     -> __imp__sub_82587D00
  sub_82587DB0                     -> __imp__sub_82587DB0
  sub_82587E70                     -> __imp__sub_82587E70
  sub_82587F28                     -> __imp__sub_82587F28
  sub_82588030                     -> __imp__sub_82588030
  sub_82588170                     -> __imp__sub_82588170
  sub_825881E0                     -> __imp__sub_825881E0
  sub_82588348                     -> __imp__sub_82588348
  sub_825884E0                     -> __imp__sub_825884E0
  sub_825885E8                     -> __imp__sub_825885E8
  sub_825885F8                     -> __imp__sub_825885F8
  sub_82588658                     -> __imp__sub_82588658
  sub_825886B8                     -> __imp__sub_825886B8
  sub_82588718                     -> __imp__sub_82588718
  sub_82588808                     -> __imp__sub_82588808
  sub_82588848                     -> __imp__sub_82588848
  sub_82588940                     -> __imp__sub_82588940
  sub_825889E8                     -> __imp__sub_825889E8
  sub_82588AF8                     -> __imp__sub_82588AF8
  sub_82588B88                     -> __imp__sub_82588B88
  sub_82588C80                     -> __imp__sub_82588C80
  sub_82588CD8                     -> __imp__sub_82588CD8
  sub_82588D98                     -> __imp__sub_82588D98
  sub_82588E00                     -> __imp__sub_82588E00
  sub_82588ED8                     -> __imp__sub_82588ED8
  sub_82588F50                     -> __imp__sub_82588F50
  sub_82589098                     -> __imp__sub_82589098
  sub_82589140                     -> __imp__sub_82589140
  sub_825892D0                     -> __imp__sub_825892D0
  sub_825892E0                     -> __imp__sub_825892E0
  sub_825893B0                     -> __imp__sub_825893B0
  sub_82589448                     -> __imp__sub_82589448
  sub_82589578                     -> __imp__sub_82589578
  sub_825895B8                     -> __imp__sub_825895B8
  sub_82589630                     -> __imp__sub_82589630
  sub_82589658                     -> __imp__sub_82589658
  sub_82589708                     -> __imp__sub_82589708
  sub_82589760                     -> __imp__sub_82589760
  sub_825897F0                     -> __imp__sub_825897F0
  sub_82589898                     -> __imp__sub_82589898
  sub_82589920                     -> __imp__sub_82589920
  sub_82589930                     -> __imp__sub_82589930
  sub_82589990                     -> __imp__sub_82589990
  sub_825899D8                     -> __imp__sub_825899D8
  sub_82589AD8                     -> __imp__sub_82589AD8
  sub_82589BC8                     -> __imp__sub_82589BC8
  sub_82589CA8                     -> __imp__sub_82589CA8
  sub_82589CC0                     -> __imp__sub_82589CC0
  sub_82589D98                     -> __imp__sub_82589D98
  sub_8258A068                     -> __imp__sub_8258A068
  sub_8258A1F8                     -> __imp__sub_8258A1F8
  sub_8258A418                     -> __imp__sub_8258A418
  sub_8258A4A8                     -> __imp__sub_8258A4A8
  sub_8258A560                     -> __imp__sub_8258A560
  sub_8258A598                     -> __imp__sub_8258A598
  sub_8258A600                     -> __imp__sub_8258A600
  sub_8258A658                     -> __imp__sub_8258A658
  sub_8258A678                     -> __imp__sub_8258A678
  sub_8258A718                     -> __imp__sub_8258A718
  sub_8258B038                     -> __imp__sub_8258B038
  sub_8258B590                     -> __imp__sub_8258B590
  sub_8258B610                     -> __imp__sub_8258B610
  sub_8258C328                     -> __imp__sub_8258C328
  sub_8258C350                     -> __imp__sub_8258C350
  sub_8258C478                     -> __imp__sub_8258C478
  sub_8258C5A8                     -> __imp__sub_8258C5A8
  sub_8258C650                     -> __imp__sub_8258C650
  sub_8258C738                     -> __imp__sub_8258C738
  sub_8258C758                     -> __imp__sub_8258C758
  sub_8258C7D8                     -> __imp__sub_8258C7D8
  sub_8258C878                     -> __imp__sub_8258C878
  sub_8258C8D8                     -> __imp__sub_8258C8D8
  sub_8258C960                     -> __imp__sub_8258C960
  sub_8258CA20                     -> __imp__sub_8258CA20
  sub_8258CB10                     -> __imp__sub_8258CB10
  sub_8258CBD8                     -> __imp__sub_8258CBD8
  sub_8258CD00                     -> __imp__sub_8258CD00
  sub_8258CDD0                     -> __imp__sub_8258CDD0
  sub_8258CEA0                     -> __imp__sub_8258CEA0
  sub_8258D470                     -> __imp__sub_8258D470
  sub_8258D8C8                     -> __imp__sub_8258D8C8
  sub_8258DB70                     -> __imp__sub_8258DB70
  sub_8258DB80                     -> __imp__sub_8258DB80
  sub_8258DE38                     -> __imp__sub_8258DE38
  sub_8258E090                     -> __imp__sub_8258E090
  sub_8258E118                     -> __imp__sub_8258E118
  sub_8258E188                     -> __imp__sub_8258E188
  sub_8258E1F8                     -> __imp__sub_8258E1F8
  sub_8258E220                     -> __imp__sub_8258E220
  sub_8258E2D8                     -> __imp__sub_8258E2D8
  sub_8258E360                     -> __imp__sub_8258E360
  sub_8258E3B8                     -> __imp__sub_8258E3B8
  sub_8258E3E8                     -> __imp__sub_8258E3E8
  sub_8258E3F0                     -> __imp__sub_8258E3F0
  sub_8258E470                     -> __imp__sub_8258E470
  sub_8258E4C8                     -> __imp__sub_8258E4C8
  sub_8258E7D8                     -> __imp__sub_8258E7D8
  sub_8258E8D0                     -> __imp__sub_8258E8D0
  sub_8258E938                     -> __imp__sub_8258E938
  sub_8258EAA8                     -> __imp__sub_8258EAA8
  sub_8258EB00                     -> __imp__sub_8258EB00
  sub_8258EC78                     -> __imp__sub_8258EC78
  sub_8258ECE8                     -> __imp__sub_8258ECE8
  sub_8258ED58                     -> __imp__sub_8258ED58
  sub_8258EE60                     -> __imp__sub_8258EE60
  sub_8258EEC0                     -> __imp__sub_8258EEC0
  sub_8258EF80                     -> __imp__sub_8258EF80
  sub_8258EFD8                     -> __imp__sub_8258EFD8
  sub_8258F040                     -> __imp__sub_8258F040
  sub_8258F0C8                     -> __imp__sub_8258F0C8
  sub_8258F138                     -> __imp__sub_8258F138
  sub_8258F1A8                     -> __imp__sub_8258F1A8
  sub_8258F258                     -> __imp__sub_8258F258
  sub_8258F378                     -> __imp__sub_8258F378
  sub_8258F590                     -> __imp__sub_8258F590
  sub_8258F660                     -> __imp__sub_8258F660
  sub_8258F768                     -> __imp__sub_8258F768
  sub_8258F798                     -> __imp__sub_8258F798
  sub_8258F810                     -> __imp__sub_8258F810
  sub_8258FA90                     -> __imp__sub_8258FA90
  sub_8258FB78                     -> __imp__sub_8258FB78
  sub_8258FC28                     -> __imp__sub_8258FC28
  sub_8258FCA0                     -> __imp__sub_8258FCA0
  sub_8258FD18                     -> __imp__sub_8258FD18
  sub_8258FDB8                     -> __imp__sub_8258FDB8
  sub_8258FE40                     -> __imp__sub_8258FE40
  sub_8258FE90                     -> __imp__sub_8258FE90
  sub_8258FEB8                     -> __imp__sub_8258FEB8
  sub_8258FF80                     -> __imp__sub_8258FF80
  sub_82590030                     -> __imp__sub_82590030
  sub_82590AF8                     -> __imp__sub_82590AF8
  sub_82590B00                     -> __imp__sub_82590B00
  sub_82590B78                     -> __imp__sub_82590B78
  sub_82591180                     -> __imp__sub_82591180
  sub_82591298                     -> __imp__sub_82591298
  sub_82591310                     -> __imp__sub_82591310
  sub_82591388                     -> __imp__sub_82591388
  sub_82591690                     -> __imp__sub_82591690
  sub_825916E8                     -> __imp__sub_825916E8
  sub_82591798                     -> __imp__sub_82591798
  sub_82591890                     -> __imp__sub_82591890
  sub_82591948                     -> __imp__sub_82591948
  sub_825932E0                     -> __imp__sub_825932E0
  sub_825944D0                     -> __imp__sub_825944D0
  sub_825946C0                     -> __imp__sub_825946C0
  sub_82594858                     -> __imp__sub_82594858
  sub_82594928                     -> __imp__sub_82594928
  sub_825949A8                     -> __imp__sub_825949A8
  sub_82594A68                     -> __imp__sub_82594A68
  sub_82594FA8                     -> __imp__sub_82594FA8
  sub_825950A8                     -> __imp__sub_825950A8
  sub_82595140                     -> __imp__sub_82595140
  sub_8259B188                     -> __imp__sub_8259B188
  sub_8259B2F0                     -> __imp__sub_8259B2F0
  sub_8259B350                     -> __imp__sub_8259B350
  sub_8259B3A0                     -> __imp__sub_8259B3A0
  sub_8259B430                     -> __imp__sub_8259B430
  sub_8259B4B0                     -> __imp__sub_8259B4B0
  sub_8259B530                     -> __imp__sub_8259B530
  sub_8259B5B0                     -> __imp__sub_8259B5B0
  sub_8259B658                     -> __imp__sub_8259B658
  sub_8259B728                     -> __imp__sub_8259B728
  sub_8259B748                     -> __imp__sub_8259B748
  sub_8259B758                     -> __imp__sub_8259B758
  sub_8259B798                     -> __imp__sub_8259B798
  sub_8259B7A8                     -> __imp__sub_8259B7A8
  sub_8259B7E8                     -> __imp__sub_8259B7E8
  sub_8259B800                     -> __imp__sub_8259B800
  sub_8259B810                     -> __imp__sub_8259B810
  sub_8259B878                     -> __imp__sub_8259B878
  sub_8259B888                     -> __imp__sub_8259B888
  sub_8259B890                     -> __imp__sub_8259B890
  sub_8259B968                     -> __imp__sub_8259B968
  sub_8259BA20                     -> __imp__sub_8259BA20
  sub_8259BAB8                     -> __imp__sub_8259BAB8
  sub_8259BC08                     -> __imp__sub_8259BC08
  sub_8259BC88                     -> __imp__sub_8259BC88
  sub_8259BDF0                     -> __imp__sub_8259BDF0
  sub_8259BE20                     -> __imp__sub_8259BE20
  sub_8259C100                     -> __imp__sub_8259C100
  sub_8259C108                     -> __imp__sub_8259C108
  sub_8259C110                     -> __imp__sub_8259C110
  sub_8259C1F8                     -> __imp__sub_8259C1F8
  sub_8259C328                     -> __imp__sub_8259C328
  sub_8259C400                     -> __imp__sub_8259C400
  sub_8259C4D8                     -> __imp__sub_8259C4D8
  sub_8259C548                     -> __imp__sub_8259C548
  sub_8259C6D0                     -> __imp__sub_8259C6D0
  sub_8259CCE0                     -> __imp__sub_8259CCE0
  sub_8259CD88                     -> __imp__sub_8259CD88
  sub_8259D1B0                     -> __imp__sub_8259D1B0
  sub_8259D2A0                     -> __imp__sub_8259D2A0
  sub_8259D300                     -> __imp__sub_8259D300
  sub_8259D3A0                     -> __imp__sub_8259D3A0
  sub_8259D7C0                     -> __imp__sub_8259D7C0
  sub_8259D868                     -> __imp__sub_8259D868
  sub_8259D9B8                     -> __imp__sub_8259D9B8
  sub_8259DA38                     -> __imp__sub_8259DA38
  sub_8259DA78                     -> __imp__sub_8259DA78
  sub_8259DB78                     -> __imp__sub_8259DB78
  sub_8259DBB0                     -> __imp__sub_8259DBB0
  sub_8259DBD0                     -> __imp__sub_8259DBD0
  sub_8259DBE0                     -> __imp__sub_8259DBE0
  sub_8259DD00                     -> __imp__sub_8259DD00
  sub_8259DDC0                     -> __imp__sub_8259DDC0
  sub_8259DE20                     -> __imp__sub_8259DE20
  sub_8259DE50                     -> __imp__sub_8259DE50
  sub_8259DEA0                     -> __imp__sub_8259DEA0
  sub_8259DF00                     -> __imp__sub_8259DF00
  sub_8259E000                     -> __imp__sub_8259E000
  sub_8259E020                     -> __imp__sub_8259E020
  sub_8259E050                     -> __imp__sub_8259E050
  sub_8259E150                     -> __imp__sub_8259E150
  sub_8259E158                     -> __imp__sub_8259E158
  sub_8259E240                     -> __imp__sub_8259E240
  sub_8259E248                     -> __imp__sub_8259E248
  sub_8259E7C0                     -> __imp__sub_8259E7C0
  sub_8259E7D0                     -> __imp__sub_8259E7D0
  sub_8259E8C0                     -> __imp__sub_8259E8C0
  sub_8259E8F0                     -> __imp__sub_8259E8F0
  sub_8259E910                     -> __imp__sub_8259E910
  sub_8259E950                     -> __imp__sub_8259E950
  sub_8259E9D0                     -> __imp__sub_8259E9D0
  sub_8259EA28                     -> __imp__sub_8259EA28
  sub_8259EAD8                     -> __imp__sub_8259EAD8
  sub_8259EB38                     -> __imp__sub_8259EB38
  sub_8259ECC0                     -> __imp__sub_8259ECC0
  sub_8259EF10                     -> __imp__sub_8259EF10
  sub_8259EFD8                     -> __imp__sub_8259EFD8
  sub_8259F038                     -> __imp__sub_8259F038
  sub_8259F130                     -> __imp__sub_8259F130
  sub_8259F208                     -> __imp__sub_8259F208
  sub_8259F370                     -> __imp__sub_8259F370
  sub_8259F430                     -> __imp__sub_8259F430
  sub_8259F450                     -> __imp__sub_8259F450
  sub_8259F470                     -> __imp__sub_8259F470
  sub_8259F4B0                     -> __imp__sub_8259F4B0
  sub_8259F690                     -> __imp__sub_8259F690
  sub_8259F908                     -> __imp__sub_8259F908
  sub_8259F9E8                     -> __imp__sub_8259F9E8
  sub_8259FCE0                     -> __imp__sub_8259FCE0
  sub_8259FF08                     -> __imp__sub_8259FF08
  sub_825A0CD0                     -> __imp__sub_825A0CD0
  sub_825A0FC8                     -> __imp__sub_825A0FC8
  sub_825A1008                     -> __imp__sub_825A1008
  sub_825A1070                     -> __imp__sub_825A1070
  sub_825A1088                     -> __imp__sub_825A1088
  sub_825A11B0                     -> __imp__sub_825A11B0
  sub_825A11F8                     -> __imp__sub_825A11F8
  sub_825A1340                     -> __imp__sub_825A1340
  sub_825A13E8                     -> __imp__sub_825A13E8
  sub_825A1478                     -> __imp__sub_825A1478
  sub_825A14B8                     -> __imp__sub_825A14B8
  sub_825A1518                     -> __imp__sub_825A1518
  sub_825A1658                     -> __imp__sub_825A1658
  sub_825A16F8                     -> __imp__sub_825A16F8
  sub_825A17B0                     -> __imp__sub_825A17B0
  sub_825A17D8                     -> __imp__sub_825A17D8
  sub_825A1838                     -> __imp__sub_825A1838
  sub_825A1840                     -> __imp__sub_825A1840
  sub_825A1848                     -> __imp__sub_825A1848
  sub_825A1850                     -> __imp__sub_825A1850
  sub_825A1AD0                     -> __imp__sub_825A1AD0
  sub_825A1BE8                     -> __imp__sub_825A1BE8
  sub_825A2018                     -> __imp__sub_825A2018
  sub_825A21F0                     -> __imp__sub_825A21F0
  sub_825A22E0                     -> __imp__sub_825A22E0
  sub_825A2430                     -> __imp__sub_825A2430
  sub_825A2480                     -> __imp__sub_825A2480
  sub_825A24E0                     -> __imp__sub_825A24E0
  sub_825A2510                     -> __imp__sub_825A2510
  sub_825A2544                     -> __imp__sub_825A2544
  sub_825A2588                     -> __imp__sub_825A2588
  sub_825A2990                     -> __imp__sub_825A2990
  sub_825A2BE8                     -> __imp__sub_825A2BE8
  sub_825A2C30                     -> __imp__sub_825A2C30
  sub_825A2C78                     -> __imp__sub_825A2C78
  sub_825A2D80                     -> __imp__sub_825A2D80
  sub_825A2E08                     -> __imp__sub_825A2E08
  sub_825A2E88                     -> __imp__sub_825A2E88
  sub_825A2F60                     -> __imp__sub_825A2F60
  sub_825A3048                     -> __imp__sub_825A3048
  sub_825A3050                     -> __imp__sub_825A3050
  sub_825A3078                     -> __imp__sub_825A3078
  sub_825A3090                     -> __imp__sub_825A3090
  sub_825A30C8                     -> __imp__sub_825A30C8
  sub_825A3150                     -> __imp__sub_825A3150
  sub_825A3238                     -> __imp__sub_825A3238
  sub_825A3270                     -> __imp__sub_825A3270
  sub_825A3418                     -> __imp__sub_825A3418
  sub_825A3468                     -> __imp__sub_825A3468
  sub_825A34B0                     -> __imp__sub_825A34B0
  sub_825A3518                     -> __imp__sub_825A3518
  sub_825A3598                     -> __imp__sub_825A3598
  sub_825A3600                     -> __imp__sub_825A3600
  sub_825A3638                     -> __imp__sub_825A3638
  sub_825A3670                     -> __imp__sub_825A3670
  sub_825A36E8                     -> __imp__sub_825A36E8
  sub_825A38C0                     -> __imp__sub_825A38C0
  sub_825A3958                     -> __imp__sub_825A3958
  sub_825A39F0                     -> __imp__sub_825A39F0
  sub_825A4578                     -> __imp__sub_825A4578
  sub_825A45E0                     -> __imp__sub_825A45E0
  sub_825A5118                     -> __imp__sub_825A5118
  sub_825A5120                     -> __imp__sub_825A5120
  sub_825A5170                     -> __imp__sub_825A5170
  sub_825A5210                     -> __imp__sub_825A5210
  sub_825A5250                     -> __imp__sub_825A5250
  sub_825A5300                     -> __imp__sub_825A5300
  sub_825A5370                     -> __imp__sub_825A5370
  sub_825A5478                     -> __imp__sub_825A5478
  sub_825A54E8                     -> __imp__sub_825A54E8
  sub_825A54F0                     -> __imp__sub_825A54F0
  sub_825A5538                     -> __imp__sub_825A5538
  sub_825A5540                     -> __imp__sub_825A5540
  sub_825A5548                     -> __imp__sub_825A5548
  sub_825A55A8                     -> __imp__sub_825A55A8
  sub_825A56D4                     -> __imp__sub_825A56D4
  sub_825A5728                     -> __imp__sub_825A5728
  sub_825A5738                     -> __imp__sub_825A5738
  sub_825A57F0                     -> __imp__sub_825A57F0
  sub_825A5820                     -> __imp__sub_825A5820
  sub_825A6240                     -> __imp__sub_825A6240
  sub_825A6288                     -> __imp__sub_825A6288
  sub_825A6298                     -> __imp__sub_825A6298
  sub_825A6438                     -> __imp__sub_825A6438
  sub_825A6488                     -> __imp__sub_825A6488
  sub_825A64A0                     -> __imp__sub_825A64A0
  sub_825A6588                     -> __imp__sub_825A6588
  sub_825A65F0                     -> __imp__sub_825A65F0
  sub_825A6688                     -> __imp__sub_825A6688
  sub_825A7890                     -> __imp__sub_825A7890
  sub_825A78D8                     -> __imp__sub_825A78D8
  sub_825A79C0                     -> __imp__sub_825A79C0
  sub_825A7A98                     -> __imp__sub_825A7A98
  sub_825A7C70                     -> __imp__sub_825A7C70
  sub_825A8240                     -> __imp__sub_825A8240
  sub_825A839C                     -> __imp__sub_825A839C
  sub_825A83D8                     -> __imp__sub_825A83D8
  sub_825A8430                     -> __imp__sub_825A8430
  sub_825A84F0                     -> __imp__sub_825A84F0
  sub_825A864C                     -> __imp__sub_825A864C
  sub_825A8688                     -> __imp__sub_825A8688
  sub_825A8BB0                     -> __imp__sub_825A8BB0
  sub_825A8E10                     -> __imp__sub_825A8E10
  sub_825A8F6C                     -> __imp__sub_825A8F6C
  sub_825A9790                     -> __imp__sub_825A9790
  sub_825A9818                     -> __imp__sub_825A9818
  sub_825A9888                     -> __imp__sub_825A9888
  sub_825A98A8                     -> __imp__sub_825A98A8
  sub_825A99B8                     -> __imp__sub_825A99B8
  sub_825A99E8                     -> __imp__sub_825A99E8
  sub_825AA218                     -> __imp__sub_825AA218
  sub_825AA2B0                     -> __imp__sub_825AA2B0
  sub_825AA340                     -> __imp__sub_825AA340
  sub_825AA3E8                     -> __imp__sub_825AA3E8
  sub_825AA490                     -> __imp__sub_825AA490
  sub_825AA620                     -> __imp__sub_825AA620
  sub_825AA700                     -> __imp__sub_825AA700
  sub_825AAAC8                     -> __imp__sub_825AAAC8
  sub_825AAAD8                     -> __imp__sub_825AAAD8
  sub_825AAC00                     -> __imp__sub_825AAC00
  sub_825AAC90                     -> __imp__sub_825AAC90
  sub_825AADB8                     -> __imp__sub_825AADB8
  sub_825AADC0                     -> __imp__sub_825AADC0
  sub_825AADE0                     -> __imp__sub_825AADE0
  sub_825AB0E0                     -> __imp__sub_825AB0E0
  sub_825AB1F8                     -> __imp__sub_825AB1F8
  sub_825AB208                     -> __imp__sub_825AB208
  sub_825AB250                     -> __imp__sub_825AB250
  sub_825AB2B8                     -> __imp__sub_825AB2B8
  sub_825AB348                     -> __imp__sub_825AB348
  sub_825AB3A8                     -> __imp__sub_825AB3A8
  sub_825ABAB8                     -> __imp__sub_825ABAB8
  sub_825AC1C8                     -> __imp__sub_825AC1C8
  sub_825AC548                     -> __imp__sub_825AC548
  sub_825AC730                     -> __imp__sub_825AC730
  sub_825AC7F0                     -> __imp__sub_825AC7F0
  sub_825AC8D0                     -> __imp__sub_825AC8D0
  sub_825ACAB8                     -> __imp__sub_825ACAB8
  sub_825ACB90                     -> __imp__sub_825ACB90
  sub_825ACC58                     -> __imp__sub_825ACC58
  sub_825ACC90                     -> __imp__sub_825ACC90
  sub_825AD0A8                     -> __imp__sub_825AD0A8
  sub_825AD0D8                     -> __imp__sub_825AD0D8
  sub_825AD410                     -> __imp__sub_825AD410
  sub_825AE148                     -> __imp__sub_825AE148
  sub_825AE320                     -> __imp__sub_825AE320
  sub_825AE340                     -> __imp__sub_825AE340
  sub_825AE3F8                     -> __imp__sub_825AE3F8
  sub_825AE488                     -> __imp__sub_825AE488
  sub_825AE598                     -> __imp__sub_825AE598
  sub_825AE948                     -> __imp__sub_825AE948
  sub_825AE950                     -> __imp__sub_825AE950
  sub_825AE968                     -> __imp__sub_825AE968
  sub_825AEA08                     -> __imp__sub_825AEA08
  sub_825AEA88                     -> __imp__sub_825AEA88
  sub_825AEB40                     -> __imp__sub_825AEB40
  sub_825AEB48                     -> __imp__sub_825AEB48
  sub_825AEB50                     -> __imp__sub_825AEB50
  sub_825AEBE0                     -> __imp__sub_825AEBE0
  sub_825AEC58                     -> __imp__sub_825AEC58
  sub_825AECE0                     -> __imp__sub_825AECE0
  sub_825AED30                     -> __imp__sub_825AED30
  sub_825AED68                     -> __imp__sub_825AED68
  sub_825AEE00                     -> __imp__sub_825AEE00
  sub_825AEE40                     -> __imp__sub_825AEE40
  sub_825AEEC0                     -> __imp__sub_825AEEC0
  sub_825AEF40                     -> __imp__sub_825AEF40
  sub_825AEF80                     -> __imp__sub_825AEF80
  sub_825AEFF8                     -> __imp__sub_825AEFF8
  sub_825AF010                     -> __imp__sub_825AF010
  sub_825AF0C8                     -> __imp__sub_825AF0C8
  sub_825AF158                     -> __imp__sub_825AF158
  sub_825AF168                     -> __imp__sub_825AF168
  sub_825AF188                     -> __imp__sub_825AF188
  sub_825AF190                     -> __imp__sub_825AF190
  sub_825AF198                     -> __imp__sub_825AF198
  sub_825AF1A0                     -> __imp__sub_825AF1A0
  sub_825AF1A8                     -> __imp__sub_825AF1A8
  sub_825AF1B0                     -> __imp__sub_825AF1B0
  sub_825AF1B8                     -> __imp__sub_825AF1B8
  sub_825AF1C0                     -> __imp__sub_825AF1C0
  sub_825AF1C8                     -> __imp__sub_825AF1C8
  sub_825AF2F0                     -> __imp__sub_825AF2F0
  sub_825AF4D8                     -> __imp__sub_825AF4D8
  sub_825AF500                     -> __imp__sub_825AF500
  sub_825AF668                     -> __imp__sub_825AF668
  sub_825AF690                     -> __imp__sub_825AF690
  sub_825AF6A0                     -> __imp__sub_825AF6A0
  sub_825AF6C0                     -> __imp__sub_825AF6C0
  sub_825AF6C8                     -> __imp__sub_825AF6C8
  sub_825AF710                     -> __imp__sub_825AF710
  sub_825AF798                     -> __imp__sub_825AF798
  sub_825AF7A0                     -> __imp__sub_825AF7A0
  sub_825AF7B0                     -> __imp__sub_825AF7B0
  sub_825AF7B8                     -> __imp__sub_825AF7B8
  sub_825AF888                     -> __imp__sub_825AF888
  sub_825AF8E8                     -> __imp__sub_825AF8E8
  sub_825AF920                     -> __imp__sub_825AF920
  sub_825AF9B8                     -> __imp__sub_825AF9B8
  sub_825AF9D8                     -> __imp__sub_825AF9D8
  sub_825AF9E8                     -> __imp__sub_825AF9E8
  sub_825AF9F8                     -> __imp__sub_825AF9F8
  sub_825AFA00                     -> __imp__sub_825AFA00
  sub_825AFBB0                     -> __imp__sub_825AFBB0
  sub_825AFBB8                     -> __imp__sub_825AFBB8
  sub_825AFD00                     -> __imp__sub_825AFD00
  sub_825AFD08                     -> __imp__sub_825AFD08
  sub_825AFD70                     -> __imp__sub_825AFD70
  sub_825AFDB0                     -> __imp__sub_825AFDB0
  sub_825AFE90                     -> __imp__sub_825AFE90
  sub_825AFEA0                     -> __imp__sub_825AFEA0
  sub_825AFEB8                     -> __imp__sub_825AFEB8
  sub_825AFF50                     -> __imp__sub_825AFF50
  sub_825AFFD0                     -> __imp__sub_825AFFD0
  sub_825B00D0                     -> __imp__sub_825B00D0
  sub_825B0170                     -> __imp__sub_825B0170
  sub_825B01B8                     -> __imp__sub_825B01B8
  sub_825B01D0                     -> __imp__sub_825B01D0
  sub_825B02A8                     -> __imp__sub_825B02A8
  sub_825B0350                     -> __imp__sub_825B0350
  sub_825B06F0                     -> __imp__sub_825B06F0
  sub_825B0778                     -> __imp__sub_825B0778
  sub_825B07F0                     -> __imp__sub_825B07F0
  sub_825B0868                     -> __imp__sub_825B0868
  sub_825B0888                     -> __imp__sub_825B0888
  sub_825B0A48                     -> __imp__sub_825B0A48
  sub_825B0B68                     -> __imp__sub_825B0B68
  sub_825B0DF8                     -> __imp__sub_825B0DF8
  sub_825B1200                     -> __imp__sub_825B1200
  sub_825B1338                     -> __imp__sub_825B1338
  sub_825B18A8                     -> __imp__sub_825B18A8
  sub_825B1950                     -> __imp__sub_825B1950
  sub_825B1AB8                     -> __imp__sub_825B1AB8
  sub_825B1CF8                     -> __imp__sub_825B1CF8
  sub_825B2060                     -> __imp__sub_825B2060
  sub_825B2608                     -> __imp__sub_825B2608
  sub_825B2EA8                     -> __imp__sub_825B2EA8
  sub_825B2EF8                     -> __imp__sub_825B2EF8
  sub_825B318C                     -> __imp__sub_825B318C
  sub_825B31E0                     -> __imp__sub_825B31E0
  sub_825B3A1C                     -> __imp__sub_825B3A1C
  sub_825B3A98                     -> __imp__sub_825B3A98
  sub_825B3AA8                     -> __imp__sub_825B3AA8
  sub_825B3BC8                     -> __imp__sub_825B3BC8
  sub_825B3C00                     -> __imp__sub_825B3C00
  sub_825B3C08                     -> __imp__sub_825B3C08
  sub_825B3C18                     -> __imp__sub_825B3C18
  sub_825B3C80                     -> __imp__sub_825B3C80
  sub_825B3C98                     -> __imp__sub_825B3C98
  sub_825B3CD0                     -> __imp__sub_825B3CD0
  sub_825B3CF0                     -> __imp__sub_825B3CF0
  sub_825B3D38                     -> __imp__sub_825B3D38
  sub_825B3D70                     -> __imp__sub_825B3D70
  sub_825B3E30                     -> __imp__sub_825B3E30
  sub_825B3EC0                     -> __imp__sub_825B3EC0
  sub_825B3F50                     -> __imp__sub_825B3F50
  sub_825B3FA8                     -> __imp__sub_825B3FA8
  sub_825B4088                     -> __imp__sub_825B4088
  sub_825B40E0                     -> __imp__sub_825B40E0
  sub_825B4198                     -> __imp__sub_825B4198
  sub_825B4200                     -> __imp__sub_825B4200
  sub_825B42B8                     -> __imp__sub_825B42B8
  sub_825B4300                     -> __imp__sub_825B4300
  sub_825B4340                     -> __imp__sub_825B4340
  sub_825B43B0                     -> __imp__sub_825B43B0
  sub_825B43B8                     -> __imp__sub_825B43B8
  sub_825B4438                     -> __imp__sub_825B4438
  sub_825B44A8                     -> __imp__sub_825B44A8
  sub_825B4508                     -> __imp__sub_825B4508
  sub_825B4578                     -> __imp__sub_825B4578
  sub_825B4650                     -> __imp__sub_825B4650
  sub_825B48D0                     -> __imp__sub_825B48D0
  sub_825B4990                     -> __imp__sub_825B4990
  sub_825B4A58                     -> __imp__sub_825B4A58
  sub_825B4AB0                     -> __imp__sub_825B4AB0
  sub_825B4AB8                     -> __imp__sub_825B4AB8
  sub_825B4AF0                     -> __imp__sub_825B4AF0
  sub_825B4B58                     -> __imp__sub_825B4B58
  sub_825B4BD8                     -> __imp__sub_825B4BD8
  sub_825B4BE8                     -> __imp__sub_825B4BE8
  sub_825B4CC8                     -> __imp__sub_825B4CC8
  sub_825B4D40                     -> __imp__sub_825B4D40
  sub_825B4E18                     -> __imp__sub_825B4E18
  sub_825B4E70                     -> __imp__sub_825B4E70
  sub_825B4E80                     -> __imp__sub_825B4E80
  sub_825B4FE8                     -> __imp__sub_825B4FE8
  sub_825B5038                     -> __imp__sub_825B5038
  sub_825B50D8                     -> __imp__sub_825B50D8
  sub_825B5160                     -> __imp__sub_825B5160
  sub_825B5298                     -> __imp__sub_825B5298
  sub_825B5358                     -> __imp__sub_825B5358
  sub_825B53D8                     -> __imp__sub_825B53D8
  sub_825B55D8                     -> __imp__sub_825B55D8
  sub_825B5830                     -> __imp__sub_825B5830
  sub_825B5A78                     -> __imp__sub_825B5A78
  sub_825B5AA0                     -> __imp__sub_825B5AA0
  sub_825B5AA8                     -> __imp__sub_825B5AA8
  sub_825B5B20                     -> __imp__sub_825B5B20
  sub_825B5B90                     -> __imp__sub_825B5B90
  sub_825B5C68                     -> __imp__sub_825B5C68
  sub_825B5CB8                     -> __imp__sub_825B5CB8
  sub_825B5EA8                     -> __imp__sub_825B5EA8
  sub_825B6628                     -> __imp__sub_825B6628
  sub_825B66E0                     -> __imp__sub_825B66E0
  sub_825B7668                     -> __imp__sub_825B7668
  sub_825B7750                     -> __imp__sub_825B7750
  sub_825B7820                     -> __imp__sub_825B7820
  sub_825B80D8                     -> __imp__sub_825B80D8
  sub_825B8148                     -> __imp__sub_825B8148
  sub_825B8248                     -> __imp__sub_825B8248
  sub_825B82D0                     -> __imp__sub_825B82D0
  sub_825B8428                     -> __imp__sub_825B8428
  sub_825B8470                     -> __imp__sub_825B8470
  sub_825B8548                     -> __imp__sub_825B8548
  sub_825B86C8                     -> __imp__sub_825B86C8
  sub_825B8718                     -> __imp__sub_825B8718
  sub_825B8770                     -> __imp__sub_825B8770
  sub_825B87A8                     -> __imp__sub_825B87A8
  sub_825B88F8                     -> __imp__sub_825B88F8
  sub_825B8EA0                     -> __imp__sub_825B8EA0
  sub_825B8EB0                     -> __imp__sub_825B8EB0
  sub_825B8F00                     -> __imp__sub_825B8F00
  sub_825B9CF8                     -> __imp__sub_825B9CF8
  sub_825B9D78                     -> __imp__sub_825B9D78
  sub_825B9DE8                     -> __imp__sub_825B9DE8
  sub_825BA000                     -> __imp__sub_825BA000
  sub_825BA248                     -> __imp__sub_825BA248
  sub_825BA308                     -> __imp__sub_825BA308
  sub_825BA368                     -> __imp__sub_825BA368
  sub_825BA3A0                     -> __imp__sub_825BA3A0
  sub_825BA5B0                     -> __imp__sub_825BA5B0
  sub_825BA928                     -> __imp__sub_825BA928
  sub_825BAB18                     -> __imp__sub_825BAB18
  sub_825BABB8                     -> __imp__sub_825BABB8
  sub_825BACB0                     -> __imp__sub_825BACB0
  sub_825BAD20                     -> __imp__sub_825BAD20
  sub_825BADE0                     -> __imp__sub_825BADE0
  sub_825BAE58                     -> __imp__sub_825BAE58
  sub_825BB368                     -> __imp__sub_825BB368
  sub_825BB6C0                     -> __imp__sub_825BB6C0
  sub_825BB758                     -> __imp__sub_825BB758
  sub_825BB830                     -> __imp__sub_825BB830
  sub_825BB9F8                     -> __imp__sub_825BB9F8
  sub_825BBAD8                     -> __imp__sub_825BBAD8
  sub_825BBBA0                     -> __imp__sub_825BBBA0
  sub_825BBFD8                     -> __imp__sub_825BBFD8
  sub_825BC038                     -> __imp__sub_825BC038
  sub_825BC0C0                     -> __imp__sub_825BC0C0
  sub_825BC0D8                     -> __imp__sub_825BC0D8
  sub_825BC148                     -> __imp__sub_825BC148
  sub_825BC2F8                     -> __imp__sub_825BC2F8
  sub_825BC388                     -> __imp__sub_825BC388
  sub_825BC3F0                     -> __imp__sub_825BC3F0
  sub_825BC528                     -> __imp__sub_825BC528
  sub_825BC628                     -> __imp__sub_825BC628
  sub_825BC788                     -> __imp__sub_825BC788
  sub_825BC818                     -> __imp__sub_825BC818
  sub_825BC8E0                     -> __imp__sub_825BC8E0
  sub_825BCA28                     -> __imp__sub_825BCA28
  sub_825BCBE0                     -> __imp__sub_825BCBE0
  sub_825BCD70                     -> __imp__sub_825BCD70
  sub_825BCEA8                     -> __imp__sub_825BCEA8
  sub_825BCF00                     -> __imp__sub_825BCF00
  sub_825BCFE0                     -> __imp__sub_825BCFE0
  sub_825BD078                     -> __imp__sub_825BD078
  sub_825BD090                     -> __imp__sub_825BD090
  sub_825BD0E8                     -> __imp__sub_825BD0E8
  sub_825BD138                     -> __imp__sub_825BD138
  sub_825BD2A0                     -> __imp__sub_825BD2A0
  sub_825BD318                     -> __imp__sub_825BD318
  sub_825BD3C8                     -> __imp__sub_825BD3C8
  sub_825BD560                     -> __imp__sub_825BD560
  sub_825BD6F8                     -> __imp__sub_825BD6F8
  sub_825BD860                     -> __imp__sub_825BD860
  sub_825BD900                     -> __imp__sub_825BD900
  sub_825BD980                     -> __imp__sub_825BD980
  sub_825BD9F8                     -> __imp__sub_825BD9F8
  sub_825BDA90                     -> __imp__sub_825BDA90
  sub_825BDB00                     -> __imp__sub_825BDB00
  sub_825BDBE8                     -> __imp__sub_825BDBE8
  sub_825BDFE0                     -> __imp__sub_825BDFE0
  sub_825BE0C0                     -> __imp__sub_825BE0C0
  sub_825BE2F0                     -> __imp__sub_825BE2F0
  sub_825BEB58                     -> __imp__sub_825BEB58
  sub_825BEBD8                     -> __imp__sub_825BEBD8
  sub_825BECD0                     -> __imp__sub_825BECD0
  sub_825BED18                     -> __imp__sub_825BED18
  sub_825BEE88                     -> __imp__sub_825BEE88
  sub_825BEF00                     -> __imp__sub_825BEF00
  sub_825BEF50                     -> __imp__sub_825BEF50
  sub_825BEF58                     -> __imp__sub_825BEF58
  sub_825BF1C8                     -> __imp__sub_825BF1C8
  sub_825BF250                     -> __imp__sub_825BF250
  sub_825BF2B8                     -> __imp__sub_825BF2B8
  sub_825BF3E8                     -> __imp__sub_825BF3E8
  sub_825BF630                     -> __imp__sub_825BF630
  sub_825BF7F0                     -> __imp__sub_825BF7F0
  sub_825BF800                     -> __imp__sub_825BF800
  sub_825BF930                     -> __imp__sub_825BF930
  sub_825BFA20                     -> __imp__sub_825BFA20
  sub_825BFB78                     -> __imp__sub_825BFB78
  sub_825BFCC0                     -> __imp__sub_825BFCC0
  sub_825C00D8                     -> __imp__sub_825C00D8
  sub_825C0170                     -> __imp__sub_825C0170
  sub_825C0178                     -> __imp__sub_825C0178
  sub_825C0180                     -> __imp__sub_825C0180
  sub_825C0188                     -> __imp__sub_825C0188
  sub_825C01B8                     -> __imp__sub_825C01B8
  sub_825C01C8                     -> __imp__sub_825C01C8
  sub_825C01D8                     -> __imp__sub_825C01D8
  sub_825C0208                     -> __imp__sub_825C0208
  sub_825C0230                     -> __imp__sub_825C0230
  sub_825C0268                     -> __imp__sub_825C0268
  sub_825C0298                     -> __imp__sub_825C0298
  sub_825C02C8                     -> __imp__sub_825C02C8
  sub_825C02F8                     -> __imp__sub_825C02F8
  sub_825C0378                     -> __imp__sub_825C0378
  sub_825C03C8                     -> __imp__sub_825C03C8
  sub_825C03F0                     -> __imp__sub_825C03F0
  sub_825C0418                     -> __imp__sub_825C0418
  sub_825C0448                     -> __imp__sub_825C0448
  sub_825C0490                     -> __imp__sub_825C0490
  sub_825C04E0                     -> __imp__sub_825C04E0
  sub_825C0510                     -> __imp__sub_825C0510
  sub_825C0530                     -> __imp__sub_825C0530
  sub_825C0550                     -> __imp__sub_825C0550
  sub_825C0570                     -> __imp__sub_825C0570
  sub_825C0590                     -> __imp__sub_825C0590
  sub_825C05B0                     -> __imp__sub_825C05B0
  sub_825C05C8                     -> __imp__sub_825C05C8
  sub_825C05E8                     -> __imp__sub_825C05E8
  sub_825C0608                     -> __imp__sub_825C0608
  sub_825C0628                     -> __imp__sub_825C0628
  sub_825C0648                     -> __imp__sub_825C0648
  sub_825C0668                     -> __imp__sub_825C0668
  sub_825C0688                     -> __imp__sub_825C0688
  sub_825C06A8                     -> __imp__sub_825C06A8
  sub_825C06C8                     -> __imp__sub_825C06C8
  sub_825C06E8                     -> __imp__sub_825C06E8
  sub_825C0708                     -> __imp__sub_825C0708
  sub_825C0728                     -> __imp__sub_825C0728
  sub_825C0748                     -> __imp__sub_825C0748
  sub_825C0768                     -> __imp__sub_825C0768
  sub_825C0788                     -> __imp__sub_825C0788
  sub_825C07A8                     -> __imp__sub_825C07A8
  sub_825C07C8                     -> __imp__sub_825C07C8
  sub_825C07E8                     -> __imp__sub_825C07E8
  sub_825C0808                     -> __imp__sub_825C0808
  sub_825C0828                     -> __imp__sub_825C0828
  sub_825C0848                     -> __imp__sub_825C0848
  sub_825C0868                     -> __imp__sub_825C0868
  sub_825C0888                     -> __imp__sub_825C0888
  sub_825C08A8                     -> __imp__sub_825C08A8
  sub_825C08C8                     -> __imp__sub_825C08C8
  sub_825C08E8                     -> __imp__sub_825C08E8
  sub_825C0908                     -> __imp__sub_825C0908
  sub_825C0928                     -> __imp__sub_825C0928
  sub_825C0940                     -> __imp__sub_825C0940
  sub_825C0960                     -> __imp__sub_825C0960
  sub_825C0980                     -> __imp__sub_825C0980
  sub_825C09A0                     -> __imp__sub_825C09A0
  sub_825C09C0                     -> __imp__sub_825C09C0
  sub_825C09E0                     -> __imp__sub_825C09E0
  sub_825C0A00                     -> __imp__sub_825C0A00
  sub_825C0A20                     -> __imp__sub_825C0A20
  sub_825C0A40                     -> __imp__sub_825C0A40
  sub_825C0A58                     -> __imp__sub_825C0A58
  sub_825C0A78                     -> __imp__sub_825C0A78
  sub_825C0A98                     -> __imp__sub_825C0A98
  sub_825C0AB8                     -> __imp__sub_825C0AB8
  sub_825C0AD8                     -> __imp__sub_825C0AD8
  sub_825C0AF8                     -> __imp__sub_825C0AF8
  sub_825C0B18                     -> __imp__sub_825C0B18
  sub_825C0B38                     -> __imp__sub_825C0B38
  sub_825C0B58                     -> __imp__sub_825C0B58
  sub_825C0B70                     -> __imp__sub_825C0B70
  sub_825C0B90                     -> __imp__sub_825C0B90
  sub_825C0BB0                     -> __imp__sub_825C0BB0
  sub_825C0BD0                     -> __imp__sub_825C0BD0
  sub_825C0BF0                     -> __imp__sub_825C0BF0
  sub_825C0C10                     -> __imp__sub_825C0C10
  sub_825C0C30                     -> __imp__sub_825C0C30
  sub_825C0C50                     -> __imp__sub_825C0C50
  sub_825C0C70                     -> __imp__sub_825C0C70
  sub_825C0C90                     -> __imp__sub_825C0C90
  sub_825C0CA8                     -> __imp__sub_825C0CA8
  sub_825C0CC8                     -> __imp__sub_825C0CC8
  sub_825C0CE8                     -> __imp__sub_825C0CE8
  sub_825C0D08                     -> __imp__sub_825C0D08
  sub_825C0D28                     -> __imp__sub_825C0D28
  sub_825C0D48                     -> __imp__sub_825C0D48
  sub_825C0D68                     -> __imp__sub_825C0D68
  sub_825C0D88                     -> __imp__sub_825C0D88
  sub_825C0DA8                     -> __imp__sub_825C0DA8
  sub_825C0DC8                     -> __imp__sub_825C0DC8
  sub_825C0DE0                     -> __imp__sub_825C0DE0
  sub_825C0E00                     -> __imp__sub_825C0E00
  sub_825C0E20                     -> __imp__sub_825C0E20
  sub_825C0E40                     -> __imp__sub_825C0E40
  sub_825C0E60                     -> __imp__sub_825C0E60
  sub_825C0E80                     -> __imp__sub_825C0E80
  sub_825C0EA0                     -> __imp__sub_825C0EA0
  sub_825C0EC0                     -> __imp__sub_825C0EC0
  sub_825C0EE0                     -> __imp__sub_825C0EE0
  sub_825C0F00                     -> __imp__sub_825C0F00
  sub_825C0F18                     -> __imp__sub_825C0F18
  sub_825C0F38                     -> __imp__sub_825C0F38
  sub_825C0F58                     -> __imp__sub_825C0F58
  sub_825C0F78                     -> __imp__sub_825C0F78
  sub_825C0F98                     -> __imp__sub_825C0F98
  sub_825C0FB0                     -> __imp__sub_825C0FB0
  sub_825C0FC8                     -> __imp__sub_825C0FC8
  sub_825C0FF0                     -> __imp__sub_825C0FF0
  sub_825C1010                     -> __imp__sub_825C1010
  sub_825C1028                     -> __imp__sub_825C1028
  sub_825C1048                     -> __imp__sub_825C1048
  sub_825C1068                     -> __imp__sub_825C1068
  sub_825C1088                     -> __imp__sub_825C1088
  sub_825C10B0                     -> __imp__sub_825C10B0
  sub_825C10D0                     -> __imp__sub_825C10D0
  sub_825C10F0                     -> __imp__sub_825C10F0
  sub_825C1108                     -> __imp__sub_825C1108
  sub_825C1128                     -> __imp__sub_825C1128
  sub_825C1148                     -> __imp__sub_825C1148
  sub_825C1168                     -> __imp__sub_825C1168
  sub_825C1188                     -> __imp__sub_825C1188
  sub_825C11A8                     -> __imp__sub_825C11A8
  sub_825C11C8                     -> __imp__sub_825C11C8
  sub_825C11E0                     -> __imp__sub_825C11E0
  sub_825C1200                     -> __imp__sub_825C1200
  sub_825C1220                     -> __imp__sub_825C1220
  sub_825C1240                     -> __imp__sub_825C1240
  sub_825C1260                     -> __imp__sub_825C1260
  sub_825C1280                     -> __imp__sub_825C1280
  sub_825C12A0                     -> __imp__sub_825C12A0
  sub_825C12C0                     -> __imp__sub_825C12C0
  sub_825C12E0                     -> __imp__sub_825C12E0
  sub_825C1300                     -> __imp__sub_825C1300
  sub_825C1318                     -> __imp__sub_825C1318
  sub_825C1338                     -> __imp__sub_825C1338
  sub_825C1358                     -> __imp__sub_825C1358
  sub_825C1378                     -> __imp__sub_825C1378
  sub_825C1398                     -> __imp__sub_825C1398
  sub_825C13D0                     -> __imp__sub_825C13D0
  sub_825C13E0                     -> __imp__sub_825C13E0
  sub_825C1408                     -> __imp__sub_825C1408
  sub_825C1430                     -> __imp__sub_825C1430
  sub_825C1450                     -> __imp__sub_825C1450
  sub_825C1470                     -> __imp__sub_825C1470
  sub_825C1490                     -> __imp__sub_825C1490
  sub_825C14B0                     -> __imp__sub_825C14B0
  sub_825C14D0                     -> __imp__sub_825C14D0
  sub_825C14E8                     -> __imp__sub_825C14E8
  sub_825C1508                     -> __imp__sub_825C1508
  sub_825C1528                     -> __imp__sub_825C1528
  sub_825C1548                     -> __imp__sub_825C1548
  sub_825C1568                     -> __imp__sub_825C1568
  sub_825C1580                     -> __imp__sub_825C1580
  sub_825C15A0                     -> __imp__sub_825C15A0
  sub_825C15C0                     -> __imp__sub_825C15C0
  sub_825C15E0                     -> __imp__sub_825C15E0
  sub_825C1600                     -> __imp__sub_825C1600
  sub_825C1620                     -> __imp__sub_825C1620
  sub_825C1638                     -> __imp__sub_825C1638
  sub_825C1658                     -> __imp__sub_825C1658
  sub_825C1678                     -> __imp__sub_825C1678
  sub_825C1698                     -> __imp__sub_825C1698
  sub_825C16B8                     -> __imp__sub_825C16B8
  sub_825C16D8                     -> __imp__sub_825C16D8
  sub_825C1708                     -> __imp__sub_825C1708
  sub_825C1748                     -> __imp__sub_825C1748
  sub_825C1768                     -> __imp__sub_825C1768
  sub_825C1788                     -> __imp__sub_825C1788
  sub_825C17A8                     -> __imp__sub_825C17A8
  sub_825C17C0                     -> __imp__sub_825C17C0
  sub_825C17F8                     -> __imp__sub_825C17F8
  sub_825C1818                     -> __imp__sub_825C1818
  sub_825C1838                     -> __imp__sub_825C1838
  sub_825C1858                     -> __imp__sub_825C1858
  sub_825C1870                     -> __imp__sub_825C1870
  sub_825C1888                     -> __imp__sub_825C1888
  sub_825C1918                     -> __imp__sub_825C1918
  sub_825C1940                     -> __imp__sub_825C1940
  sub_825C1968                     -> __imp__sub_825C1968
  sub_825C1978                     -> __imp__sub_825C1978
  sub_825C1998                     -> __imp__sub_825C1998
  sub_825C19D8                     -> __imp__sub_825C19D8
  sub_825C1A28                     -> __imp__sub_825C1A28
  sub_825C1A48                     -> __imp__sub_825C1A48
  sub_825C1A58                     -> __imp__sub_825C1A58
  sub_825C1A68                     -> __imp__sub_825C1A68
  sub_825C1A78                     -> __imp__sub_825C1A78
  sub_825C1A88                     -> __imp__sub_825C1A88
  sub_825C1A98                     -> __imp__sub_825C1A98
  sub_825C1AA8                     -> __imp__sub_825C1AA8
  sub_825C1AB8                     -> __imp__sub_825C1AB8
  sub_825C1AC8                     -> __imp__sub_825C1AC8
  sub_825C1AD8                     -> __imp__sub_825C1AD8
  sub_825C1AE8                     -> __imp__sub_825C1AE8
  sub_825C1AF8                     -> __imp__sub_825C1AF8
  sub_825C1B08                     -> __imp__sub_825C1B08
  sub_825C1B18                     -> __imp__sub_825C1B18
  sub_825C1B28                     -> __imp__sub_825C1B28
  sub_825C1B38                     -> __imp__sub_825C1B38
  sub_825C1B48                     -> __imp__sub_825C1B48
  sub_825C1B58                     -> __imp__sub_825C1B58
  sub_825C1B68                     -> __imp__sub_825C1B68
  sub_825C1B78                     -> __imp__sub_825C1B78
  sub_825C1B88                     -> __imp__sub_825C1B88
  sub_825C1B98                     -> __imp__sub_825C1B98
  sub_825C1BA8                     -> __imp__sub_825C1BA8
  sub_825C1BB8                     -> __imp__sub_825C1BB8
  sub_825C1BC8                     -> __imp__sub_825C1BC8
  sub_825C1BD8                     -> __imp__sub_825C1BD8
  sub_825C1BE8                     -> __imp__sub_825C1BE8
  sub_825C1BF8                     -> __imp__sub_825C1BF8
  sub_825C1C08                     -> __imp__sub_825C1C08
  sub_825C1C18                     -> __imp__sub_825C1C18
  sub_825C1C28                     -> __imp__sub_825C1C28
  sub_825C1C38                     -> __imp__sub_825C1C38
  sub_825C1C48                     -> __imp__sub_825C1C48
  sub_825C1C58                     -> __imp__sub_825C1C58
  sub_825C1C78                     -> __imp__sub_825C1C78
  sub_825C1C98                     -> __imp__sub_825C1C98
  sub_825C1CB8                     -> __imp__sub_825C1CB8
  sub_825C1CD8                     -> __imp__sub_825C1CD8
  sub_825C1CF8                     -> __imp__sub_825C1CF8
  sub_825C1D10                     -> __imp__sub_825C1D10
  sub_825C1D30                     -> __imp__sub_825C1D30
  sub_825C1D50                     -> __imp__sub_825C1D50
  sub_825C1D70                     -> __imp__sub_825C1D70
  sub_825C1D90                     -> __imp__sub_825C1D90
  sub_825C1DB8                     -> __imp__sub_825C1DB8
  sub_825C1DD0                     -> __imp__sub_825C1DD0
  sub_825C1DF0                     -> __imp__sub_825C1DF0
  sub_825C1E10                     -> __imp__sub_825C1E10
  sub_825C1E30                     -> __imp__sub_825C1E30
  sub_825C1E50                     -> __imp__sub_825C1E50
  sub_825C1E70                     -> __imp__sub_825C1E70
  sub_825C1E90                     -> __imp__sub_825C1E90
  sub_825C1EB0                     -> __imp__sub_825C1EB0
  sub_825C1ED0                     -> __imp__sub_825C1ED0
  sub_825C1EF0                     -> __imp__sub_825C1EF0
  sub_825C1F10                     -> __imp__sub_825C1F10
  sub_825C1F30                     -> __imp__sub_825C1F30
  sub_825C1F50                     -> __imp__sub_825C1F50
  sub_825C1F70                     -> __imp__sub_825C1F70
  sub_825C1F90                     -> __imp__sub_825C1F90
  sub_825C1FB0                     -> __imp__sub_825C1FB0
  sub_825C1FD0                     -> __imp__sub_825C1FD0
  sub_825C1FF0                     -> __imp__sub_825C1FF0
  sub_825C2010                     -> __imp__sub_825C2010
  sub_825C2030                     -> __imp__sub_825C2030
  sub_825C2050                     -> __imp__sub_825C2050
  sub_825C2070                     -> __imp__sub_825C2070
  sub_825C2090                     -> __imp__sub_825C2090
  sub_825C20B0                     -> __imp__sub_825C20B0
  sub_825C20D8                     -> __imp__sub_825C20D8
  sub_825C20F0                     -> __imp__sub_825C20F0
  sub_825C2128                     -> __imp__sub_825C2128
  sub_825C2140                     -> __imp__sub_825C2140
  sub_825C2170                     -> __imp__sub_825C2170
  sub_825C2190                     -> __imp__sub_825C2190
  sub_825C21C0                     -> __imp__sub_825C21C0
  sub_825C21E0                     -> __imp__sub_825C21E0
  sub_825C2200                     -> __imp__sub_825C2200
  sub_825C2220                     -> __imp__sub_825C2220
  sub_825C2250                     -> __imp__sub_825C2250
  sub_825C2278                     -> __imp__sub_825C2278
  sub_825C22C8                     -> __imp__sub_825C22C8
  sub_825C22E8                     -> __imp__sub_825C22E8
  sub_825C2318                     -> __imp__sub_825C2318
  sub_825C2330                     -> __imp__sub_825C2330
  sub_825C2348                     -> __imp__sub_825C2348
  sub_825C2360                     -> __imp__sub_825C2360
  sub_825C2390                     -> __imp__sub_825C2390
  sub_825C23C0                     -> __imp__sub_825C23C0
  sub_825C23F0                     -> __imp__sub_825C23F0
  sub_825C2458                     -> __imp__sub_825C2458
  sub_825C2478                     -> __imp__sub_825C2478
  sub_825C2498                     -> __imp__sub_825C2498
  sub_825C24B8                     -> __imp__sub_825C24B8
  sub_825C24D8                     -> __imp__sub_825C24D8
  sub_825C24F0                     -> __imp__sub_825C24F0
  sub_825C2518                     -> __imp__sub_825C2518
  sub_825C2540                     -> __imp__sub_825C2540
  sub_825C2560                     -> __imp__sub_825C2560
  sub_825C2578                     -> __imp__sub_825C2578
  sub_825C2598                     -> __imp__sub_825C2598
  sub_825C25B8                     -> __imp__sub_825C25B8
  sub_825C25D8                     -> __imp__sub_825C25D8
  sub_825C25F8                     -> __imp__sub_825C25F8
  sub_825C2618                     -> __imp__sub_825C2618
  sub_825C2638                     -> __imp__sub_825C2638
  sub_825C2658                     -> __imp__sub_825C2658
  sub_825C2678                     -> __imp__sub_825C2678
  sub_825C2698                     -> __imp__sub_825C2698
  sub_825C26F0                     -> __imp__sub_825C26F0
  sub_825C2710                     -> __imp__sub_825C2710
  sub_825C2730                     -> __imp__sub_825C2730
  sub_825C2750                     -> __imp__sub_825C2750
  sub_825C2770                     -> __imp__sub_825C2770
  sub_825C2790                     -> __imp__sub_825C2790
  sub_825C27B0                     -> __imp__sub_825C27B0
  sub_825C27D0                     -> __imp__sub_825C27D0
  sub_825C27F0                     -> __imp__sub_825C27F0
  sub_825C2810                     -> __imp__sub_825C2810
  sub_825C2830                     -> __imp__sub_825C2830
  sub_825C2850                     -> __imp__sub_825C2850
  sub_825C2870                     -> __imp__sub_825C2870
  sub_825C2890                     -> __imp__sub_825C2890
  sub_825C28B0                     -> __imp__sub_825C28B0
  sub_825C28D0                     -> __imp__sub_825C28D0
  sub_825C2908                     -> __imp__sub_825C2908
  sub_825C2938                     -> __imp__sub_825C2938
  sub_825C2958                     -> __imp__sub_825C2958
  sub_825C2970                     -> __imp__sub_825C2970
  sub_825C2990                     -> __imp__sub_825C2990
  sub_825C29B0                     -> __imp__sub_825C29B0
  sub_825C29D0                     -> __imp__sub_825C29D0
  sub_825C29E8                     -> __imp__sub_825C29E8
  sub_825C2A00                     -> __imp__sub_825C2A00
  sub_825C2A20                     -> __imp__sub_825C2A20
  sub_825C2A40                     -> __imp__sub_825C2A40
  sub_825C2A60                     -> __imp__sub_825C2A60
  sub_825C2A80                     -> __imp__sub_825C2A80
  sub_825C2A98                     -> __imp__sub_825C2A98
  sub_825C2AB8                     -> __imp__sub_825C2AB8
  sub_825C2AE8                     -> __imp__sub_825C2AE8
  sub_825C2B00                     -> __imp__sub_825C2B00
  sub_825C2B18                     -> __imp__sub_825C2B18
  sub_825C2B38                     -> __imp__sub_825C2B38
  sub_825C2B50                     -> __imp__sub_825C2B50
  sub_825C2B68                     -> __imp__sub_825C2B68
  sub_825C2B88                     -> __imp__sub_825C2B88
  sub_825C2BA8                     -> __imp__sub_825C2BA8
  sub_825C2BC8                     -> __imp__sub_825C2BC8
  sub_825C2BE0                     -> __imp__sub_825C2BE0
  sub_825C2BF8                     -> __imp__sub_825C2BF8
  sub_825C2C18                     -> __imp__sub_825C2C18
  sub_825C2C30                     -> __imp__sub_825C2C30
  sub_825C2C50                     -> __imp__sub_825C2C50
  sub_825C2C70                     -> __imp__sub_825C2C70
  sub_825C2C90                     -> __imp__sub_825C2C90
  sub_825C2CB8                     -> __imp__sub_825C2CB8
  sub_825C2CD8                     -> __imp__sub_825C2CD8
  sub_825C2CF0                     -> __imp__sub_825C2CF0
  sub_825C2D18                     -> __imp__sub_825C2D18
  sub_825C2D30                     -> __imp__sub_825C2D30
  sub_825C2D50                     -> __imp__sub_825C2D50
  sub_825C2D70                     -> __imp__sub_825C2D70
  sub_825C2D90                     -> __imp__sub_825C2D90
  sub_825C2DA8                     -> __imp__sub_825C2DA8
  sub_825C2DD0                     -> __imp__sub_825C2DD0
  sub_825C2DE8                     -> __imp__sub_825C2DE8
  sub_825C2E00                     -> __imp__sub_825C2E00
  sub_825C2E18                     -> __imp__sub_825C2E18
  sub_825C2E38                     -> __imp__sub_825C2E38
  sub_825C2E58                     -> __imp__sub_825C2E58
  sub_825C2E78                     -> __imp__sub_825C2E78
  sub_825C2E90                     -> __imp__sub_825C2E90
  sub_825C2EA8                     -> __imp__sub_825C2EA8
  sub_825C2EC8                     -> __imp__sub_825C2EC8
  sub_825C2EE8                     -> __imp__sub_825C2EE8
  sub_825C2F08                     -> __imp__sub_825C2F08
  sub_825C2F28                     -> __imp__sub_825C2F28
  sub_825C2F48                     -> __imp__sub_825C2F48
  sub_825C2F78                     -> __imp__sub_825C2F78
  sub_825C2F98                     -> __imp__sub_825C2F98
  sub_825C2FB8                     -> __imp__sub_825C2FB8
  sub_825C2FD8                     -> __imp__sub_825C2FD8
  sub_825C2FF8                     -> __imp__sub_825C2FF8
  sub_825C3018                     -> __imp__sub_825C3018
  sub_825C3038                     -> __imp__sub_825C3038
  sub_825C3058                     -> __imp__sub_825C3058
  sub_825C3078                     -> __imp__sub_825C3078
  sub_825C30A8                     -> __imp__sub_825C30A8
  sub_825C30F0                     -> __imp__sub_825C30F0
  sub_825C3110                     -> __imp__sub_825C3110
  sub_825C3130                     -> __imp__sub_825C3130
  sub_825C3148                     -> __imp__sub_825C3148
  sub_825C3190                     -> __imp__sub_825C3190
  sub_825C31B0                     -> __imp__sub_825C31B0
  sub_825C31C8                     -> __imp__sub_825C31C8
  sub_825C31F0                     -> __imp__sub_825C31F0
  sub_825C3210                     -> __imp__sub_825C3210
  sub_825C3230                     -> __imp__sub_825C3230
  sub_825C3250                     -> __imp__sub_825C3250
  sub_825C3270                     -> __imp__sub_825C3270
  sub_825C3290                     -> __imp__sub_825C3290
  sub_825C32B0                     -> __imp__sub_825C32B0
  sub_825C32D0                     -> __imp__sub_825C32D0
  sub_825C32F0                     -> __imp__sub_825C32F0
  sub_825C3308                     -> __imp__sub_825C3308
  sub_825C3328                     -> __imp__sub_825C3328
  sub_825C3348                     -> __imp__sub_825C3348
  sub_825C3368                     -> __imp__sub_825C3368
  sub_825C3388                     -> __imp__sub_825C3388
  sub_825C33A8                     -> __imp__sub_825C33A8
  sub_825C33C8                     -> __imp__sub_825C33C8
  sub_825C33E8                     -> __imp__sub_825C33E8
  sub_825C3408                     -> __imp__sub_825C3408
  sub_825C3420                     -> __imp__sub_825C3420
  sub_825C3440                     -> __imp__sub_825C3440
  sub_825C3460                     -> __imp__sub_825C3460
  sub_825C3480                     -> __imp__sub_825C3480
  sub_825C34A0                     -> __imp__sub_825C34A0
  sub_825C34C0                     -> __imp__sub_825C34C0
  sub_825C34E0                     -> __imp__sub_825C34E0
  sub_825C3500                     -> __imp__sub_825C3500
  sub_825C3520                     -> __imp__sub_825C3520
  sub_825C3540                     -> __imp__sub_825C3540
  sub_825C3558                     -> __imp__sub_825C3558
  sub_825C3578                     -> __imp__sub_825C3578
  sub_825C3598                     -> __imp__sub_825C3598
  sub_825C35B8                     -> __imp__sub_825C35B8
  sub_825C35D8                     -> __imp__sub_825C35D8
  sub_825C3628                     -> __imp__sub_825C3628
  sub_825C3650                     -> __imp__sub_825C3650
  sub_825C3688                     -> __imp__sub_825C3688
  sub_825C36B0                     -> __imp__sub_825C36B0
  sub_825C3700                     -> __imp__sub_825C3700
  sub_825C3730                     -> __imp__sub_825C3730
  sub_825C3760                     -> __imp__sub_825C3760
  sub_825C3790                     -> __imp__sub_825C3790
  sub_825C37C0                     -> __imp__sub_825C37C0
  sub_825C37F0                     -> __imp__sub_825C37F0
  sub_825C3820                     -> __imp__sub_825C3820
  sub_825C3850                     -> __imp__sub_825C3850
  sub_825C3880                     -> __imp__sub_825C3880
  sub_825C38A0                     -> __imp__sub_825C38A0
  sub_825C38C0                     -> __imp__sub_825C38C0
  sub_825C38E0                     -> __imp__sub_825C38E0
  sub_825C3900                     -> __imp__sub_825C3900
  sub_825C3920                     -> __imp__sub_825C3920
  sub_825C3940                     -> __imp__sub_825C3940
  sub_825C3958                     -> __imp__sub_825C3958
  sub_825C3978                     -> __imp__sub_825C3978
  sub_825C3998                     -> __imp__sub_825C3998
  sub_825C39B8                     -> __imp__sub_825C39B8
  sub_825C39D8                     -> __imp__sub_825C39D8
  sub_825C39E8                     -> __imp__sub_825C39E8
  sub_825C3A08                     -> __imp__sub_825C3A08
  sub_825C3A28                     -> __imp__sub_825C3A28
  sub_825C3A48                     -> __imp__sub_825C3A48
  sub_825C3A68                     -> __imp__sub_825C3A68
  sub_825C3A88                     -> __imp__sub_825C3A88
  sub_825C3AA8                     -> __imp__sub_825C3AA8
  sub_825C3AC8                     -> __imp__sub_825C3AC8
  sub_825C3AE8                     -> __imp__sub_825C3AE8
  sub_825C3B08                     -> __imp__sub_825C3B08
  sub_825C3B20                     -> __imp__sub_825C3B20
  sub_825C3B40                     -> __imp__sub_825C3B40
  sub_825C3B60                     -> __imp__sub_825C3B60
  sub_825C3B80                     -> __imp__sub_825C3B80
  sub_825C3BA0                     -> __imp__sub_825C3BA0
  sub_825C3BB0                     -> __imp__sub_825C3BB0
  sub_825C3BC8                     -> __imp__sub_825C3BC8
  sub_825C3BE8                     -> __imp__sub_825C3BE8
  sub_825C3C08                     -> __imp__sub_825C3C08
  sub_825C3C28                     -> __imp__sub_825C3C28
  sub_825C3C48                     -> __imp__sub_825C3C48
  sub_825C3C68                     -> __imp__sub_825C3C68
  sub_825C3C80                     -> __imp__sub_825C3C80
  sub_825C3CA0                     -> __imp__sub_825C3CA0
  sub_825C3CC0                     -> __imp__sub_825C3CC0
  sub_825C3CE0                     -> __imp__sub_825C3CE0
  sub_825C3D00                     -> __imp__sub_825C3D00
  sub_825C3D18                     -> __imp__sub_825C3D18
  sub_825C3D30                     -> __imp__sub_825C3D30
  sub_825C3D50                     -> __imp__sub_825C3D50
  sub_825C3D70                     -> __imp__sub_825C3D70
  sub_825C3D88                     -> __imp__sub_825C3D88
  sub_825C3DA0                     -> __imp__sub_825C3DA0
  sub_825C3DB8                     -> __imp__sub_825C3DB8
  sub_825C3DD0                     -> __imp__sub_825C3DD0
  sub_825C3DF0                     -> __imp__sub_825C3DF0
  sub_825C3E10                     -> __imp__sub_825C3E10
  sub_825C3E30                     -> __imp__sub_825C3E30
  sub_825C3E50                     -> __imp__sub_825C3E50
  sub_825C3E70                     -> __imp__sub_825C3E70
  sub_825C3E88                     -> __imp__sub_825C3E88
  sub_825C3EA8                     -> __imp__sub_825C3EA8
  sub_825C3EC8                     -> __imp__sub_825C3EC8
  sub_825C3EE8                     -> __imp__sub_825C3EE8
  sub_825C3F08                     -> __imp__sub_825C3F08
  sub_825C3F28                     -> __imp__sub_825C3F28
  sub_825C3F68                     -> __imp__sub_825C3F68
  sub_825C3FD8                     -> __imp__sub_825C3FD8
  sub_825C4078                     -> __imp__sub_825C4078
  sub_825C40A0                     -> __imp__sub_825C40A0
  sub_825C40E0                     -> __imp__sub_825C40E0
  sub_825C41B8                     -> __imp__sub_825C41B8
  sub_825C41F0                     -> __imp__sub_825C41F0
  sub_825C4348                     -> __imp__sub_825C4348
  sub_825C43C8                     -> __imp__sub_825C43C8
  sub_825C43E8                     -> __imp__sub_825C43E8
  sub_825C4408                     -> __imp__sub_825C4408
  sub_825C4428                     -> __imp__sub_825C4428
  sub_825C4448                     -> __imp__sub_825C4448
  sub_825C4468                     -> __imp__sub_825C4468
  sub_825C4480                     -> __imp__sub_825C4480
  sub_825C44A0                     -> __imp__sub_825C44A0
  sub_825C44C0                     -> __imp__sub_825C44C0
  sub_825C44E0                     -> __imp__sub_825C44E0
  sub_825C4500                     -> __imp__sub_825C4500
  sub_825C4518                     -> __imp__sub_825C4518
  sub_825C4E10                     -> __imp__sub_825C4E10
  sub_825C5540                     -> __imp__sub_825C5540
  sub_825C5E38                     -> __imp__sub_825C5E38
  sub_825C5E58                     -> __imp__sub_825C5E58
  sub_825C5E78                     -> __imp__sub_825C5E78
  sub_825C5E98                     -> __imp__sub_825C5E98
  sub_825C5EB8                     -> __imp__sub_825C5EB8
  sub_825C5ED8                     -> __imp__sub_825C5ED8
  sub_825C5EF0                     -> __imp__sub_825C5EF0
  sub_825C5F10                     -> __imp__sub_825C5F10
  sub_825C5F30                     -> __imp__sub_825C5F30
  sub_825C5F50                     -> __imp__sub_825C5F50
  sub_825C5F70                     -> __imp__sub_825C5F70
  sub_825C5F90                     -> __imp__sub_825C5F90
  sub_825C5FA8                     -> __imp__sub_825C5FA8
  sub_825C5FC8                     -> __imp__sub_825C5FC8
  sub_825C5FE0                     -> __imp__sub_825C5FE0
  sub_825C5FF8                     -> __imp__sub_825C5FF8
  sub_825C6010                     -> __imp__sub_825C6010
  sub_825C6030                     -> __imp__sub_825C6030
  sub_825C6050                     -> __imp__sub_825C6050
  sub_825C6070                     -> __imp__sub_825C6070
  sub_825C6090                     -> __imp__sub_825C6090
  sub_825C60B0                     -> __imp__sub_825C60B0
  sub_825C60D0                     -> __imp__sub_825C60D0
  sub_825C60F0                     -> __imp__sub_825C60F0
  sub_825C6108                     -> __imp__sub_825C6108
  sub_825C6128                     -> __imp__sub_825C6128
  sub_825C6148                     -> __imp__sub_825C6148
  sub_825C6168                     -> __imp__sub_825C6168
  sub_825C6188                     -> __imp__sub_825C6188
  sub_825C61B8                     -> __imp__sub_825C61B8
  sub_825C61C8                     -> __imp__sub_825C61C8
  sub_825C6200                     -> __imp__sub_825C6200
  sub_825C6238                     -> __imp__sub_825C6238
  sub_825C6270                     -> __imp__sub_825C6270
  sub_825C6280                     -> __imp__sub_825C6280
  sub_825C62A0                     -> __imp__sub_825C62A0
  sub_825C62C0                     -> __imp__sub_825C62C0
  sub_825C62E0                     -> __imp__sub_825C62E0
  sub_825C6300                     -> __imp__sub_825C6300
  sub_825C6320                     -> __imp__sub_825C6320
  sub_825C6338                     -> __imp__sub_825C6338
  sub_825C6358                     -> __imp__sub_825C6358
  sub_825C6378                     -> __imp__sub_825C6378
  sub_825C6398                     -> __imp__sub_825C6398
  sub_825C6408                     -> __imp__sub_825C6408
  sub_825C6480                     -> __imp__sub_825C6480
  sub_825C64B0                     -> __imp__sub_825C64B0
  sub_825C6528                     -> __imp__sub_825C6528
  sub_825C6550                     -> __imp__sub_825C6550
  sub_825C6570                     -> __imp__sub_825C6570
  sub_825C6580                     -> __imp__sub_825C6580
  sub_825C65A0                     -> __imp__sub_825C65A0
  sub_825C65F8                     -> __imp__sub_825C65F8
  sub_825C6630                     -> __imp__sub_825C6630
  sub_825C6668                     -> __imp__sub_825C6668
  sub_825C66A0                     -> __imp__sub_825C66A0
  sub_825C66E0                     -> __imp__sub_825C66E0
  sub_825C66F8                     -> __imp__sub_825C66F8
  sub_825C6700                     -> __imp__sub_825C6700
  sub_825C6718                     -> __imp__sub_825C6718
  sub_825C6748                     -> __imp__sub_825C6748
  sub_825C6758                     -> __imp__sub_825C6758
  sub_825C67A0                     -> __imp__sub_825C67A0
  sub_825C67B0                     -> __imp__sub_825C67B0
  sub_825C67C8                     -> __imp__sub_825C67C8
  sub_825C67D0                     -> __imp__sub_825C67D0
  sub_825C67D8                     -> __imp__sub_825C67D8
  sub_825C67E0                     -> __imp__sub_825C67E0
  sub_825C67E8                     -> __imp__sub_825C67E8
  sub_825C67F0                     -> __imp__sub_825C67F0
  sub_825C67F8                     -> __imp__sub_825C67F8
  sub_825C6800                     -> __imp__sub_825C6800
  sub_825C6808                     -> __imp__sub_825C6808
  sub_825C6810                     -> __imp__sub_825C6810
  sub_825C6818                     -> __imp__sub_825C6818
  sub_825C6820                     -> __imp__sub_825C6820
  sub_825C6828                     -> __imp__sub_825C6828
  sub_825C6830                     -> __imp__sub_825C6830
  sub_825C6838                     -> __imp__sub_825C6838
  sub_825C6840                     -> __imp__sub_825C6840
  sub_825C6848                     -> __imp__sub_825C6848
  sub_825C6850                     -> __imp__sub_825C6850
  sub_825C6858                     -> __imp__sub_825C6858
  sub_825C6870                     -> __imp__sub_825C6870
  sub_825C6888                     -> __imp__sub_825C6888
  sub_825C6890                     -> __imp__sub_825C6890
  sub_825C6898                     -> __imp__sub_825C6898
  sub_825C68A0                     -> __imp__sub_825C68A0
  sub_825C68A8                     -> __imp__sub_825C68A8
  sub_825C68B0                     -> __imp__sub_825C68B0
  sub_825C68B8                     -> __imp__sub_825C68B8
  sub_825C68C0                     -> __imp__sub_825C68C0
  sub_825C68D0                     -> __imp__sub_825C68D0
  sub_825C68E8                     -> __imp__sub_825C68E8
  sub_825C68F0                     -> __imp__sub_825C68F0
  sub_825C68F8                     -> __imp__sub_825C68F8
  sub_825C6908                     -> __imp__sub_825C6908
  sub_825C6918                     -> __imp__sub_825C6918
  sub_825C6938                     -> __imp__sub_825C6938
  sub_825C6990                     -> __imp__sub_825C6990
  sub_825C69A0                     -> __imp__sub_825C69A0
  sub_825C69F8                     -> __imp__sub_825C69F8
  sub_825C6A38                     -> __imp__sub_825C6A38
  sub_825C6A48                     -> __imp__sub_825C6A48
  sub_825C6A88                     -> __imp__sub_825C6A88
  sub_825C6AF8                     -> __imp__sub_825C6AF8
  sub_825C6B10                     -> __imp__sub_825C6B10
  sub_825C6B28                     -> __imp__sub_825C6B28
  sub_825C6B40                     -> __imp__sub_825C6B40

Chamadas externas/nao encontradas:
  __imp__DbgPrint
  __imp__ExCreateThread
  __imp__ExGetXConfigSetting
  __imp__ExRegisterTitleTerminateNotification
  __imp__ExTerminateThread
  __imp__HalReturnToFirmware
  __imp__KeAcquireSpinLockAtRaisedIrql
  __imp__KeBugCheck
  __imp__KeBugCheckEx
  __imp__KeDelayExecutionThread
  __imp__KeEnableFpuExceptions
  __imp__KeEnterCriticalRegion
  __imp__KeGetCurrentProcessType
  __imp__KeLeaveCriticalRegion
  __imp__KeLockL2
  __imp__KeQueryBasePriorityThread
  __imp__KeQueryPerformanceFrequency
  __imp__KeQuerySystemTime
  __imp__KeRaiseIrqlToDpcLevel
  __imp__KeReleaseSpinLockFromRaisedIrql
  __imp__KeResetEvent
  __imp__KeSetAffinityThread
  __imp__KeSetBasePriorityThread
  __imp__KeSetEvent
  __imp__KeTlsAlloc
  __imp__KeTlsFree
  __imp__KeTlsGetValue
  __imp__KeTlsSetValue
  __imp__KeTryToAcquireSpinLockAtRaisedIrql
  __imp__KeUnlockL2
  __imp__KeWaitForSingleObject
  __imp__KfAcquireSpinLock
  __imp__KfLowerIrql
  __imp__KfReleaseSpinLock
  __imp__KiApcNormalRoutineNop
  __imp__MmAllocatePhysicalMemoryEx
  __imp__MmFreePhysicalMemory
  __imp__MmGetPhysicalAddress
  __imp__MmQueryAddressProtect
  __imp__MmQueryAllocationSize
  __imp__NetDll_WSACloseEvent
  __imp__NetDll_WSACreateEvent
  __imp__NetDll_WSAGetLastError
  __imp__NetDll_WSASetEvent
  __imp__NetDll_XNetConnect
  __imp__NetDll_XNetCreateKey
  __imp__NetDll_XNetDnsLookup
  __imp__NetDll_XNetDnsRelease
  __imp__NetDll_XNetGetConnectStatus
  __imp__NetDll_XNetGetEthernetLinkStatus
  __imp__NetDll_XNetGetTitleXnAddr
  __imp__NetDll_XNetQosLookup
  __imp__NetDll_XNetQosRelease
  __imp__NetDll_XNetQosServiceLookup
  __imp__NetDll_XNetRegisterKey
  __imp__NetDll_XNetXnAddrToInAddr
  __imp__NetDll_accept
  __imp__NetDll_bind
  __imp__NetDll_closesocket
  __imp__NetDll_connect
  __imp__NetDll_getpeername
  __imp__NetDll_getsockname
  __imp__NetDll_ioctlsocket
  __imp__NetDll_listen
  __imp__NetDll_recv
  __imp__NetDll_recvfrom
  __imp__NetDll_select
  __imp__NetDll_send
  __imp__NetDll_sendto
  __imp__NetDll_setsockopt
  __imp__NetDll_shutdown
  __imp__NetDll_socket
  __imp__NtAllocateVirtualMemory
  __imp__NtCancelTimer
  __imp__NtClearEvent
  __imp__NtClose
  __imp__NtCreateEvent
  __imp__NtCreateFile
  __imp__NtCreateSemaphore
  __imp__NtCreateTimer
  __imp__NtDuplicateObject
  __imp__NtFreeVirtualMemory
  __imp__NtOpenFile
  __imp__NtQueryDirectoryFile
  __imp__NtQueryInformationFile
  __imp__NtQueryVirtualMemory
  __imp__NtReadFile
  __imp__NtResumeThread
  __imp__NtSetEvent
  __imp__NtSetInformationFile
  __imp__NtSetTimerEx
  __imp__NtSuspendThread
  __imp__NtWaitForSingleObjectEx
  __imp__NtWriteFile
  __imp__ObDereferenceObject
  __imp__ObReferenceObjectByHandle
  __imp__RtlCaptureContext
  __imp__RtlCompareMemoryUlong
  __imp__RtlEnterCriticalSection
  __imp__RtlFillMemoryUlong
  __imp__RtlFreeAnsiString
  __imp__RtlImageXexHeaderField
  __imp__RtlInitAnsiString
  __imp__RtlInitUnicodeString
  __imp__RtlInitializeCriticalSection
  __imp__RtlLeaveCriticalSection
  __imp__RtlMultiByteToUnicodeN
  __imp__RtlNtStatusToDosError
  __imp__RtlRaiseException
  __imp__RtlTimeFieldsToTime
  __imp__RtlTimeToTimeFields
  __imp__RtlTryEnterCriticalSection
  __imp__RtlUnicodeStringToAnsiString
  __imp__RtlUnicodeToMultiByteN
  __imp__VdCallGraphicsNotificationRoutines
  __imp__VdEnableDisableClockGating
  __imp__VdEnableRingBufferRPtrWriteBack
  __imp__VdGetCurrentDisplayGamma
  __imp__VdGetCurrentDisplayInformation
  __imp__VdGetGraphicsAsicID
  __imp__VdGetSystemCommandBuffer
  __imp__VdInitializeEDRAM
  __imp__VdInitializeEngines
  __imp__VdInitializeRingBuffer
  __imp__VdInitializeScalerCommandBuffer
  __imp__VdIsHSIOTrainingSucceeded
  __imp__VdPersistDisplay
  __imp__VdQueryVideoFlags
  __imp__VdQueryVideoMode
  __imp__VdRetrainEDRAM
  __imp__VdRetrainEDRAMWorker
  __imp__VdSetDisplayMode
  __imp__VdSetGraphicsInterruptCallback
  __imp__VdSetSystemCommandBufferGpuIdentifierAddress
  __imp__VdShutdownEngines
  __imp__VdSwap
  __imp__XAudioGetSpeakerConfig
  __imp__XGetGameRegion
  __imp__XGetLanguage
  __imp__XGetVideoMode
  __imp__XMsgCancelIORequest
  __imp__XMsgInProcessCall
  __imp__XMsgStartIORequest
  __imp__XMsgStartIORequestEx
  __imp__XMsgSystemProcessCall
  __imp__XNetLogonGetMachineID
  __imp__XNetLogonGetTitleID
  __imp__XNotifyGetNext
  __imp__XamAlloc
  __imp__XamContentClose
  __imp__XamContentCreate
  __imp__XamContentCreateEnumerator
  __imp__XamContentDelete
  __imp__XamContentGetCreator
  __imp__XamContentGetDeviceData
  __imp__XamContentGetDeviceName
  __imp__XamContentGetDeviceState
  __imp__XamContentSetThumbnail
  __imp__XamEnumerate
  __imp__XamFree
  __imp__XamGetExecutionId
  __imp__XamGetSystemVersion
  __imp__XamInputGetState
  __imp__XamInputSetState
  __imp__XamLoaderGetLaunchData
  __imp__XamLoaderLaunchTitle
  __imp__XamLoaderSetLaunchData
  __imp__XamLoaderTerminateTitle
  __imp__XamNotifyCreateListener
  __imp__XamParseGamerTileKey
  __imp__XamReadTileToTexture
  __imp__XamSessionCreateHandle
  __imp__XamSessionRefObjByHandle
  __imp__XamShowDeviceSelectorUI
  __imp__XamShowDirtyDiscErrorUI
  __imp__XamShowMessageBoxUIEx
  __imp__XamShowSigninUI
  __imp__XamUserAreUsersFriends
  __imp__XamUserCheckPrivilege
  __imp__XamUserCreateAchievementEnumerator
  __imp__XamUserGetName
  __imp__XamUserGetSigninState
  __imp__XamUserGetXUID
  __imp__XamUserReadProfileSettings
  __imp__XamVoiceClose
  __imp__XamVoiceCreate
  __imp__XamVoiceHeadsetPresent
  __imp__XamVoiceSubmitPacket
  __imp__XexCheckExecutablePrivilege
  __imp___vsnprintf
  __imp__sprintf
  __imp__vswprintf
