=== Burnout Revenge graphics_init_test ===
base = 00000205D45F0000
Imagem carregada: 14286848 bytes
[LOOKUP] 823EE808 slot before commit: State=0x2000 Protect=0x0
[LOOKUP] committed [0x82DA0000,0x8383AFD0), 6621 mappings
[RtlInitializeCriticalSection] guest=0x70006000
[IMPORT] KeDebugMonitorData slot=820007CC variable=70005000 value=0

r13/KPCR        = 0x70000000
current thread  = 0x70001000
thread id       = 0x00000001
graphics object = 0x71000000
config          = 0x71010000
stack           = 0x720FF000
flags           = 0x00000000

global SYSTEM @8200079C = 0x70003000
global USER   @820007A0 = 0x70002000
[BOOT] entering real XEX _xstart at 825B0500
[INDIRECT] tid=1 call target=0x825B0500 LR=0x00000000
[PPC MILESTONE] __imp___xstart tid=0 LR=00000000 r1=720FF000 r3=00000000 r4=00000000
[NtAllocateVirtualMemory] base*=0x00000000 size*=0x00100000 type=0x60002000 protect=0x00000004 r7=0x00000000
  RESERVE guest=0x30000000 size=0x100000
[NtAllocateVirtualMemory] base*=0x30000000 size*=0x00010000 type=0x60001000 protect=0x00000004 r7=0x00000000
  COMMIT guest=0x30000000 host=00000206045F0000 size=0x10000
[KeGetCurrentProcessType] -> 1 (USER)
[RtlInitializeCriticalSection] guest=0x30000610
[RtlEnterCriticalSection] guest=0x826AFCB8
[RtlLeaveCriticalSection] guest=0x826AFCB8
[INDIRECT] tid=1 call target=0x825AD0A8 LR=0x825AD120
[RtlInitializeCriticalSection] guest=0x82D3DEA8
[INDIRECT] tid=1 returned target=0x825AD0A8 caller=0x825AD120
[INDIRECT] tid=1 call target=0x825AD0A8 LR=0x825AD120
[RtlInitializeCriticalSection] guest=0x82D3DEC4
[INDIRECT] tid=1 returned target=0x825AD0A8 caller=0x825AD120
[INDIRECT] tid=1 call target=0x825AD0A8 LR=0x825AD120
[RtlInitializeCriticalSection] guest=0x82D3DEE0
[INDIRECT] tid=1 returned target=0x825AD0A8 caller=0x825AD120
[INDIRECT] tid=1 call target=0x825AD0A8 LR=0x825AD120
[RtlInitializeCriticalSection] guest=0x82D3DEFC
[INDIRECT] tid=1 returned target=0x825AD0A8 caller=0x825AD120
[INDIRECT] tid=1 call target=0x825AD0A8 LR=0x825AD120
[RtlInitializeCriticalSection] guest=0x82D3DF18
[INDIRECT] tid=1 returned target=0x825AD0A8 caller=0x825AD120
[INDIRECT] tid=1 call target=0x825AD0A8 LR=0x825AD120
[RtlInitializeCriticalSection] guest=0x82D3DF34
[INDIRECT] tid=1 returned target=0x825AD0A8 caller=0x825AD120
[INDIRECT] tid=1 call target=0x825AD0A8 LR=0x825AD120
[RtlInitializeCriticalSection] guest=0x82D3DF50
[INDIRECT] tid=1 returned target=0x825AD0A8 caller=0x825AD120
[INDIRECT] tid=1 call target=0x825AD0A8 LR=0x825AD120
[RtlInitializeCriticalSection] guest=0x82D3DF6C
[INDIRECT] tid=1 returned target=0x825AD0A8 caller=0x825AD120
[INDIRECT] tid=1 call target=0x825AD0A8 LR=0x825AD120
[RtlInitializeCriticalSection] guest=0x82D3DF88
[INDIRECT] tid=1 returned target=0x825AD0A8 caller=0x825AD120
[INDIRECT] tid=1 call target=0x825AD0A8 LR=0x825AD120
[RtlInitializeCriticalSection] guest=0x82D3DFA4
[INDIRECT] tid=1 returned target=0x825AD0A8 caller=0x825AD120
[INDIRECT] tid=1 call target=0x825AD0A8 LR=0x825AD120
[RtlInitializeCriticalSection] guest=0x82D3DFC0
[INDIRECT] tid=1 returned target=0x825AD0A8 caller=0x825AD120
[INDIRECT] tid=1 call target=0x825AD0A8 LR=0x825AD120
[RtlInitializeCriticalSection] guest=0x82D3DFDC
[INDIRECT] tid=1 returned target=0x825AD0A8 caller=0x825AD120
[INDIRECT] tid=1 call target=0x825AD0A8 LR=0x825AD120
[RtlInitializeCriticalSection] guest=0x82D3DFF8
[INDIRECT] tid=1 returned target=0x825AD0A8 caller=0x825AD120
[INDIRECT] tid=1 call target=0x825AD0A8 LR=0x825AD120
[RtlInitializeCriticalSection] guest=0x82D3E014
[INDIRECT] tid=1 returned target=0x825AD0A8 caller=0x825AD120
[INDIRECT] tid=1 call target=0x825A5118 LR=0x825A53DC
[KeTlsAlloc] slot=0 KPCR=70000000
[INDIRECT] tid=1 returned target=0x825A5118 caller=0x825A53DC
[KeGetCurrentProcessType] -> 1 (USER)
[RtlEnterCriticalSection] guest=0x30000610
[RtlLeaveCriticalSection] guest=0x30000610
[INDIRECT] tid=1 call target=0x825C75DC LR=0x825A5414
[INDIRECT] tid=1 returned target=0x825C75DC caller=0x825A5414
[RtlEnterCriticalSection] guest=0x826AFCB8
[RtlLeaveCriticalSection] guest=0x826AFCB8
[INDIRECT] tid=1 call target=0x8259DEA0 LR=0x825B4D18
[KeGetCurrentProcessType] -> 1 (USER)
[RtlEnterCriticalSection] guest=0x30000610
[RtlLeaveCriticalSection] guest=0x30000610
[INDIRECT] tid=1 returned target=0x8259DEA0 caller=0x825B4D18
[INDIRECT] tid=1 call target=0x825AAAD8 LR=0x825B4D18
[KeGetCurrentProcessType] -> 1 (USER)
[RtlEnterCriticalSection] guest=0x30000610
[RtlLeaveCriticalSection] guest=0x30000610
[INDIRECT] tid=1 returned target=0x825AAAD8 caller=0x825B4D18
[INDIRECT] tid=1 call target=0x8259BAB8 LR=0x825B4C18
[INDIRECT] tid=1 returned target=0x8259BAB8 caller=0x825B4C18
[INDIRECT] tid=1 call target=0x825A6298 LR=0x825B4C54
[KeGetCurrentProcessType] -> 1 (USER)
[RtlEnterCriticalSection] guest=0x30000610
[RtlLeaveCriticalSection] guest=0x30000610
[INDIRECT] tid=1 returned target=0x825A6298 caller=0x825B4C54
[INDIRECT] tid=1 call target=0x825AB348 LR=0x825B4C54
[INDIRECT] tid=1 returned target=0x825AB348 caller=0x825B4C54
[INDIRECT] tid=1 call target=0x825AA218 LR=0x825B4CA0
[KeQuerySystemTime] ticks=134340787423742202 destination=720FED60
[INDIRECT] tid=1 returned target=0x825AA218 caller=0x825B4CA0
[INDIRECT] tid=1 call target=0x825AA218 LR=0x825B4CA0
[INDIRECT] tid=1 returned target=0x825AA218 caller=0x825B4CA0
[INDIRECT] tid=1 call target=0x825C66A0 LR=0x825B4CA0
[RtlEnterCriticalSection] guest=0x82D3DF50
[KeGetCurrentProcessType] -> 1 (USER)
[RtlLeaveCriticalSection] guest=0x82D3DF50
[INDIRECT] tid=1 returned target=0x825C66A0 caller=0x825B4CA0
[INDIRECT] tid=1 call target=0x825C0510 LR=0x825B4CA0
[INDIRECT] tid=1 returned target=0x825C0510 caller=0x825B4CA0
[INDIRECT] tid=1 call target=0x825C0530 LR=0x825B4CA0
[INDIRECT] tid=1 returned target=0x825C0530 caller=0x825B4CA0
[INDIRECT] tid=1 call target=0x825C0550 LR=0x825B4CA0
[INDIRECT] tid=1 returned target=0x825C0550 caller=0x825B4CA0
[INDIRECT] tid=1 call target=0x825C0570 LR=0x825B4CA0
[INDIRECT] tid=1 returned target=0x825C0570 caller=0x825B4CA0
[INDIRECT] tid=1 call target=0x825C0590 LR=0x825B4CA0
[INDIRECT] tid=1 returned target=0x825C0590 caller=0x825B4CA0
[INDIRECT] tid=1 call target=0x825C05B0 LR=0x825B4CA0
[INDIRECT] tid=1 returned target=0x825C05B0 caller=0x825B4CA0
[INDIRECT] tid=1 call target=0x825C05C8 LR=0x825B4CA0
[INDIRECT] tid=1 returned target=0x825C05C8 caller=0x825B4CA0
[INDIRECT] tid=1 call target=0x825C05E8 LR=0x825B4CA0
[INDIRECT] tid=1 returned target=0x825C05E8 caller=0x825B4CA0
[INDIRECT] tid=1 call target=0x825C0608 LR=0x825B4CA0
[INDIRECT] tid=1 returned target=0x825C0608 caller=0x825B4CA0
[INDIRECT] tid=1 call target=0x825C0628 LR=0x825B4CA0
[INDIRECT] tid=1 returned target=0x825C0628 caller=0x825B4CA0
[INDIRECT] tid=1 call target=0x825C0648 LR=0x825B4CA0
[INDIRECT] tid=1 returned target=0x825C0648 caller=0x825B4CA0
[INDIRECT] tid=1 call target=0x825C0668 LR=0x825B4CA0
[INDIRECT] tid=1 returned target=0x825C0668 caller=0x825B4CA0
[INDIRECT] tid=1 call target=0x825C0688 LR=0x825B4CA0
[INDIRECT] tid=1 returned target=0x825C0688 caller=0x825B4CA0
[INDIRECT] tid=1 call target=0x825C06A8 LR=0x825B4CA0
[INDIRECT] tid=1 returned target=0x825C06A8 caller=0x825B4CA0
[INDIRECT] tid=1 call target=0x825C06C8 LR=0x825B4CA0
[INDIRECT] tid=1 returned target=0x825C06C8 caller=0x825B4CA0
[INDIRECT] tid=1 call target=0x825C06E8 LR=0x825B4CA0
[INDIRECT] tid=1 returned target=0x825C06E8 caller=0x825B4CA0
[INDIRECT] tid=1 call target=0x825C0708 LR=0x825B4CA0
[INDIRECT] tid=1 returned target=0x825C0708 caller=0x825B4CA0
[INDIRECT] tid=1 call target=0x825C0728 LR=0x825B4CA0
[INDIRECT] tid=1 returned target=0x825C0728 caller=0x825B4CA0
[INDIRECT] tid=1 call target=0x825C0748 LR=0x825B4CA0
[INDIRECT] tid=1 returned target=0x825C0748 caller=0x825B4CA0
[INDIRECT] tid=1 call target=0x825C0768 LR=0x825B4CA0
[INDIRECT] tid=1 returned target=0x825C0768 caller=0x825B4CA0
[INDIRECT] tid=1 call target=0x825C0788 LR=0x825B4CA0
[INDIRECT] tid=1 returned target=0x825C0788 caller=0x825B4CA0
[INDIRECT] tid=1 call target=0x825C07A8 LR=0x825B4CA0
[INDIRECT] tid=1 returned target=0x825C07A8 caller=0x825B4CA0
[INDIRECT] tid=1 call target=0x825C07C8 LR=0x825B4CA0
[INDIRECT] tid=1 returned target=0x825C07C8 caller=0x825B4CA0
[INDIRECT] tid=1 call target=0x825C07E8 LR=0x825B4CA0
[INDIRECT] tid=1 returned target=0x825C07E8 caller=0x825B4CA0
[INDIRECT] tid=1 call target=0x825C0808 LR=0x825B4CA0
[INDIRECT] tid=1 returned target=0x825C0808 caller=0x825B4CA0
[INDIRECT] tid=1 call target=0x825C0828 LR=0x825B4CA0
[INDIRECT] tid=1 returned target=0x825C0828 caller=0x825B4CA0
[INDIRECT] tid=1 call target=0x825C0848 LR=0x825B4CA0
[INDIRECT] tid=1 returned target=0x825C0848 caller=0x825B4CA0
[INDIRECT] tid=1 call target=0x825C0868 LR=0x825B4CA0
[INDIRECT] tid=1 returned target=0x825C0868 caller=0x825B4CA0
[INDIRECT] tid=1 call target=0x825C0888 LR=0x825B4CA0
[INDIRECT] tid=1 returned target=0x825C0888 caller=0x825B4CA0
[INDIRECT] tid=1 call target=0x825C08A8 LR=0x825B4CA0
[INDIRECT] tid=1 returned target=0x825C08A8 caller=0x825B4CA0
[INDIRECT] tid=1 call target=0x825C08C8 LR=0x825B4CA0
[INDIRECT] tid=1 returned target=0x825C08C8 caller=0x825B4CA0
[INDIRECT] tid=1 call target=0x825C08E8 LR=0x825B4CA0
[INDIRECT] tid=1 returned target=0x825C08E8 caller=0x825B4CA0
[INDIRECT] tid=1 call target=0x825C0908 LR=0x825B4CA0
[INDIRECT] tid=1 returned target=0x825C0908 caller=0x825B4CA0
[INDIRECT] tid=1 call target=0x825C0928 LR=0x825B4CA0
[INDIRECT] tid=1 returned target=0x825C0928 caller=0x825B4CA0
[INDIRECT] tid=1 call target=0x825C0940 LR=0x825B4CA0
[INDIRECT] tid=1 returned target=0x825C0940 caller=0x825B4CA0
[INDIRECT] tid=1 call target=0x825C0960 LR=0x825B4CA0
[INDIRECT] tid=1 returned target=0x825C0960 caller=0x825B4CA0
[INDIRECT] tid=1 call target=0x825C0980 LR=0x825B4CA0
[INDIRECT] tid=1 returned target=0x825C0980 caller=0x825B4CA0
[INDIRECT] tid=1 call target=0x825C09A0 LR=0x825B4CA0
[INDIRECT] tid=1 returned target=0x825C09A0 caller=0x825B4CA0
[INDIRECT] tid=1 call target=0x825C09C0 LR=0x825B4CA0
[INDIRECT] tid=1 returned target=0x825C09C0 caller=0x825B4CA0
[RtlInitializeCriticalSection] guest=0x8284BAA4
[RtlEnterCriticalSection] guest=0x8284BAA4
[RtlLeaveCriticalSection] guest=0x8284BAA4
[RtlEnterCriticalSection] guest=0x82D3DF50
[KeGetCurrentProcessType] -> 1 (USER)
[RtlLeaveCriticalSection] guest=0x82D3DF50
[RtlInitializeCriticalSection] guest=0x82A52D34
[RtlEnterCriticalSection] guest=0x82A52D34
[MmAllocatePhysicalMemoryEx] guest=0x10000000 size=0x6000 align=0x1000 flags=0x00000004
[RtlLeaveCriticalSection] guest=0x82A52D34
[RtlEnterCriticalSection] guest=0x82A52D34
[MmAllocatePhysicalMemoryEx] guest=0x10006000 size=0x78000 align=0x1000 flags=0x00000004
[RtlLeaveCriticalSection] guest=0x82A52D34
[RtlEnterCriticalSection] guest=0x82D3DF50
[KeGetCurrentProcessType] -> 1 (USER)
[RtlLeaveCriticalSection] guest=0x82D3DF50
[RtlInitializeCriticalSection] guest=0x82A49810
[RtlEnterCriticalSection] guest=0x82A49810
[RtlLeaveCriticalSection] guest=0x82A49810
[RtlEnterCriticalSection] guest=0x82D3DF50
[KeGetCurrentProcessType] -> 1 (USER)
[RtlLeaveCriticalSection] guest=0x82D3DF50
[RtlEnterCriticalSection] guest=0x82D3DF50
[KeGetCurrentProcessType] -> 1 (USER)
[RtlLeaveCriticalSection] guest=0x82D3DF50
[RtlEnterCriticalSection] guest=0x82D3DF50
[KeGetCurrentProcessType] -> 1 (USER)
[RtlLeaveCriticalSection] guest=0x82D3DF50
[RtlEnterCriticalSection] guest=0x82D3DF50
[KeGetCurrentProcessType] -> 1 (USER)
[RtlLeaveCriticalSection] guest=0x82D3DF50
[RtlEnterCriticalSection] guest=0x82D3DF50
[KeGetCurrentProcessType] -> 1 (USER)
[RtlLeaveCriticalSection] guest=0x82D3DF50
[RtlEnterCriticalSection] guest=0x82D3DF50
[KeGetCurrentProcessType] -> 1 (USER)
[RtlLeaveCriticalSection] guest=0x82D3DF50
[RtlEnterCriticalSection] guest=0x82D3DF50
[KeGetCurrentProcessType] -> 1 (USER)
[RtlLeaveCriticalSection] guest=0x82D3DF50
[RtlEnterCriticalSection] guest=0x82D3DF50
[KeGetCurrentProcessType] -> 1 (USER)
[RtlLeaveCriticalSection] guest=0x82D3DF50
[RtlEnterCriticalSection] guest=0x82D3DF50
[KeGetCurrentProcessType] -> 1 (USER)
[RtlLeaveCriticalSection] guest=0x82D3DF50
[RtlEnterCriticalSection] guest=0x82D3DF50
[KeGetCurrentProcessType] -> 1 (USER)
[RtlLeaveCriticalSection] guest=0x82D3DF50
[RtlEnterCriticalSection] guest=0x82D3DF50
[KeGetCurrentProcessType] -> 1 (USER)
[RtlLeaveCriticalSection] guest=0x82D3DF50
[RtlEnterCriticalSection] guest=0x82D3DF50
[KeGetCurrentProcessType] -> 1 (USER)
[RtlLeaveCriticalSection] guest=0x82D3DF50
[RtlEnterCriticalSection] guest=0x82D3DF50
[KeGetCurrentProcessType] -> 1 (USER)
[RtlLeaveCriticalSection] guest=0x82D3DF50
[RtlEnterCriticalSection] guest=0x82D3DF50
[KeGetCurrentProcessType] -> 1 (USER)
[RtlLeaveCriticalSection] guest=0x82D3DF50
[RtlEnterCriticalSection] guest=0x82D3DF50
[KeGetCurrentProcessType] -> 1 (USER)
[RtlLeaveCriticalSection] guest=0x82D3DF50
[RtlEnterCriticalSection] guest=0x82D3DF50
[KeGetCurrentProcessType] -> 1 (USER)
[RtlLeaveCriticalSection] guest=0x82D3DF50
[RtlEnterCriticalSection] guest=0x82D3DF50
[KeGetCurrentProcessType] -> 1 (USER)
[RtlLeaveCriticalSection] guest=0x82D3DF50
[RtlEnterCriticalSection] guest=0x82D3DF50
[KeGetCurrentProcessType] -> 1 (USER)
[RtlLeaveCriticalSection] guest=0x82D3DF50
[RtlEnterCriticalSection] guest=0x82D3DF50
[KeGetCurrentProcessType] -> 1 (USER)
[RtlLeaveCriticalSection] guest=0x82D3DF50
[RtlEnterCriticalSection] guest=0x82D3DF50
[KeGetCurrentProcessType] -> 1 (USER)
[RtlLeaveCriticalSection] guest=0x82D3DF50
[RtlEnterCriticalSection] guest=0x82D3DF50
[KeGetCurrentProcessType] -> 1 (USER)
[RtlLeaveCriticalSection] guest=0x82D3DF50
[RtlEnterCriticalSection] guest=0x82D3DF50
[KeGetCurrentProcessType] -> 1 (USER)
[RtlLeaveCriticalSection] guest=0x82D3DF50
[RtlEnterCriticalSection] guest=0x82D3DF50
[KeGetCurrentProcessType] -> 1 (USER)
[RtlLeaveCriticalSection] guest=0x82D3DF50
[RtlEnterCriticalSection] guest=0x82D3DF50
[KeGetCurrentProcessType] -> 1 (USER)
[RtlLeaveCriticalSection] guest=0x82D3DF50
[RtlEnterCriticalSection] guest=0x82D3DF50
[KeGetCurrentProcessType] -> 1 (USER)
[RtlLeaveCriticalSection] guest=0x82D3DF50
[RtlEnterCriticalSection] guest=0x82D3DF50
[KeGetCurrentProcessType] -> 1 (USER)
[RtlLeaveCriticalSection] guest=0x82D3DF50
[RtlEnterCriticalSection] guest=0x82D3DF50
[KeGetCurrentProcessType] -> 1 (USER)
[RtlLeaveCriticalSection] guest=0x82D3DF50
[RtlEnterCriticalSection] guest=0x82D3DF50
[KeGetCurrentProcessType] -> 1 (USER)
[RtlLeaveCriticalSection] guest=0x82D3DF50
[RtlEnterCriticalSection] guest=0x82D3DF50
[KeGetCurrentProcessType] -> 1 (USER)
[RtlLeaveCriticalSection] guest=0x82D3DF50
[RtlEnterCriticalSection] guest=0x82D3DF50
[KeGetCurrentProcessType] -> 1 (USER)
[KeGetCurrentProcessType] -> 1 (USER)
[RtlEnterCriticalSection] guest=0x30000610
[KeGetCurrentProcessType] -> 1 (USER)
[KeGetCurrentProcessType] -> 1 (USER)
[RtlLeaveCriticalSection] guest=0x30000610
[RtlLeaveCriticalSection] guest=0x82D3DF50
[RtlEnterCriticalSection] guest=0x82D3DF50
[KeGetCurrentProcessType] -> 1 (USER)
[RtlLeaveCriticalSection] guest=0x82D3DF50
[RtlEnterCriticalSection] guest=0x82D3DF50
[KeGetCurrentProcessType] -> 1 (USER)
[RtlLeaveCriticalSection] guest=0x82D3DF50
[RtlEnterCriticalSection] guest=0x82D3DF50
[KeGetCurrentProcessType] -> 1 (USER)
[RtlLeaveCriticalSection] guest=0x82D3DF50
[RtlInitializeCriticalSection] guest=0x82A555A0
[RtlEnterCriticalSection] guest=0x82A555A0
[RtlLeaveCriticalSection] guest=0x82A555A0
[RtlEnterCriticalSection] guest=0x82D3DF50
[KeGetCurrentProcessType] -> 1 (USER)
[RtlLeaveCriticalSection] guest=0x82D3DF50
[RtlInitializeCriticalSection] guest=0x82A5387C
[RtlEnterCriticalSection] guest=0x82A5387C
[RtlLeaveCriticalSection] guest=0x82A5387C
[RtlEnterCriticalSection] guest=0x82D3DF50
[KeGetCurrentProcessType] -> 1 (USER)
[RtlLeaveCriticalSection] guest=0x82D3DF50
[INDIRECT] tid=1 call target=0x8229FDA8 LR=0x82097250
[INDIRECT] tid=1 returned target=0x8229FDA8 caller=0x82097250
[INDIRECT] tid=1 call target=0x8229FDA8 LR=0x82097250
[INDIRECT] tid=1 returned target=0x8229FDA8 caller=0x82097250
[INDIRECT] tid=1 call target=0x8229FDA8 LR=0x82097250
[INDIRECT] tid=1 returned target=0x8229FDA8 caller=0x82097250
[INDIRECT] tid=1 call target=0x8229FDA8 LR=0x82097250
[INDIRECT] tid=1 returned target=0x8229FDA8 caller=0x82097250
[INDIRECT] tid=1 call target=0x8229FDA8 LR=0x82097250
[INDIRECT] tid=1 returned target=0x8229FDA8 caller=0x82097250
[INDIRECT] tid=1 call target=0x8229FDA8 LR=0x82097250
[INDIRECT] tid=1 returned target=0x8229FDA8 caller=0x82097250
[INDIRECT] tid=1 call target=0x8229FDA8 LR=0x82097250
[INDIRECT] tid=1 returned target=0x8229FDA8 caller=0x82097250
[INDIRECT] tid=1 call target=0x8229FDA8 LR=0x82097250
[INDIRECT] tid=1 returned target=0x8229FDA8 caller=0x82097250
[INDIRECT] tid=1 call target=0x825C60D0 LR=0x825B4CA0
[INDIRECT] tid=1 returned target=0x825C60D0 caller=0x825B4CA0
[INDIRECT] tid=1 call target=0x8212BB98 LR=0x82097250
[INDIRECT] tid=1 returned target=0x8212BB98 caller=0x82097250
[RtlInitializeCriticalSection] guest=0x82698088
[RtlEnterCriticalSection] guest=0x82698088
[RtlLeaveCriticalSection] guest=0x82698088
[ALLOC ARG ENTRY] LR=8234783C r3=82697BA0 r4=82D1D260 r5=0000D6D8 r6=00000000 r7=00000000 r8=00000000 r9=00000000 r29=00000000 r30=825E08D8 r31=82697BA0
[ALLOC ARG ENTRY] LR=823FFD54 r3=82697BA0 r4=82D1D260 r5=0000D6D8 r6=00000000 r7=00000000 r8=00000000 r9=00000000 r29=82D1D260 r30=825E08D8 r31=82697BA0
[RtlEnterCriticalSection] guest=0x82698088
[RtlLeaveCriticalSection] guest=0x82698088
[ALLOC ARG ENTRY] LR=823FFD54 r3=00000001 r4=82D1D280 r5=00000000 r6=00000000 r7=00000000 r8=82D1D280 r9=82D1D280 r29=82D1D260 r30=825E08D8 r31=82697BA0
[RtlEnterCriticalSection] guest=0x82D3DF50
[KeGetCurrentProcessType] -> 1 (USER)
[RtlLeaveCriticalSection] guest=0x82D3DF50
[RtlInitializeCriticalSection] guest=0x826980B8
[RtlEnterCriticalSection] guest=0x82D3DF50
[KeGetCurrentProcessType] -> 1 (USER)
[RtlLeaveCriticalSection] guest=0x82D3DF50
[RtlEnterCriticalSection] guest=0x82D3DF50
[KeGetCurrentProcessType] -> 1 (USER)
[RtlLeaveCriticalSection] guest=0x82D3DF50
[RtlInitializeCriticalSection] guest=0x82D2B378
[RtlEnterCriticalSection] guest=0x82D2B378
[RtlLeaveCriticalSection] guest=0x82D2B378
[RtlInitializeCriticalSection] guest=0x82D2B890
[RtlEnterCriticalSection] guest=0x82D2B890
[RtlLeaveCriticalSection] guest=0x82D2B890
[RtlEnterCriticalSection] guest=0x82D3DF50
[KeGetCurrentProcessType] -> 1 (USER)
[RtlLeaveCriticalSection] guest=0x82D3DF50
[RtlEnterCriticalSection] guest=0x82D3DF50
[KeGetCurrentProcessType] -> 1 (USER)
[RtlLeaveCriticalSection] guest=0x82D3DF50
[RtlEnterCriticalSection] guest=0x82D3DF50
[KeGetCurrentProcessType] -> 1 (USER)
[RtlLeaveCriticalSection] guest=0x82D3DF50
[RtlEnterCriticalSection] guest=0x82D3DF50
[KeGetCurrentProcessType] -> 1 (USER)
[RtlLeaveCriticalSection] guest=0x82D3DF50
[RtlEnterCriticalSection] guest=0x82D3DF50
[KeGetCurrentProcessType] -> 1 (USER)
[RtlLeaveCriticalSection] guest=0x82D3DF50
[RtlInitializeCriticalSection] guest=0x826AE294
[RtlEnterCriticalSection] guest=0x82D3DF50
[KeGetCurrentProcessType] -> 1 (USER)
[RtlLeaveCriticalSection] guest=0x82D3DF50
[RtlInitializeCriticalSection] guest=0x826AE2B4
[RtlEnterCriticalSection] guest=0x82D3DF50
[KeGetCurrentProcessType] -> 1 (USER)
[RtlLeaveCriticalSection] guest=0x82D3DF50
[RtlInitializeCriticalSection] guest=0x826AE6FC
[RtlEnterCriticalSection] guest=0x82D3DF50
[KeGetCurrentProcessType] -> 1 (USER)
[RtlLeaveCriticalSection] guest=0x82D3DF50
[RtlEnterCriticalSection] guest=0x82D3DF50
[KeGetCurrentProcessType] -> 1 (USER)
[RtlLeaveCriticalSection] guest=0x82D3DF50
[RtlEnterCriticalSection] guest=0x82D3DF50
[KeGetCurrentProcessType] -> 1 (USER)
[RtlLeaveCriticalSection] guest=0x82D3DF50
[RtlEnterCriticalSection] guest=0x82D3DF50
[KeGetCurrentProcessType] -> 1 (USER)
[RtlLeaveCriticalSection] guest=0x82D3DF50
[RtlEnterCriticalSection] guest=0x82D3DF50
[KeGetCurrentProcessType] -> 1 (USER)
[RtlLeaveCriticalSection] guest=0x82D3DF50
[XexCheckExecutablePrivilege] bit=10 flags=00000204 result=0
[PPC MILESTONE] __imp__sub_820A3AF0 tid=0 LR=825B069C r1=720FEE10 r3=00000000 r4=00000000
[KeEnableFpuExceptions] disabled; MXCSR=00001FA0
[KeEnableFpuExceptions] disabled; MXCSR=00001FA0
[PPC MILESTONE] __imp__sub_8211A9F0 tid=0 LR=820A3B30 r1=720FEDA0 r3=828465E0 r4=00000000
[KeTlsAlloc] slot=1 KPCR=70000000
[RtlInitializeCriticalSection] guest=0x82D3E210
[NtCreateSemaphore] out=720FEB20 attrs=00000000 count=0 limit=4096
[OBJECT] semaphore handle=00020000
[ObReferenceObjectByHandle] handle=00020000 guest=70100018 references=1
[THREAD CREATED] id=2 handle=00020004 object=70101018 startup=825B5358 worker=825B7820 argument=82D3E180 suspended=1 stack=[73001000,73041000)
[ObReferenceObjectByHandle] handle=00020004 guest=70101018 references=1
[THREAD AFFINITY] id=2 logical_cpu=1 previous=0
[THREAD RESUME] id=2 worker=825B7820 previous=1 remaining=0 caller_LR=825AEE14
[NtCreateSemaphore] out=720FEB20 attrs=00000000 count=0 limit=4096
[THREAD START] id=2 startup=825B5358 worker=825B7820 KPCR=70102000 TLS=70103000 SP=73040F00 LR=00000000 r3=825B7820 r4=82D3E180
[INDIRECT] tid=2 call target=0x825B5358 LR=0x00000000
[OBJECT] semaphore handle=00020008
[RtlEnterCriticalSection] guest=0x826AFCB8
[INDIRECT] tid=2 call target=0x825AB250 LR=0x825B44F0
[INDIRECT] tid=2 call target=0x823EE808 LR=0x825AB280
[INDIRECT] tid=2 returned target=0x823EE808 caller=0x825AB280
[INDIRECT] tid=2 returned target=0x825AB250 caller=0x825B44F0
[RtlLeaveCriticalSection] guest=0x826AFCB8
[INDIRECT] tid=2 call target=0x825B7820 LR=0x825B5394
[ObReferenceObjectByHandle] handle=00020008 guest=70104018 references=1
[THREAD YIELD] id=2 count=1 LR=825B5138
[THREAD CREATED] id=3 handle=0002000C object=70105018 startup=825B5358 worker=825B7820 argument=82D3E198 suspended=1 stack=[73043000,73083000)
[ObReferenceObjectByHandle] handle=0002000C guest=70105018 references=1
[THREAD AFFINITY] id=3 logical_cpu=2 previous=0
[THREAD RESUME] id=3 worker=825B7820 previous=1 remaining=0 caller_LR=825AEE14
[NtCreateSemaphore] out=720FEB20 attrs=00000000 count=0 limit=4096
[THREAD START] id=3 startup=825B5358 worker=825B7820 KPCR=70106000 TLS=70107000 SP=73082F00 LR=00000000 r3=825B7820 r4=82D3E198
[INDIRECT] tid=3 call target=0x825B5358 LR=0x00000000
[OBJECT] semaphore handle=00020010
[RtlEnterCriticalSection] guest=0x826AFCB8
[INDIRECT] tid=3 call target=0x825AB250 LR=0x825B44F0
[INDIRECT] tid=3 call target=0x823EE808 LR=0x825AB280
[INDIRECT] tid=3 returned target=0x823EE808 caller=0x825AB280
[INDIRECT] tid=3 returned target=0x825AB250 caller=0x825B44F0
[RtlLeaveCriticalSection] guest=0x826AFCB8
[INDIRECT] tid=3 call target=0x825B7820 LR=0x825B5394
[THREAD YIELD] id=3 count=1 LR=825B5138
[ObReferenceObjectByHandle] handle=00020010 guest=70108018 references=1
[THREAD CREATED] id=4 handle=00020014 object=70109018 startup=825B5358 worker=825B7820 argument=82D3E1B0 suspended=1 stack=[73085000,730C5000)
[ObReferenceObjectByHandle] handle=00020014 guest=70109018 references=1
[THREAD AFFINITY] id=4 logical_cpu=3 previous=0
[THREAD RESUME] id=4 worker=825B7820 previous=1 remaining=0 caller_LR=825AEE14
[NtCreateSemaphore] out=720FEB20 attrs=00000000 count=0 limit=4096
[THREAD START] id=4 startup=825B5358 worker=825B7820 KPCR=7010A000 TLS=7010B000 SP=730C4F00 LR=00000000 r3=825B7820 r4=82D3E1B0
[INDIRECT] tid=4 call target=0x825B5358 LR=0x00000000
[OBJECT] semaphore handle=00020018
[RtlEnterCriticalSection] guest=0x826AFCB8
[INDIRECT] tid=4 call target=0x825AB250 LR=0x825B44F0
[INDIRECT] tid=4 call target=0x823EE808 LR=0x825AB280
[INDIRECT] tid=4 returned target=0x823EE808 caller=0x825AB280
[INDIRECT] tid=4 returned target=0x825AB250 caller=0x825B44F0
[RtlLeaveCriticalSection] guest=0x826AFCB8
[ObReferenceObjectByHandle] handle=00020018 guest=7010C018 references=1
[INDIRECT] tid=4 call target=0x825B7820 LR=0x825B5394
[THREAD CREATED] id=5 handle=0002001C object=7010D018 startup=825B5358 worker=825B7820 argument=82D3E1C8 suspended=1 stack=[730C7000,73107000)
[THREAD YIELD] id=4 count=1 LR=825B5138
[ObReferenceObjectByHandle] handle=0002001C guest=7010D018 references=1
[THREAD AFFINITY] id=5 logical_cpu=4 previous=0
[THREAD RESUME] id=5 worker=825B7820 previous=1 remaining=0 caller_LR=825AEE14
[NtCreateSemaphore] out=720FEB20 attrs=00000000 count=0 limit=4096
[THREAD START] id=5 startup=825B5358 worker=825B7820 KPCR=7010E000 TLS=7010F000 SP=73106F00 LR=00000000 r3=825B7820 r4=82D3E1C8
[INDIRECT] tid=5 call target=0x825B5358 LR=0x00000000
[OBJECT] semaphore handle=00020020
[RtlEnterCriticalSection] guest=0x826AFCB8
[INDIRECT] tid=5 call target=0x825AB250 LR=0x825B44F0
[INDIRECT] tid=5 call target=0x823EE808 LR=0x825AB280
[INDIRECT] tid=5 returned target=0x823EE808 caller=0x825AB280
[INDIRECT] tid=5 returned target=0x825AB250 caller=0x825B44F0
[RtlLeaveCriticalSection] guest=0x826AFCB8
[INDIRECT] tid=5 call target=0x825B7820 LR=0x825B5394
[THREAD YIELD] id=5 count=1 LR=825B5138
[ObReferenceObjectByHandle] handle=00020020 guest=70110018 references=1
[THREAD CREATED] id=6 handle=00020024 object=70111018 startup=825B5358 worker=825B7820 argument=82D3E1E0 suspended=1 stack=[73109000,73149000)
[ObReferenceObjectByHandle] handle=00020024 guest=70111018 references=1
[THREAD AFFINITY] id=6 logical_cpu=5 previous=0
[THREAD RESUME] id=6 worker=825B7820 previous=1 remaining=0 caller_LR=825AEE14
[NtCreateSemaphore] out=720FEB20 attrs=00000000 count=0 limit=4096
[THREAD START] id=6 startup=825B5358 worker=825B7820 KPCR=70112000 TLS=70113000 SP=73148F00 LR=00000000 r3=825B7820 r4=82D3E1E0
[INDIRECT] tid=6 call target=0x825B5358 LR=0x00000000
[OBJECT] semaphore handle=00020028
[RtlEnterCriticalSection] guest=0x826AFCB8
[INDIRECT] tid=6 call target=0x825AB250 LR=0x825B44F0
[INDIRECT] tid=6 call target=0x823EE808 LR=0x825AB280
[INDIRECT] tid=6 returned target=0x823EE808 caller=0x825AB280
[INDIRECT] tid=6 returned target=0x825AB250 caller=0x825B44F0
[RtlLeaveCriticalSection] guest=0x826AFCB8
[INDIRECT] tid=6 call target=0x825B7820 LR=0x825B5394
[THREAD YIELD] id=6 count=1 LR=825B5138
[ObReferenceObjectByHandle] handle=00020028 guest=70114018 references=1
[THREAD CREATED] id=7 handle=0002002C object=70115018 startup=825B5358 worker=825B7820 argument=82D3E1F8 suspended=1 stack=[7314B000,7318B000)
[RtlNtStatusToDosError] status=C000000D error=87
[THREAD RESUME] id=7 worker=825B7820 previous=1 remaining=0 caller_LR=825AEE14
[KeQueryPerformanceFrequency] 50000000 Hz LR=825AF900
[RtlEnterCriticalSection] guest=0x82D3DF50
[KeGetCurrentProcessType] -> 1 (USER)
[RtlLeaveCriticalSection] guest=0x82D3DF50
[THREAD START] id=7 startup=825B5358 worker=825B7820 KPCR=70116000 TLS=70117000 SP=7318AF00 LR=00000000 r3=825B7820 r4=82D3E1F8
[INDIRECT] tid=7 call target=0x825B5358 LR=0x00000000
[THREAD WAIT] id=4 object=70108018 kind=0 reason=3 alertable=0 timeout_ms=4294967295 LR=825B7898
[THREAD WAIT] id=2 object=70100018 kind=0 reason=3 alertable=0 timeout_ms=4294967295 LR=825B7898
[THREAD WAIT] id=6 object=70110018 kind=0 reason=3 alertable=0 timeout_ms=4294967295 LR=825B7898
[THREAD WAIT] id=5 object=7010C018 kind=0 reason=3 alertable=0 timeout_ms=4294967295 LR=825B7898
[THREAD WAIT] id=3 object=70104018 kind=0 reason=3 alertable=0 timeout_ms=4294967295 LR=825B7898
[RtlEnterCriticalSection] guest=0x82D3E210
[RtlLeaveCriticalSection] guest=0x82D3E210
[RtlEnterCriticalSection] guest=0x826AFCB8
[INDIRECT] tid=7 call target=0x825AB250 LR=0x825B44F0
[INDIRECT] tid=7 call target=0x823EE808 LR=0x825AB280
[INDIRECT] tid=7 returned target=0x823EE808 caller=0x825AB280
[INDIRECT] tid=7 returned target=0x825AB250 caller=0x825B44F0
[RtlLeaveCriticalSection] guest=0x826AFCB8
[INDIRECT] tid=7 call target=0x825B7820 LR=0x825B5394
[THREAD MAIN REGISTERED] id=1 object=70001000 KPCR=70000000 stack=[72000000,72100000)
[NtDuplicateObject] source=FFFFFFFE duplicate=00020030 object=70001000
[THREAD WAIT] id=7 object=70114018 kind=0 reason=3 alertable=0 timeout_ms=4294967295 LR=825B7898
[MmAllocatePhysicalMemoryEx] guest=0x1007E000 size=0xA80A000 align=0x1000 flags=0x00000004
[MmAllocatePhysicalMemoryEx] guest=0x1A888000 size=0xD918000 align=0x1000 flags=0x00000004
[XGetVideoMode] out=720FECD0 bytes=48 1280x720 progressive 60Hz
[KeQueryPerformanceFrequency] 50000000 Hz LR=825AF900
[KeQueryPerformanceFrequency] 50000000 Hz LR=825AF900
[NtCreateTimer] out=720FEC00 attrs=00000000 type=0
[OBJECT] timer handle=00020034 object=70118018 type=0
[THREAD CREATED] id=8 handle=00020038 object=70119018 startup=825B5358 worker=824239E8 argument=720FEBF0 suspended=1 stack=[7318D000,731CD000)
[ObReferenceObjectByHandle] handle=00020038 guest=70119018 references=1
[THREAD PRIORITY] id=8 increment=16 previous=0
[THREAD RESUME] id=8 worker=824239E8 previous=1 remaining=0 caller_LR=825AEE14
[THREAD DELAY] id=1 interval_100ns=-10000 alertable=1 LR=825B5138
[THREAD START] id=8 startup=825B5358 worker=824239E8 KPCR=7011A000 TLS=7011B000 SP=731CCF00 LR=00000000 r3=824239E8 r4=720FEBF0
[INDIRECT] tid=8 call target=0x825B5358 LR=0x00000000
[RtlEnterCriticalSection] guest=0x826AFCB8
[INDIRECT] tid=8 call target=0x825AB250 LR=0x825B44F0
[INDIRECT] tid=8 call target=0x823EE808 LR=0x825AB280
[INDIRECT] tid=8 returned target=0x823EE808 caller=0x825AB280
[INDIRECT] tid=8 returned target=0x825AB250 caller=0x825B44F0
[RtlLeaveCriticalSection] guest=0x826AFCB8
[INDIRECT] tid=8 call target=0x824239E8 LR=0x825B5394
[INDIRECT] tid=8 call target=0x82424040 LR=0x82423A18
[THREAD WAIT] id=8 object=70118018 kind=2 reason=3 alertable=0 timeout_ms=4294967295 LR=825B4B28
[THREAD DELAY COMPLETE] id=1
[NtSetTimerEx] handle=00020034 object=70118018 type=0 due=-100000 routine=00000000 unk_one=1 context=00000000 resume=0 period_ms=0 unk_zero=0
[PPC MILESTONE] __imp__sub_8217E958 tid=0 LR=8211ACD0 r1=720FED10 r3=82923170 r4=00000000
[XGetVideoMode] out=720FECC0 bytes=48 1280x720 progressive 60Hz
[MmAllocatePhysicalMemoryEx] guest=0x281A0000 size=0x10000 align=0x1000 flags=0x00000404
[MmAllocatePhysicalMemoryEx] guest=0x281B0000 size=0x72C000 align=0x1000 flags=0x20000404
[XGetVideoMode] out=720FE900 bytes=48 1280x720 progressive 60Hz
[RtlEnterCriticalSection] guest=0x82A52D34
[KeGetCurrentProcessType] -> 1 (USER)
[RtlEnterCriticalSection] guest=0x30000610
[RtlLeaveCriticalSection] guest=0x30000610
[RtlLeaveCriticalSection] guest=0x82A52D34
[KeGetCurrentProcessType] -> 1 (USER)
[KeGetCurrentProcessType] -> 1 (USER)
[ExGetXConfigSetting] category=3 setting=10 buffer=0x30005410 size=4 required=0x720FE7D0
  -> XCONFIG_USER_VIDEO_FLAGS = 0x00040000
[RtlInitializeCriticalSection] guest=0x30004DE0
[VdInitializeEngines] r3=0x09710000 callback=0x8238CE28 arg=0x00000000 pfp=0x00000000 me=0x00000000
[KeGetCurrentProcessType] -> 1 (USER)
[ExRegisterTitleTerminateNotification] registration=0x82699B50 create=1 routine=0x8238CE48 priority=0x6E800000
[VdSetGraphicsInterruptCallback] callback=0x82381BC8 context=0x30001700
[Xenos MMIO READ32] reg=0x3C04 -> 0x0000000E
[RtlEnterCriticalSection] guest=0x82A52D34
[RtlLeaveCriticalSection] guest=0x82A52D34
[RtlEnterCriticalSection] guest=0x82A52D34
[RtlLeaveCriticalSection] guest=0x82A52D34
[VdSetSystemCommandBufferGpuIdentifierAddress] address=0x00000000
[RtlEnterCriticalSection] guest=0x82A52D34
[RtlLeaveCriticalSection] guest=0x82A52D34
[RtlEnterCriticalSection] guest=0x82A52D34
[RtlLeaveCriticalSection] guest=0x82A52D34
[RtlEnterCriticalSection] guest=0x82A52D34
[RtlLeaveCriticalSection] guest=0x82A52D34
[RtlEnterCriticalSection] guest=0x82A52D34
[MmAllocatePhysicalMemoryEx] guest=0x288DC000 size=0x60 align=0x1000 flags=0x00000004
[RtlLeaveCriticalSection] guest=0x82A52D34
[RtlEnterCriticalSection] guest=0x82A52D34
[MmAllocatePhysicalMemoryEx] guest=0x288DD000 size=0x20 align=0x1000 flags=0x00000204
[RtlLeaveCriticalSection] guest=0x82A52D34
[RtlEnterCriticalSection] guest=0x82A52D34
[MmAllocatePhysicalMemoryEx] guest=0x288DE000 size=0x12C0 align=0x1000 flags=0x00000404
[RtlLeaveCriticalSection] guest=0x82A52D34
[MmGetPhysicalAddress] guest=0x281A0000
[GPU INIT] ring=281A0000 bytes=00010000
[VdInitializeRingBuffer] physical=0x281A0000 sizeArg=13
[GPU WB] address=088DC03C block_log2=7
[VdEnableRingBufferRPtrWriteBack] address=0x088DC03C
[VdSetSystemCommandBufferGpuIdentifierAddress] address=0x288DC008
[KiApcNormalRoutineNop] r3=0x720FE690 r4=0x00000013
[THREAD CREATED] id=9 handle=0002003C object=7011C018 startup=00000000 worker=8238E168 argument=300042AC suspended=0 stack=[731CF000,731D7000)
[THREAD PRIORITY] id=9 increment=17 previous=0
[Xenos MMIO READ32] reg=0x3C00 -> 0x00000000
[Xenos MMIO READ32] reg=0x3C04 -> 0x0000000E
[VdQueryVideoMode] out=720FE700 bytes=48 1280x720 progressive 60Hz
[THREAD START] id=9 startup=00000000 worker=8238E168 KPCR=7011D000 TLS=7011E000 SP=731D6F00 LR=00000000 r3=300042AC r4=00000000
[INDIRECT] tid=9 call target=0x8238E168 LR=0x00000000
[VdCallGraphicsNotificationRoutines] type=1 args=0x720FE5C0 scale 1280x720 -> 1280x720
[OBJECT] embedded event object=300042CC type=0 mode=notification state=0
[THREAD WAIT] id=9 object=300042CC kind=1 reason=3 alertable=0 timeout_ms=30 LR=8238E21C
[RtlEnterCriticalSection] guest=0x82A52D34
[RtlLeaveCriticalSection] guest=0x82A52D34
[GPU SUBMIT] RPTR=00000000 WPTR=00000016 ring=281A0000
[GPU PACKET] depth=0 addr=281A0000 header=C0114800 type=3 opcode=48 count=18 data= 000003FF 00000000 00000000 00000000 00000080 00000100 00000180 00000200 00000280 00000300 00000380 00010800 00000007 00000000 00000000 00000000 00000000 00000000
[GPU PACKET] depth=0 addr=281A004C header=C0013F00 type=3 opcode=3F count=2 data= 081E9680 0000000B
[GPU IB] parent=281A004C raw=0x081E9680 physical=081E9680 guest=0x281E9680 length=11
[GPU PACKET] depth=1 addr=281E9680 header=00000A31 type=0 opcode=0A count=1 data= 01000000
[GPU PACKET] depth=1 addr=281E9688 header=00010A2F type=0 opcode=0A count=2 data= 0072C000 081B0000
[GPU PACKET] depth=1 addr=281E9694 header=C0043C00 type=3 opcode=3C count=5 data= 00000003 00000A31 00000000 80000000 00000008
[GPU PACKET] depth=0 addr=281A0000 header=C0114800 type=3 opcode=48 count=18 data= 000003FF 00000000 00000000 00000000 00000080 00000100 00000180 00000200 00000280 00000300 00000380 00010800 00000007 00000000 00000000 00000000 00000000 00000000
[GPU PACKET] depth=0 addr=281A004C header=C0013F00 type=3 opcode=3F count=2 data= 081E9680 0000000B
[GPU IB] parent=281A004C raw=0x081E9680 physical=081E9680 guest=0x281E9680 length=11
[GPU PACKET] depth=1 addr=281E9680 header=00000A31 type=0 opcode=0A count=1 data= 01000000
[GPU REG] index=0A31 COHER_STATUS_HOST value=01000000
[GPU PACKET] depth=1 addr=281E9688 header=00010A2F type=0 opcode=0A count=2 data= 0072C000 081B0000
[GPU REG] index=0A2F COHER_SIZE_HOST value=0072C000
[GPU REG] index=0A30 COHER_BASE_HOST value=081B0000
[GPU PACKET] depth=1 addr=281E9694 header=C0043C00 type=3 opcode=3C count=5 data= 00000003 00000A31 00000000 80000000 00000008
[GPU COHERENT] base=081B0000 size=0072C000 status=01000000
[GPU CONSUMED] RPTR=00000016 writeback=088DC03C
[GPU SUBMIT] RPTR=00000016 WPTR=00000019 ring=281A0000
[GPU PACKET] depth=0 addr=281A0058 header=C0013F00 type=3 opcode=3F count=2 data= 081B0000 00000159
[GPU IB] parent=281A0058 raw=0x081B0000 physical=081B0000 guest=0x281B0000 length=345
[THREAD WAKE] id=8 object=70118018 status=00000000
[NtSetTimerEx] handle=00020034 object=70118018 type=0 due=-100000 routine=00000000 unk_one=1 context=00000000 resume=0 period_ms=0 unk_zero=0
[THREAD WAIT] id=8 object=70118018 kind=2 reason=3 alertable=0 timeout_ms=4294967295 LR=825B4B28
[THREAD WAKE] id=8 object=70118018 status=00000000
[NtSetTimerEx] handle=00020034 object=70118018 type=0 due=-100000 routine=00000000 unk_one=1 context=00000000 resume=0 period_ms=0 unk_zero=0
[THREAD WAIT] id=8 object=70118018 kind=2 reason=3 alertable=0 timeout_ms=4294967295 LR=825B4B28
[THREAD WAKE] id=8 object=70118018 status=00000000
[GPU PACKET] depth=1 addr=281B0000 header=00000D02 type=0 opcode=0D count=1 data= 00010800[THREAD WAKE] id=9 object=300042CC status=00000102
[KeGetCurrentProcessType] -> 1 (USER)
[RtlEnterCriticalSection] guest=0x30004DE0
[RtlLeaveCriticalSection] guest=0x30004DE0

[GPU PACKET] depth=1 addr=281B0008 header=00030A02 type=0 opcode=0A count=4 data= C0100000[NtSetTimerEx] handle=00020034 object=70118018 type=0 due=-100000 routine=00000000 unk_one=1 context=00000000 resume=0 period_ms=0 unk_zero=0
 07F00000[THREAD WAIT] id=9 object=300042CC kind=1 reason=3 alertable=0 timeout_ms=30 LR=8238E21C
[THREAD WAIT] id=8 object=70118018 kind=2 reason=3 alertable=0 timeout_ms=4294967295 LR=825B4B28
 C0000000 00100000
[GPU PACKET] depth=1 addr=281B001C header=000001DD type=0 opcode=01 count=1 data= 088DD000
[GPU PACKET] depth=1 addr=281B0024 header=000001DC type=0 opcode=01 count=1 data= 00020033
[GPU PACKET] depth=1 addr=281B002C header=000005C8 type=0 opcode=05 count=1 data= 00020000
[GPU PACKET] depth=1 addr=281B0034 header=00000D04 type=0 opcode=0D count=1 data= 00000000
[GPU PACKET] depth=1 addr=281B003C header=C0025800 type=3 opcode=58 count=3 data= 00000003 C0000102 7F100000
[GPU PACKET] depth=1 addr=281B004C header=00000D01 type=0 opcode=0D count=1 data= 04000000
[GPU PACKET] depth=1 addr=281B0054 header=C0022100 type=3 opcode=21 count=3 data= 00000081 FFFFFFFF 80010000
[GPU PACKET] depth=1 addr=281B0064 header=C0022100 type=3 opcode=21 count=3 data= 00000082 FFFFFFFF 00000000
[GPU PACKET] depth=1 addr=281B0074 header=00000C85 type=0 opcode=0C count=1 data= 0000000F
[GPU PACKET] depth=1 addr=281B007C header=0000057C type=0 opcode=05 count=1 data= 0BADF00D
[GPU PACKET] depth=1 addr=281B0084 header=00022080 type=0 opcode=20 count=3 data= 00000000 00000000 00000000
[GPU PACKET] depth=1 addr=281B0094 header=000005C8 type=0 opcode=05 count=1 data= 00020000
[GPU PACKET] depth=1 addr=281B009C header=00000F01 type=0 opcode=0F count=1 data= 0000200E
[GPU PACKET] depth=1 addr=281B00A4 header=000005C8 type=0 opcode=05 count=1 data= 00020000
[GPU PACKET] depth=1 addr=281B00AC header=00000D00 type=0 opcode=0D count=1 data= 00040401
[GPU PACKET] depth=1 addr=281B00B4 header=00000D00 type=0 opcode=0D count=1 data= 00040401
[GPU PACKET] depth=1 addr=281B00BC header=00000D00 type=0 opcode=0D count=1 data= 00040401
[GPU PACKET] depth=1 addr=281B00C4 header=00000D00 type=0 opcode=0D count=1 data= 00040401
[GPU PACKET] depth=1 addr=281B00CC header=00000D00 type=0 opcode=0D count=1 data= 00040401
[GPU PACKET] depth=1 addr=281B00D4 header=00000D00 type=0 opcode=0D count=1 data= 00040401
[GPU PACKET] depth=1 addr=281B00DC header=00000D00 type=0 opcode=0D count=1 data= 00040401
[GPU PACKET] depth=1 addr=281B00E4 header=00000D00 type=0 opcode=0D count=1 data= 00040401
[GPU PACKET] depth=1 addr=281B00EC header=00000D00 type=0 opcode=0D count=1 data= 00040400
[GPU PACKET] depth=1 addr=281B00F4 header=000F2000 type=0 opcode=20 count=16 data= 00000000 00000000 00000000 00000000 00000000 00000000 00000000 00000000 00000000 00000000 00000000 00000000 00000000 00000000 00000000 20002000
[GPU PACKET] depth=1 addr=281B0138 header=00142100 type=0 opcode=21 count=21 data= 00FFFFFF 00000000 00000000 0000FFFF 00000000 3F800000 3F800000 3F800000 3F800000 00000000 00000000 00000000 00FFFF00 00FFFF00 00000000 00000000 00000000 00000000 00000000 00000000 00000000
[GPU PACKET] depth=1 addr=281B0190 header=00042180 type=0 opcode=21 count=5 data= 00000000 00000000 00000000 00000000 00000000
[GPU PACKET] depth=1 addr=281B01A8 header=000B2200 type=0 opcode=22 count=12 data= 00700734 00010001 87000007 00000000 00080000 00018006 0000043F 00000000 00000004 00010001 00010001 00010001
[GPU PACKET] depth=1 addr=281B01DC header=00072380 type=0 opcode=23 count=8 data= 00000000 00000000 00000000 00000000 00000000 00000000 00000000 00000000
[GPU PACKET] depth=1 addr=281B0200 header=00142280 type=0 opcode=22 count=21 data= 00080008 04000010 00000008 00000000 00000000 00000001 3F800000 3F800000 0000000E 00000000 00000000 00000000 00000000 00000000 00000000 00000000 00000000 00000000 00000000 00000000 00000000
[GPU PACKET] depth=1 addr=281B0258 header=00252300 type=0 opcode=23 count=38 data= 00000000 00000000 00000004 40000000 3F800000 40000000 3F800000 000FF000 000FF100 00000000 00000000 00000000 00000000 00000000 00000000 00000000 00000000 00000000 0000FFFF 00000000 00000000 00000000 0000000E 00000010 00000000 00000000 00000000 00000000 00000000 00000000 00000000 00000000 00000000 00000000 00000000 00000000 00000002 00000000
[GPU PACKET] depth=1 addr=281B02F4 header=C01C2B00 type=3 opcode=2B count=29 data= 00000000 0000001B 30052003 00001200 C4000000 00001005 00001200 C2000000 00001006 10071200 22000000 30081000 00393A88 00000007 00080000 40263688 00000300 C80F8000 00000000 C2000000 C80F803E 00000000 C2010100 C8000000 00000000 02000000 00000000 00000000 00000000
[GPU PACKET] depth=1 addr=281B036C header=C00A2B00 type=3 opcode=2B count=11 data= 00000001 00000009 00000000 1001C400 22000000 C80F8000 00000000 C2000000 00000000 00000000 00000000
[GPU PACKET] depth=1 addr=281B039C header=00012180 type=0 opcode=21 count=2 data= 1001000E 00000000
[GPU PACKET] depth=1 addr=281B03A8 header=00022100 type=0 opcode=21 count=3 data= 0000FFFF 00000000 00000000
[GPU PACKET] depth=1 addr=281B03B8 header=00022204 type=0 opcode=22 count=3 data= 00010000 00010000 00000300
[GPU PACKET] depth=1 addr=281B03C8 header=00002312 type=0 opcode=23 count=1 data= 0000FFFF
[GPU PACKET] depth=1 addr=281B03D0 header=C0015000 type=3 opcode=50 count=2 data= FFFFFFFF 00000000
[GPU PACKET] depth=1 addr=281B03DC header=00002200 type=0 opcode=22 count=1 data= 00000000
[GPU PACKET] depth=1 addr=281B03E4 header=00002203 type=0 opcode=22 count=1 data= 00000000
[GPU PACKET] depth=1 addr=281B03EC header=00002208 type=0 opcode=22 count=1 data= 00000004
[GPU PACKET] depth=1 addr=281B03F4 header=00002104 type=0 opcode=21 count=1 data= 00000000
[GPU PACKET] depth=1 addr=281B03FC header=00002280 type=0 opcode=22 count=1 data= 00080008
[GPU PACKET] depth=1 addr=281B0404 header=00002302 type=0 opcode=23 count=1 data= 00000004
[GPU PACKET] depth=1 addr=281B040C header=00022080 type=0 opcode=20 count=3 data= 00000000 00000000 00100010
[GPU PACKET] depth=1 addr=281B041C header=00054800 type=0 opcode=48 count=6 data= 081E9637 1000001E 00000000 00000000 00000000 00000000
[GPU PACKET] depth=1 addr=281B0438 header=00025000 type=0 opcode=50 count=3 data= 00000000 00000000 00000000
[GPU PACKET] depth=1 addr=281B0448 header=C0003600 type=3 opcode=36 count=1 data= 00010081
[GPU PACKET] depth=1 addr=281B0450 header=C0003600 type=3 opcode=36 count=1 data= 00010081
[GPU PACKET] depth=1 addr=281B0458 header=C0003600 type=3 opcode=36 count=1 data= 00010081
[GPU PACKET] depth=1 addr=281B0460 header=C0003600 type=3 opcode=36 count=1 data= 00010081
[GPU PACKET] depth=1 addr=281B0468 header=C0003600 type=3 opcode=36 count=1 data= 00010081
[GPU PACKET] depth=1 addr=281B0470 header=C0003600 type=3 opcode=36 count=1 data= 00010081
[GPU PACKET] depth=1 addr=281B0478 header=C0003600 type=3 opcode=36 count=1 data= 00010081
[GPU PACKET] depth=1 addr=281B0480 header=C0003600 type=3 opcode=36 count=1 data= 00010081
[GPU PACKET] depth=1 addr=281B0488 header=C0003600 type=3 opcode=36 count=1 data= 00010081
[GPU PACKET] depth=1 addr=281B0490 header=C0003600 type=3 opcode=36 count=1 data= 00010081
[GPU PACKET] depth=1 addr=281B0498 header=C0003600 type=3 opcode=36 count=1 data= 00010081
[GPU PACKET] depth=1 addr=281B04A0 header=C0003600 type=3 opcode=36 count=1 data= 00010081
[GPU PACKET] depth=1 addr=281B04A8 header=00054800 type=0 opcode=48 count=6 data= 081E9653 1000001E 00000000 00000000 00000000 00000000
[GPU PACKET] depth=1 addr=281B04C4 header=00025000 type=0 opcode=50 count=3 data= 00000000 00000000 00000000
[GPU PACKET] depth=1 addr=281B04D4 header=C0003600 type=3 opcode=36 count=1 data= 00010081
[GPU PACKET] depth=1 addr=281B04DC header=C0003600 type=3 opcode=36 count=1 data= 00010081
[GPU PACKET] depth=1 addr=281B04E4 header=C0003600 type=3 opcode=36 count=1 data= 00010081
[GPU PACKET] depth=1 addr=281B04EC header=C0003600 type=3 opcode=36 count=1 data= 00010081
[GPU PACKET] depth=1 addr=281B04F4 header=C0003600 type=3 opcode=36 count=1 data= 00010081
[GPU PACKET] depth=1 addr=281B04FC header=C0003600 type=3 opcode=36 count=1 data= 00010081
[GPU PACKET] depth=1 addr=281B0504 header=C0003600 type=3 opcode=36 count=1 data= 00010081
[GPU PACKET] depth=1 addr=281B050C header=C0003600 type=3 opcode=36 count=1 data= 00010081
[GPU PACKET] depth=1 addr=281B0514 header=C0003600 type=3 opcode=36 count=1 data= 00010081
[GPU PACKET] depth=1 addr=281B051C header=C0003600 type=3 opcode=36 count=1 data= 00010081
[GPU PACKET] depth=1 addr=281B0524 header=C0003600 type=3 opcode=36 count=1 data= 00010081
[GPU PACKET] depth=1 addr=281B052C header=C0003600 type=3 opcode=36 count=1 data= 00010081[THREAD WAKE] id=8 object=70118018 status=00000000

[NtSetTimerEx] handle=00020034 object=70118018 type=0 due=-100000 routine=00000000 unk_one=1 context=00000000 resume=0 period_ms=0 unk_zero=0
[THREAD WAIT] id=8 object=70118018 kind=2 reason=3 alertable=0 timeout_ms=4294967295 LR=825B4B28
[GPU PACKET] depth=1 addr=281B0534 header=00022080 type=0 opcode=20 count=3 data= 00000000 00000000 00000000
[GPU PACKET] depth=1 addr=281B0544 header=C0025800 type=3 opcode=58 count=3 data= 00000003 088DC006 281B0540
[GPU PACKET] depth=1 addr=281B0554 header=C0025800 type=3 opcode=58 count=3 data= 00000003 088DC002 00000003
[GPU PACKET] depth=0 addr=281A0058 header=C0013F00 type=3 opcode=3F count=2 data= 081B0000 00000159
[GPU IB] parent=281A0058 raw=0x081B0000 physical=081B0000 guest=0x281B0000 length=345
[THREAD WAKE] id=8 object=70118018 status=00000000
[NtSetTimerEx] handle=00020034 object=70118018 type=0 due=-100000 routine=00000000 unk_one=1 context=00000000 resume=0 period_ms=0 unk_zero=0
[THREAD WAIT] id=8 object=70118018 kind=2 reason=3 alertable=0 timeout_ms=4294967295 LR=825B4B28
[THREAD WAKE] id=9 object=300042CC status=00000102
[KeGetCurrentProcessType] -> 1 (USER)
[RtlEnterCriticalSection] guest=0x30004DE0
[RtlLeaveCriticalSection] guest=0x30004DE0
[THREAD WAIT] id=9 object=300042CC kind=1 reason=3 alertable=0 timeout_ms=30 LR=8238E21C
[THREAD WAKE] id=8 object=70118018 status=00000000
[NtSetTimerEx] handle=00020034 object=70118018 type=0 due=-100000 routine=00000000 unk_one=1 context=00000000 resume=0 period_ms=0 unk_zero=0
[THREAD WAIT] id=8 object=70118018 kind=2 reason=3 alertable=0 timeout_ms=4294967295 LR=825B4B28
[GPU PACKET] depth=1 addr=281B0000 header=00000D02 type=0 opcode=0D count=1 data= 00010800
[GPU REG] index=0D02 SQ_INST_STORE_MANAGMENT value=00010800
[GPU PACKET] depth=1 addr=281B0008 header=00030A02 type=0 opcode=0A count=4 data= C0100000 07F00000 C0000000 00100000
[GPU REG] index=0A02 UNKNOWN_0A02 value=C0100000
[GPU REG] index=0A03 UNKNOWN_0A03 value=07F00000
[GPU REG] index=0A04 UNKNOWN_0A04 value=C0000000
[GPU REG] index=0A05 UNKNOWN_0A05 value=00100000
[GPU PACKET] depth=1 addr=281B001C header=000001DD type=0 opcode=01 count=1 data= 088DD000
[GPU REG] index=01DD SCRATCH_ADDR value=088DD000
[GPU PACKET] depth=1 addr=281B0024 header=000001DC type=0 opcode=01 count=1 data= 00020033
[GPU REG] index=01DC SCRATCH_UMSK value=00020033
[GPU PACKET] depth=1 addr=281B002C header=000005C8 type=0 opcode=05 count=1 data= 00020000
[GPU REG] index=05C8 WAIT_UNTIL value=00020000
[GPU PACKET] depth=1 addr=281B0034 header=00000D04 type=0 opcode=0D count=1 data= 00000000
[GPU REG] index=0D04 SQ_EO_RT value=00000000
[GPU PACKET] depth=1 addr=281B003C header=C0025800 type=3 opcode=58 count=3 data= 00000003 C0000102 7F100000
[GPU EVENT] type=3 address=C0000102 value=7F100000 packet=281B003C
[GPU REG] index=21F9 VGT_EVENT_INITIATOR value=00000003
[GPU MEMORY] physical=20000100 endian=2 value=7F100000
[GPU PACKET] depth=1 addr=281B004C header=00000D01 type=0 opcode=0D count=1 data= 04000000
[GPU REG] index=0D01 SQ_FLOW_CONTROL value=04000000
[GPU PACKET] depth=1 addr=281B0054 header=C0022100 type=3 opcode=21 count=3 data= 00000081 FFFFFFFF 80010000
[GPU REG] index=0081 UNNAMED_STATE value=80010000
[GPU PACKET] depth=1 addr=281B0064 header=C0022100 type=3 opcode=21 count=3 data= 00000082 FFFFFFFF 00000000
[GPU REG] index=0082 UNNAMED_STATE value=00000000
[GPU PACKET] depth=1 addr=281B0074 header=00000C85 type=0 opcode=0C count=1 data= 0000000F
[GPU REG] index=0C85 PA_CL_ENHANCE value=0000000F
[GPU PACKET] depth=1 addr=281B007C header=0000057C type=0 opcode=05 count=1 data= 0BADF00D
[GPU REG] index=057C CALLBACK_ADDRESS value=0BADF00D
[GPU MEMORY] physical=288DD010 endian=2 value=0BADF00D
[GPU PACKET] depth=1 addr=281B0084 header=00022080 type=0 opcode=20 count=3 data= 00000000 00000000 00000000
[GPU REG] index=2080 PA_SC_WINDOW_OFFSET value=00000000
[GPU REG] index=2081 PA_SC_WINDOW_SCISSOR_TL value=00000000
[GPU REG] index=2082 PA_SC_WINDOW_SCISSOR_BR value=00000000
[GPU PACKET] depth=1 addr=281B0094 header=000005C8 type=0 opcode=05 count=1 data= 00020000
[GPU REG] index=05C8 WAIT_UNTIL value=00020000
[GPU PACKET] depth=1 addr=281B009C header=00000F01 type=0 opcode=0F count=1 data= 0000200E
[GPU REG] index=0F01 RB_BC_CONTROL value=0000200E
[GPU PACKET] depth=1 addr=281B00A4 header=000005C8 type=0 opcode=05 count=1 data= 00020000
[GPU REG] index=05C8 WAIT_UNTIL value=00020000
[GPU PACKET] depth=1 addr=281B00AC header=00000D00 type=0 opcode=0D count=1 data= 00040401
[GPU REG] index=0D00 SQ_GPR_MANAGEMENT value=00040401
[GPU PACKET] depth=1 addr=281B00B4 header=00000D00 type=0 opcode=0D count=1 data= 00040401
[GPU REG] index=0D00 SQ_GPR_MANAGEMENT value=00040401
[GPU PACKET] depth=1 addr=281B00BC header=00000D00 type=0 opcode=0D count=1 data= 00040401
[GPU REG] index=0D00 SQ_GPR_MANAGEMENT value=00040401
[GPU PACKET] depth=1 addr=281B00C4 header=00000D00 type=0 opcode=0D count=1 data= 00040401
[GPU REG] index=0D00 SQ_GPR_MANAGEMENT value=00040401
[GPU PACKET] depth=1 addr=281B00CC header=00000D00 type=0 opcode=0D count=1 data= 00040401
[GPU REG] index=0D00 SQ_GPR_MANAGEMENT value=00040401
[GPU PACKET] depth=1 addr=281B00D4 header=00000D00 type=0 opcode=0D count=1 data= 00040401
[GPU REG] index=0D00 SQ_GPR_MANAGEMENT value=00040401
[GPU PACKET] depth=1 addr=281B00DC header=00000D00 type=0 opcode=0D count=1 data= 00040401
[GPU REG] index=0D00 SQ_GPR_MANAGEMENT value=00040401
[GPU PACKET] depth=1 addr=281B00E4 header=00000D00 type=0 opcode=0D count=1 data= 00040401
[GPU REG] index=0D00 SQ_GPR_MANAGEMENT value=00040401
[GPU PACKET] depth=1 addr=281B00EC header=00000D00 type=0 opcode=0D count=1 data= 00040400
[GPU REG] index=0D00 SQ_GPR_MANAGEMENT value=00040400
[GPU PACKET] depth=1 addr=281B00F4 header=000F2000 type=0 opcode=20 count=16 data= 00000000 00000000 00000000 00000000 00000000 00000000 00000000 00000000 00000000 00000000 00000000 00000000 00000000 00000000 00000000 20002000
[GPU REG] index=2000 RB_SURFACE_INFO value=00000000
[GPU REG] index=2001 RB_COLOR_INFO value=00000000
[GPU REG] index=2002 RB_DEPTH_INFO value=00000000
[GPU REG] index=2003 RB_COLOR1_INFO value=00000000
[GPU REG] index=2004 RB_COLOR2_INFO value=00000000
[GPU REG] index=2005 RB_COLOR3_INFO value=00000000
[GPU REG] index=2006 COHER_DEST_BASE_0 value=00000000
[GPU REG] index=2007 COHER_DEST_BASE_1 value=00000000
[GPU REG] index=2008 COHER_DEST_BASE_2 value=00000000
[GPU REG] index=2009 COHER_DEST_BASE_3 value=00000000
[GPU REG] index=200A COHER_DEST_BASE_4 value=00000000
[GPU REG] index=200B COHER_DEST_BASE_5 value=00000000
[GPU REG] index=200C COHER_DEST_BASE_6 value=00000000
[GPU REG] index=200D COHER_DEST_BASE_7 value=00000000
[GPU REG] index=200E PA_SC_SCREEN_SCISSOR_TL value=00000000
[GPU REG] index=200F PA_SC_SCREEN_SCISSOR_BR value=20002000
[GPU PACKET] depth=1 addr=281B0138 header=00142100 type=0 opcode=21 count=21 data= 00FFFFFF 00000000 00000000 0000FFFF 00000000 3F800000 3F800000 3F800000 3F800000 00000000 00000000 00000000 00FFFF00 00FFFF00 00000000 00000000 00000000 00000000 00000000 00000000 00000000
[GPU REG] index=2100 VGT_MAX_VTX_INDX value=00FFFFFF
[GPU REG] index=2101 VGT_MIN_VTX_INDX value=00000000
[GPU REG] index=2102 VGT_INDX_OFFSET value=00000000
[GPU REG] index=2103 VGT_MULTI_PRIM_IB_RESET_INDX value=0000FFFF
[GPU REG] index=2104 RB_COLOR_MASK value=00000000
[GPU REG] index=2105 RB_BLEND_RED value=3F800000
[GPU REG] index=2106 RB_BLEND_GREEN value=3F800000
[GPU REG] index=2107 RB_BLEND_BLUE value=3F800000
[GPU REG] index=2108 RB_BLEND_ALPHA value=3F800000
[GPU REG] index=2109 RB_FOG_COLOR_RED value=00000000
[GPU REG] index=210A RB_FOG_COLOR_GREEN value=00000000
[GPU REG] index=210B RB_FOG_COLOR_BLUE value=00000000
[GPU REG] index=210C RB_STENCILREFMASK_BF value=00FFFF00
[GPU REG] index=210D RB_STENCILREFMASK value=00FFFF00
[GPU REG] index=210E RB_ALPHA_REF value=00000000
[GPU REG] index=210F PA_CL_VPORT_XSCALE value=00000000
[GPU REG] index=2110 PA_CL_VPORT_XOFFSET value=00000000
[GPU REG] index=2111 PA_CL_VPORT_YSCALE value=00000000
[GPU REG] index=2112 PA_CL_VPORT_YOFFSET value=00000000
[GPU REG] index=2113 PA_CL_VPORT_ZSCALE value=00000000
[GPU REG] index=2114 PA_CL_VPORT_ZOFFSET value=00000000
[GPU PACKET] depth=1 addr=281B0190 header=00042180 type=0 opcode=21 count=5 data= 00000000[THREAD WAKE] id=8 object=70118018 status=00000000
[THREAD WAKE] id=9 object=300042CC status=00000102
[KeGetCurrentProcessType] -> 1 (USER)
[RtlEnterCriticalSection] guest=0x30004DE0
[RtlLeaveCriticalSection] guest=0x30004DE0
[NtSetTimerEx] handle=00020034 object=70118018 type=0 due=-100000 routine=00000000 unk_one=1 context=00000000 resume=0 period_ms=0 unk_zero=0
 00000000[THREAD WAIT] id=9 object=300042CC kind=1 reason=3 alertable=0 timeout_ms=30 LR=8238E21C
 00000000 00000000 00000000
[GPU REG] index=2180 SQ_PROGRAM_CNTL value=00000000
[GPU REG] index=2181 SQ_CONTEXT_MISC value=00000000
[GPU REG] index=2182 SQ_INTERPOLATOR_CNTL value=00000000
[GPU REG] index=2183 SQ_WRAPPING_0 value=00000000
[GPU REG] index=2184 SQ_WRAPPING_1 value=00000000
[GPU PACKET] depth=1 addr=281B01A8 header=000B2200 type=0 opcode=22 count=12 data= 00700734[THREAD WAIT] id=8 object=70118018 kind=2 reason=3 alertable=0 timeout_ms=4294967295 LR=825B4B28
 00010001 87000007 00000000 00080000 00018006 0000043F 00000000 00000004 00010001 00010001 00010001
[GPU REG] index=2200 RB_DEPTHCONTROL value=00700734
[GPU REG] index=2201 RB_BLENDCONTROL0 value=00010001
[GPU REG] index=2202 RB_COLORCONTROL value=87000007
[GPU REG] index=2203 RB_HIZCONTROL value=00000000
[GPU REG] index=2204 PA_CL_CLIP_CNTL value=00080000
[GPU REG] index=2205 PA_SU_SC_MODE_CNTL value=00018006
[GPU REG] index=2206 PA_CL_VTE_CNTL value=0000043F
[GPU REG] index=2207 VGT_CURRENT_BIN_ID_MIN value=00000000
[GPU REG] index=2208 RB_MODECONTROL value=00000004
[GPU REG] index=2209 RB_BLENDCONTROL1 value=00010001
[GPU REG] index=220A RB_BLENDCONTROL2 value=00010001
[GPU REG] index=220B RB_BLENDCONTROL3 value=00010001
[GPU PACKET] depth=1 addr=281B01DC header=00072380 type=0 opcode=23 count=8 data= 00000000 00000000 00000000 00000000 00000000 00000000 00000000 00000000
[GPU REG] index=2380 PA_SU_POLY_OFFSET_FRONT_SCALE value=00000000
[GPU REG] index=2381 PA_SU_POLY_OFFSET_FRONT_OFFSET value=00000000
[GPU REG] index=2382 PA_SU_POLY_OFFSET_BACK_SCALE value=00000000
[GPU REG] index=2383 PA_SU_POLY_OFFSET_BACK_OFFSET value=00000000
[GPU REG] index=2384 PA_CL_POINT_X_RAD value=00000000
[GPU REG] index=2385 PA_CL_POINT_Y_RAD value=00000000
[GPU REG] index=2386 PA_CL_POINT_SIZE value=00000000
[GPU REG] index=2387 PA_CL_POINT_CULL_RAD value=00000000
[GPU PACKET] depth=1 addr=281B0200 header=00142280 type=0 opcode=22 count=21 data= 00080008 04000010 00000008 00000000 00000000 00000001 3F800000 3F800000 0000000E 00000000 00000000 00000000 00000000 00000000 00000000 00000000 00000000 00000000 00000000 00000000 00000000
[GPU REG] index=2280 PA_SU_POINT_SIZE value=00080008
[GPU REG] index=2281 PA_SU_POINT_MINMAX value=04000010
[GPU REG] index=2282 PA_SU_LINE_CNTL value=00000008
[GPU REG] index=2283 PA_SC_LINE_STIPPLE value=00000000
[GPU REG] index=2284 VGT_OUTPUT_PATH_CNTL value=00000000
[GPU REG] index=2285 VGT_HOS_CNTL value=00000001
[GPU REG] index=2286 VGT_HOS_MAX_TESS_LEVEL value=3F800000
[GPU REG] index=2287 VGT_HOS_MIN_TESS_LEVEL value=3F800000
[GPU REG] index=2288 VGT_HOS_REUSE_DEPTH value=0000000E
[GPU REG] index=2289 VGT_GROUP_PRIM_TYPE value=00000000
[GPU REG] index=228A VGT_GROUP_FIRST_DECR value=00000000
[GPU REG] index=228B VGT_GROUP_DECR value=00000000
[GPU REG] index=228C VGT_GROUP_VECT_0_CNTL value=00000000
[GPU REG] index=228D VGT_GROUP_VECT_1_CNTL value=00000000
[GPU REG] index=228E VGT_GROUP_VECT_0_FMT_CNTL value=00000000
[GPU REG] index=228F VGT_GROUP_VECT_1_FMT_CNTL value=00000000
[GPU REG] index=2290 UNKNOWN_2290 value=00000000
[GPU REG] index=2291 UNKNOWN_2291 value=00000000
[GPU REG] index=2292 PA_SC_MPASS_PS_CNTL value=00000000
[GPU REG] index=2293 PA_SC_VIZ_QUERY value=00000000
[GPU REG] index=2294 VGT_ENHANCE value=00000000
[GPU PACKET] depth=1 addr=281B0258 header=00252300 type=0 opcode=23 count=38 data= 00000000 00000000 00000004 40000000 3F800000 40000000 3F800000 000FF000 000FF100 00000000 00000000 00000000 00000000 00000000 00000000 00000000 00000000 00000000 0000FFFF 00000000 00000000 00000000 0000000E 00000010 00000000 00000000 00000000 00000000 00000000 00000000 00000000 00000000 00000000 00000000 00000000 00000000 00000002 00000000
[GPU REG] index=2300 PA_SC_LINE_CNTL value=00000000
[GPU REG] index=2301 PA_SC_AA_CONFIG value=00000000
[GPU REG] index=2302 PA_SU_VTX_CNTL value=00000004
[GPU REG] index=2303 PA_CL_GB_VERT_CLIP_ADJ value=40000000
[GPU REG] index=2304 PA_CL_GB_VERT_DISC_ADJ value=3F800000
[GPU REG] index=2305 PA_CL_GB_HORZ_CLIP_ADJ value=40000000
[GPU REG] index=2306 PA_CL_GB_HORZ_DISC_ADJ value=3F800000
[GPU REG] index=2307 SQ_VS_CONST value=000FF000
[GPU REG] index=2308 SQ_PS_CONST value=000FF100
[GPU REG] index=2309 SQ_DEBUG_MISC_0 value=00000000
[GPU REG] index=230A SQ_DEBUG_MISC_1 value=00000000
[GPU REG] index=230B UNKNOWN_230B value=00000000
[GPU REG] index=230C UNKNOWN_230C value=00000000
[GPU REG] index=230D UNKNOWN_230D value=00000000
[GPU REG] index=230E UNKNOWN_230E value=00000000
[GPU REG] index=230F UNKNOWN_230F value=00000000
[GPU REG] index=2310 UNKNOWN_2310 value=00000000
[GPU REG] index=2311 UNKNOWN_2311 value=00000000
[GPU REG] index=2312 PA_SC_AA_MASK value=0000FFFF
[GPU REG] index=2313 UNKNOWN_2313 value=00000000
[GPU REG] index=2314 UNKNOWN_2314 value=00000000
[GPU REG] index=2315 SQ_CF_PROGRAM_SIZE value=00000000
[GPU REG] index=2316 VGT_VERTEX_REUSE_BLOCK_CNTL value=0000000E
[GPU REG] index=2317 VGT_OUT_DEALLOC_CNTL value=00000010
[GPU REG] index=2318 RB_COPY_CONTROL value=00000000
[GPU COPY STATE] RB_COPY_CONTROL=00000000 packet=281B0258
[GPU REG] index=2319 RB_COPY_DEST_BASE value=00000000
[GPU COPY STATE] RB_COPY_DEST_BASE=00000000 packet=281B0258
[GPU REG] index=231A RB_COPY_DEST_PITCH value=00000000
[GPU COPY STATE] RB_COPY_DEST_PITCH=00000000 packet=281B0258
[GPU REG] index=231B RB_COPY_DEST_INFO value=00000000
[GPU COPY STATE] RB_COPY_DEST_INFO=00000000 packet=281B0258
[GPU REG] index=231C RB_HIZ_CLEAR value=00000000
[GPU COPY STATE] RB_HIZ_CLEAR=00000000 packet=281B0258
[GPU REG] index=231D RB_DEPTH_CLEAR value=00000000
[GPU COPY STATE] RB_DEPTH_CLEAR=00000000 packet=281B0258
[GPU REG] index=231E RB_COLOR_CLEAR value=00000000
[GPU COPY STATE] RB_COLOR_CLEAR=00000000 packet=281B0258
[GPU REG] index=231F RB_COLOR_CLEAR_LO value=00000000
[GPU COPY STATE] RB_COLOR_CLEAR_LO=00000000 packet=281B0258
[GPU REG] index=2320 RB_COPY_FUNC value=00000000
[GPU COPY STATE] RB_COPY_FUNC=00000000 packet=281B0258
[GPU REG] index=2321 RB_COPY_REF value=00000000
[GPU COPY STATE] RB_COPY_REF=00000000 packet=281B0258
[GPU REG] index=2322 RB_COPY_MASK value=00000000
[GPU COPY STATE] RB_COPY_MASK=00000000 packet=281B0258
[GPU REG] index=2323 RB_COPY_SURFACE_SLICE value=00000000
[GPU COPY STATE] RB_COPY_SURFACE_SLICE=00000000 packet=281B0258
[GPU REG] index=2324 RB_SAMPLE_COUNT_CTL value=00000002
[GPU REG] index=2325 RB_SAMPLE_COUNT_ADDR value=00000000
[GPU PACKET] depth=1 addr=281B02F4 header=C01C2B00 type=3 opcode=2B count=29 data= 00000000 0000001B 30052003 00001200 C4000000 00001005 00001200 C2000000 00001006 10071200 22000000 30081000 00393A88 00000007 00080000 40263688 00000300 C80F8000 00000000 C2000000 C80F803E 00000000 C2010100 C8000000 00000000 02000000 00000000 00000000 00000000
[GPU SHADER] stage=0 dwords=27 no_memexport=1
[GPU PACKET] depth=1 addr=281B036C header=C00A2B00 type=3 opcode=2B count=11 data= 00000001 00000009 00000000 1001C400 22000000 C80F8000 00000000 C2000000 00000000 00000000 00000000
[GPU SHADER] stage=1 dwords=9 no_memexport=1
[GPU PACKET] depth=1 addr=281B039C header=00012180 type=0 opcode=21 count=2 data= 1001000E 00000000
[GPU REG] index=2180 SQ_PROGRAM_CNTL value=1001000E
[GPU REG] index=2181 SQ_CONTEXT_MISC value=00000000
[GPU PACKET] depth=1 addr=281B03A8 header=00022100 type=0 opcode=21 count=3 data= 0000FFFF 00000000 00000000
[GPU REG] index=2100 VGT_MAX_VTX_INDX value=0000FFFF
[GPU REG] index=2101 VGT_MIN_VTX_INDX value=00000000
[GPU REG] index=2102 VGT_INDX_OFFSET value=00000000
[GPU PACKET] depth=1 addr=281B03B8 header=00022204 type=0 opcode=22 count=3 data= 00010000 00010000[THREAD WAKE] id=8 object=70118018 status=00000000
 00000300
[GPU REG] index=2204 PA_CL_CLIP_CNTL value=00010000
[GPU REG] index=2205 PA_SU_SC_MODE_CNTL value=00010000
[GPU REG] index=2206 PA_CL_VTE_CNTL value=00000300
[GPU PACKET] depth=1 addr=281B03C8 header=00002312 type=0 opcode=23 count=1 data= 0000FFFF
[NtSetTimerEx] handle=00020034 object=70118018 type=0 due=-100000 routine=00000000 unk_one=1 context=00000000 resume=0 period_ms=0 unk_zero=0
[THREAD WAIT] id=8 object=70118018 kind=2 reason=3 alertable=0 timeout_ms=4294967295 LR=825B4B28
[GPU REG] index=2312 PA_SC_AA_MASK value=0000FFFF
[GPU PACKET] depth=1 addr=281B03D0 header=C0015000 type=3 opcode=50 count=2 data= FFFFFFFF 00000000
[GPU PACKET] depth=1 addr=281B03DC header=00002200 type=0 opcode=22 count=1 data= 00000000
[GPU REG] index=2200 RB_DEPTHCONTROL value=00000000
[GPU PACKET] depth=1 addr=281B03E4 header=00002203 type=0 opcode=22 count=1 data= 00000000
[GPU REG] index=2203 RB_HIZCONTROL value=00000000
[GPU PACKET] depth=1 addr=281B03EC header=00002208 type=0 opcode=22 count=1 data= 00000004
[GPU REG] index=2208 RB_MODECONTROL value=00000004
[GPU PACKET] depth=1 addr=281B03F4 header=00002104 type=0 opcode=21 count=1 data= 00000000
[GPU REG] index=2104 RB_COLOR_MASK value=00000000
[GPU PACKET] depth=1 addr=281B03FC header=00002280 type=0 opcode=22 count=1 data= 00080008
[GPU REG] index=2280 PA_SU_POINT_SIZE value=00080008
[GPU PACKET] depth=1 addr=281B0404 header=00002302 type=0 opcode=23 count=1 data= 00000004
[GPU REG] index=2302 PA_SU_VTX_CNTL value=00000004
[GPU PACKET] depth=1 addr=281B040C header=00022080 type=0 opcode=20 count=3 data= 00000000 00000000 00100010
[GPU REG] index=2080 PA_SC_WINDOW_OFFSET value=00000000
[GPU REG] index=2081 PA_SC_WINDOW_SCISSOR_TL value=00000000
[GPU REG] index=2082 PA_SC_WINDOW_SCISSOR_BR value=00100010
[GPU PACKET] depth=1 addr=281B041C header=00054800 type=0 opcode=48 count=6 data= 081E9637 1000001E 00000000 00000000 00000000 00000000
[GPU REG] index=4800 SHADER_CONSTANT_FETCH_00_0 value=081E9637
[GPU REG] index=4801 SHADER_CONSTANT_FETCH_00_1 value=1000001E
[GPU REG] index=4802 SHADER_CONSTANT_FETCH_00_2 value=00000000
[GPU REG] index=4803 SHADER_CONSTANT_FETCH_00_3 value=00000000
[GPU REG] index=4804 SHADER_CONSTANT_FETCH_00_4 value=00000000
[GPU REG] index=4805 SHADER_CONSTANT_FETCH_00_5 value=00000000
[GPU PACKET] depth=1 addr=281B0438 header=00025000 type=0 opcode=50 count=3 data= 00000000 00000000 00000000
[GPU REG] index=5000 SHADER_CONSTANT_FLUSH_FETCH_0 value=00000000
[GPU REG] index=5001 SHADER_CONSTANT_FLUSH_FETCH_1 value=00000000
[GPU REG] index=5002 SHADER_CONSTANT_FLUSH_FETCH_2 value=00000000
[GPU PACKET] depth=1 addr=281B0448 header=C0003600 type=3 opcode=36 count=1 data= 00010081
[GPU DRAW] number=1 initiator=00010081 color_mask=00000000 depth=00000000
[GPU DRAW] masked color/depth, no shader memory exports: no framebuffer writes
[GPU PACKET] depth=1 addr=281B0450 header=C0003600 type=3 opcode=36 count=1 data= 00010081
[GPU DRAW] number=2 initiator=00010081 color_mask=00000000 depth=00000000
[GPU DRAW] masked color/depth, no shader memory exports: no framebuffer writes
[GPU PACKET] depth=1 addr=281B0458 header=C0003600 type=3 opcode=36 count=1 data= 00010081
[GPU DRAW] number=3 initiator=00010081 color_mask=00000000 depth=00000000
[GPU DRAW] masked color/depth, no shader memory exports: no framebuffer writes
[GPU PACKET] depth=1 addr=281B0460 header=C0003600 type=3 opcode=36 count=1 data= 00010081
[GPU DRAW] number=4 initiator=00010081 color_mask=00000000 depth=00000000
[GPU DRAW] masked color/depth, no shader memory exports: no framebuffer writes
[GPU PACKET] depth=1 addr=281B0468 header=C0003600 type=3 opcode=36 count=1 data= 00010081
[GPU DRAW] number=5 initiator=00010081 color_mask=00000000 depth=00000000
[GPU DRAW] masked color/depth, no shader memory exports: no framebuffer writes
[GPU PACKET] depth=1 addr=281B0470 header=C0003600 type=3 opcode=36 count=1 data= 00010081
[GPU DRAW] number=6 initiator=00010081 color_mask=00000000 depth=00000000
[GPU DRAW] masked color/depth, no shader memory exports: no framebuffer writes
[GPU PACKET] depth=1 addr=281B0478 header=C0003600 type=3 opcode=36 count=1 data= 00010081
[GPU DRAW] number=7 initiator=00010081 color_mask=00000000 depth=00000000
[GPU DRAW] masked color/depth, no shader memory exports: no framebuffer writes
[GPU PACKET] depth=1 addr=281B0480 header=C0003600 type=3 opcode=36 count=1 data= 00010081
[GPU DRAW] number=8 initiator=00010081 color_mask=00000000 depth=00000000
[GPU DRAW] masked color/depth, no shader memory exports: no framebuffer writes
[GPU PACKET] depth=1 addr=281B0488 header=C0003600 type=3 opcode=36 count=1 data= 00010081
[GPU DRAW] number=9 initiator=00010081 color_mask=00000000 depth=00000000
[GPU DRAW] masked color/depth, no shader memory exports: no framebuffer writes
[GPU PACKET] depth=1 addr=281B0490 header=C0003600 type=3 opcode=36 count=1 data= 00010081
[GPU DRAW] number=10 initiator=00010081 color_mask=00000000 depth=00000000
[GPU DRAW] masked color/depth, no shader memory exports: no framebuffer writes
[GPU PACKET] depth=1 addr=281B0498 header=C0003600 type=3 opcode=36 count=1 data= 00010081
[GPU DRAW] number=11 initiator=00010081 color_mask=00000000 depth=00000000
[GPU DRAW] masked color/depth, no shader memory exports: no framebuffer writes
[GPU PACKET] depth=1 addr=281B04A0 header=C0003600 type=3 opcode=36 count=1 data= 00010081
[GPU DRAW] number=12 initiator=00010081 color_mask=00000000 depth=00000000
[GPU DRAW] masked color/depth, no shader memory exports: no framebuffer writes
[GPU PACKET] depth=1 addr=281B04A8 header=00054800 type=0 opcode=48 count=6 data= 081E9653 1000001E 00000000 00000000 00000000 00000000
[GPU REG] index=4800 SHADER_CONSTANT_FETCH_00_0 value=081E9653
[GPU REG] index=4801 SHADER_CONSTANT_FETCH_00_1 value=1000001E
[GPU REG] index=4802 SHADER_CONSTANT_FETCH_00_2 value=00000000
[GPU REG] index=4803 SHADER_CONSTANT_FETCH_00_3 value=00000000
[GPU REG] index=4804 SHADER_CONSTANT_FETCH_00_4 value=00000000
[GPU REG] index=4805 SHADER_CONSTANT_FETCH_00_5 value=00000000
[GPU PACKET] depth=1 addr=281B04C4 header=00025000 type=0 opcode=50 count=3 data= 00000000 00000000 00000000
[GPU REG] index=5000 SHADER_CONSTANT_FLUSH_FETCH_0 value=00000000
[GPU REG] index=5001 SHADER_CONSTANT_FLUSH_FETCH_1 value=00000000
[GPU REG] index=5002 SHADER_CONSTANT_FLUSH_FETCH_2 value=00000000
[GPU PACKET] depth=1 addr=281B04D4 header=C0003600 type=3 opcode=36 count=1 data= 00010081
[GPU DRAW] number=13 initiator=00010081 color_mask=00000000 depth=00000000
[GPU DRAW] masked color/depth, no shader memory exports: no framebuffer writes
[GPU PACKET] depth=1 addr=281B04DC header=C0003600 type=3 opcode=36 count=1 data= 00010081
[GPU DRAW] number=14 initiator=00010081 color_mask=00000000 depth=00000000
[GPU DRAW] masked color/depth, no shader memory exports: no framebuffer writes
[GPU PACKET] depth=1 addr=281B04E4 header=C0003600 type=3 opcode=36 count=1 data= 00010081
[GPU DRAW] number=15 initiator=00010081 color_mask=00000000 depth=00000000
[GPU DRAW] masked color/depth, no shader memory exports: no framebuffer writes
[GPU PACKET] depth=1 addr=281B04EC header=C0003600 type=3 opcode=36 count=1 data= 00010081
[GPU DRAW] number=16 initiator=00010081 color_mask=00000000 depth=00000000
[GPU DRAW] masked color/depth, no shader memory exports: no framebuffer writes
[GPU PACKET] depth=1 addr=281B04F4 header=C0003600 type=3 opcode=36 count=1 data= 00010081
[GPU DRAW] number=17 initiator=00010081 color_mask=00000000 depth=00000000
[GPU DRAW] masked color/depth, no shader memory exports: no framebuffer writes
[GPU PACKET] depth=1 addr=281B04FC header=C0003600 type=3 opcode=36 count=1 data= 00010081
[GPU DRAW] number=18 initiator=00010081 color_mask=00000000 depth=00000000
[GPU DRAW] masked color/depth, no shader memory exports: no framebuffer writes
[GPU PACKET] depth=1 addr=281B0504 header=C0003600 type=3 opcode=36 count=1 data= 00010081
[GPU DRAW] number=19 initiator=00010081 color_mask=00000000 depth=00000000
[GPU DRAW] masked color/depth, no shader memory exports: no framebuffer writes
[GPU PACKET] depth=1 addr=281B050C header=C0003600 type=3 opcode=36 count=1 data= 00010081
[GPU DRAW] number=20 initiator=00010081 color_mask=00000000 depth=00000000
[GPU DRAW] masked color/depth, no shader memory exports: no framebuffer writes
[GPU PACKET] depth=1 addr=281B0514 header=C0003600 type=3 opcode=36 count=1 data= 00010081
[GPU DRAW] number=21 initiator=00010081 color_mask=00000000 depth=00000000
[GPU DRAW] masked color/depth, no shader memory exports: no framebuffer writes
[GPU PACKET] depth=1 addr=281B051C header=C0003600 type=3 opcode=36 count=1 data= 00010081
[GPU DRAW] number=22 initiator=00010081 color_mask=00000000 depth=00000000
[GPU DRAW] masked color/depth, no shader memory exports: no framebuffer writes
[GPU PACKET] depth=1 addr=281B0524 header=C0003600 type=3 opcode=36 count=1 data= 00010081[THREAD WAKE] id=8 object=70118018 status=00000000
[NtSetTimerEx] handle=00020034 object=70118018 type=0 due=-100000 routine=00000000 unk_one=1 context=00000000 resume=0 period_ms=0 unk_zero=0
[THREAD WAIT] id=8 object=70118018 kind=2 reason=3 alertable=0 timeout_ms=4294967295 LR=825B4B28
[THREAD WAKE] id=9 object=300042CC status=00000102
[KeGetCurrentProcessType] -> 1 (USER)
[RtlEnterCriticalSection] guest=0x30004DE0
[RtlLeaveCriticalSection] guest=0x30004DE0
[THREAD WAIT] id=9 object=300042CC kind=1 reason=3 alertable=0 timeout_ms=30 LR=8238E21C

[GPU DRAW] number=23 initiator=00010081 color_mask=00000000 depth=00000000
[GPU DRAW] masked color/depth, no shader memory exports: no framebuffer writes
[GPU PACKET] depth=1 addr=281B052C header=C0003600 type=3 opcode=36 count=1 data= 00010081
[GPU DRAW] number=24 initiator=00010081 color_mask=00000000 depth=00000000
[GPU DRAW] masked color/depth, no shader memory exports: no framebuffer writes
[GPU PACKET] depth=1 addr=281B0534 header=00022080 type=0 opcode=20 count=3 data= 00000000 00000000 00000000
[GPU REG] index=2080 PA_SC_WINDOW_OFFSET value=00000000
[GPU REG] index=2081 PA_SC_WINDOW_SCISSOR_TL value=00000000
[GPU REG] index=2082 PA_SC_WINDOW_SCISSOR_BR value=00000000
[GPU PACKET] depth=1 addr=281B0544 header=C0025800 type=3 opcode=58 count=3 data= 00000003 088DC006 281B0540
[GPU EVENT] type=3 address=088DC006 value=281B0540 packet=281B0544
[GPU REG] index=21F9 VGT_EVENT_INITIATOR value=00000003
[GPU MEMORY] physical=288DC004 endian=2 value=281B0540
[GPU PACKET] depth=1 addr=281B0554 header=C0025800 type=3 opcode=58 count=3 data= 00000003 088DC002 00000003
[GPU EVENT] type=3 address=088DC002 value=00000003 packet=281B0554
[GPU REG] index=21F9 VGT_EVENT_INITIATOR value=00000003
[GPU MEMORY] physical=288DC000 endian=2 value=00000003
[GPU CONSUMED] RPTR=00000019 writeback=088DC03C
[KeQueryPerformanceFrequency] 50000000 Hz LR=825AF900
[VdGetGraphicsAsicID] emulated ASIC 0x11 LR=8238D5AC
[KeEnterCriticalRegion] thread=70001000 APC disable=-1
[RtlEnterCriticalSection] guest=0x70006000
[GPU EDRAM] allocated 10 MiB; software storage needs no electrical retraining
[VdRetrainEDRAMWorker] software EDRAM ready
[VdRetrainEDRAM] no hardware training commands required
[RtlLeaveCriticalSection] guest=0x70006000
[KeLeaveCriticalRegion] thread=70001000 APC disable=0; no queued APCs
[VdIsHSIOTrainingSucceeded] software EDRAM ready=1
[RtlEnterCriticalSection] guest=0x82A52D34
[KeGetCurrentProcessType] -> 1 (USER)
[RtlEnterCriticalSection] guest=0x30000610
[RtlLeaveCriticalSection] guest=0x30000610
[RtlLeaveCriticalSection] guest=0x82A52D34
[RtlEnterCriticalSection] guest=0x82A52D34
[KeGetCurrentProcessType] -> 1 (USER)
[RtlEnterCriticalSection] guest=0x30000610
[RtlLeaveCriticalSection] guest=0x30000610
[RtlLeaveCriticalSection] guest=0x82A52D34
[RtlEnterCriticalSection] guest=0x82A52D34
[KeGetCurrentProcessType] -> 1 (USER)
[RtlEnterCriticalSection] guest=0x30000610
[RtlLeaveCriticalSection] guest=0x30000610
[RtlLeaveCriticalSection] guest=0x82A52D34
[RtlEnterCriticalSection] guest=0x82A52D34
[KeGetCurrentProcessType] -> 1 (USER)
[RtlEnterCriticalSection] guest=0x30000610
[RtlLeaveCriticalSection] guest=0x30000610
[RtlLeaveCriticalSection] guest=0x82A52D34
[RtlEnterCriticalSection] guest=0x82A52D34
[MmAllocatePhysicalMemoryEx] guest=0x288E0000 size=0x398000 align=0x1000 flags=0x00000404
[RtlLeaveCriticalSection] guest=0x82A52D34
[RtlEnterCriticalSection] guest=0x82A52D34
[KeGetCurrentProcessType] -> 1 (USER)
[RtlEnterCriticalSection] guest=0x30000610
[RtlLeaveCriticalSection] guest=0x30000610
[RtlLeaveCriticalSection] guest=0x82A52D34
[RtlEnterCriticalSection] guest=0x82A52D34
[MmAllocatePhysicalMemoryEx] guest=0x28C78000 size=0x398000 align=0x1000 flags=0x00000404
[RtlLeaveCriticalSection] guest=0x82A52D34
[RtlEnterCriticalSection] guest=0x82A52D34
[KeGetCurrentProcessType] -> 1 (USER)
[RtlEnterCriticalSection] guest=0x30000610
[RtlLeaveCriticalSection] guest=0x30000610
[RtlLeaveCriticalSection] guest=0x82A52D34
[RtlEnterCriticalSection] guest=0x82A52D34
[MmAllocatePhysicalMemoryEx] guest=0x29010000 size=0x398000 align=0x1000 flags=0x00000404
[RtlLeaveCriticalSection] guest=0x82A52D34
[RtlEnterCriticalSection] guest=0x82A52D34
[KeGetCurrentProcessType] -> 1 (USER)
[RtlEnterCriticalSection] guest=0x30000610
[RtlLeaveCriticalSection] guest=0x30000610
[RtlLeaveCriticalSection] guest=0x82A52D34
[RtlEnterCriticalSection] guest=0x82A52D34
[KeGetCurrentProcessType] -> 1 (USER)
[RtlEnterCriticalSection] guest=0x30000610
[RtlLeaveCriticalSection] guest=0x30000610
[RtlLeaveCriticalSection] guest=0x82A52D34
[RtlEnterCriticalSection] guest=0x82A52D34
[MmAllocatePhysicalMemoryEx] guest=0x293A8000 size=0x398000 align=0x1000 flags=0x00000404
[RtlLeaveCriticalSection] guest=0x82A52D34
[RtlEnterCriticalSection] guest=0x82A52D34
[KeGetCurrentProcessType] -> 1 (USER)
[RtlEnterCriticalSection] guest=0x30000610
[RtlLeaveCriticalSection] guest=0x30000610
[RtlLeaveCriticalSection] guest=0x82A52D34
[RtlEnterCriticalSection] guest=0x82A52D34
[KeGetCurrentProcessType] -> 1 (USER)
[RtlEnterCriticalSection] guest=0x30000610
[RtlLeaveCriticalSection] guest=0x30000610
[RtlLeaveCriticalSection] guest=0x82A52D34
[RtlEnterCriticalSection] guest=0x82A52D34
[KeGetCurrentProcessType] -> 1 (USER)
[RtlEnterCriticalSection] guest=0x30000610
[RtlLeaveCriticalSection] guest=0x30000610
[RtlLeaveCriticalSection] guest=0x82A52D34
[RtlEnterCriticalSection] guest=0x82A52D34
[MmAllocatePhysicalMemoryEx] guest=0x29740000 size=0x12C000 align=0x1000 flags=0x00000404
[RtlLeaveCriticalSection] guest=0x82A52D34
[RtlEnterCriticalSection] guest=0x82A52D34
[KeGetCurrentProcessType] -> 1 (USER)
[RtlEnterCriticalSection] guest=0x30000610
[RtlLeaveCriticalSection] guest=0x30000610
[RtlLeaveCriticalSection] guest=0x82A52D34
[RtlEnterCriticalSection] guest=0x82A52D34
[MmAllocatePhysicalMemoryEx] guest=0x2986C000 size=0x398000 align=0x1000 flags=0x00000404
[RtlLeaveCriticalSection] guest=0x82A52D34
[RtlEnterCriticalSection] guest=0x82A52D34
[KeGetCurrentProcessType] -> 1 (USER)
[RtlEnterCriticalSection] guest=0x30000610
[RtlLeaveCriticalSection] guest=0x30000610
[RtlLeaveCriticalSection] guest=0x82A52D34
[RtlEnterCriticalSection] guest=0x82A52D34
[MmAllocatePhysicalMemoryEx] guest=0x29C04000 size=0x9C align=0x1000 flags=0x00000004
[RtlLeaveCriticalSection] guest=0x82A52D34
[RtlEnterCriticalSection] guest=0x82A52D34
[KeGetCurrentProcessType] -> 1 (USER)
[RtlEnterCriticalSection] guest=0x30000610
[RtlLeaveCriticalSection] guest=0x30000610
[RtlLeaveCriticalSection] guest=0x82A52D34
[RtlEnterCriticalSection] guest=0x82A52D34
[MmAllocatePhysicalMemoryEx] guest=0x29C05000 size=0x3C align=0x1000 flags=0x00000404
[RtlLeaveCriticalSection] guest=0x82A52D34
[RtlEnterCriticalSection] guest=0x82A52D34
[KeGetCurrentProcessType] -> 1 (USER)
[RtlEnterCriticalSection] guest=0x30000610
[RtlLeaveCriticalSection] guest=0x30000610
[RtlLeaveCriticalSection] guest=0x82A52D34
[RtlEnterCriticalSection] guest=0x82A52D34
[KeGetCurrentProcessType] -> 1 (USER)
[RtlEnterCriticalSection] guest=0x30000610
[RtlLeaveCriticalSection] guest=0x30000610
[RtlLeaveCriticalSection] guest=0x82A52D34
[RtlEnterCriticalSection] guest=0x82A52D34
[MmAllocatePhysicalMemoryEx] guest=0x29C06000 size=0x9C align=0x1000 flags=0x00000004
[RtlLeaveCriticalSection] guest=0x82A52D34
[RtlEnterCriticalSection] guest=0x82A52D34
[KeGetCurrentProcessType] -> 1 (USER)
[RtlEnterCriticalSection] guest=0x30000610
[RtlLeaveCriticalSection] guest=0x30000610
[THREAD WAKE] id=8 object=70118018 status=00000000
[RtlLeaveCriticalSection] guest=0x82A52D34
[NtSetTimerEx] handle=00020034 object=70118018 type=0 due=-100000 routine=00000000 unk_one=1 context=00000000 resume=0 period_ms=0 unk_zero=0
[THREAD WAIT] id=8 object=70118018 kind=2 reason=3 alertable=0 timeout_ms=4294967295 LR=825B4B28
[RtlEnterCriticalSection] guest=0x82A52D34
[MmAllocatePhysicalMemoryEx] guest=0x29C07000 size=0x24 align=0x1000 flags=0x00000404
[RtlLeaveCriticalSection] guest=0x82A52D34
[RtlEnterCriticalSection] guest=0x82A52D34
[KeGetCurrentProcessType] -> 1 (USER)
[RtlEnterCriticalSection] guest=0x30000610
[RtlLeaveCriticalSection] guest=0x30000610
[RtlLeaveCriticalSection] guest=0x82A52D34
[RtlEnterCriticalSection] guest=0x82A52D34
[KeGetCurrentProcessType] -> 1 (USER)
[RtlEnterCriticalSection] guest=0x30000610
[RtlLeaveCriticalSection] guest=0x30000610
[RtlLeaveCriticalSection] guest=0x82A52D34
[RtlEnterCriticalSection] guest=0x82A52D34
[MmAllocatePhysicalMemoryEx] guest=0x29C08000 size=0xD8 align=0x1000 flags=0x00000004
[RtlLeaveCriticalSection] guest=0x82A52D34
[RtlEnterCriticalSection] guest=0x82A52D34
[KeGetCurrentProcessType] -> 1 (USER)
[RtlEnterCriticalSection] guest=0x30000610
[RtlLeaveCriticalSection] guest=0x30000610
[RtlLeaveCriticalSection] guest=0x82A52D34
[RtlEnterCriticalSection] guest=0x82A52D34
[MmAllocatePhysicalMemoryEx] guest=0x29C09000 size=0xFC align=0x1000 flags=0x00000404
[RtlLeaveCriticalSection] guest=0x82A52D34
[RtlEnterCriticalSection] guest=0x82A52D34
[KeGetCurrentProcessType] -> 1 (USER)
[RtlEnterCriticalSection] guest=0x30000610
[RtlLeaveCriticalSection] guest=0x30000610
[RtlLeaveCriticalSection] guest=0x82A52D34
[RtlEnterCriticalSection] guest=0x82A52D34
[KeGetCurrentProcessType] -> 1 (USER)
[RtlEnterCriticalSection] guest=0x30000610
[RtlLeaveCriticalSection] guest=0x30000610
[RtlLeaveCriticalSection] guest=0x82A52D34
[RtlEnterCriticalSection] guest=0x82A52D34
[MmAllocatePhysicalMemoryEx] guest=0x29C0A000 size=0xD8 align=0x1000 flags=0x00000004
[RtlLeaveCriticalSection] guest=0x82A52D34
[RtlEnterCriticalSection] guest=0x82A52D34
[KeGetCurrentProcessType] -> 1 (USER)
[RtlEnterCriticalSection] guest=0x30000610
[RtlLeaveCriticalSection] guest=0x30000610
[RtlLeaveCriticalSection] guest=0x82A52D34
[RtlEnterCriticalSection] guest=0x82A52D34
[MmAllocatePhysicalMemoryEx] guest=0x29C0B000 size=0xCC align=0x1000 flags=0x00000404
[RtlLeaveCriticalSection] guest=0x82A52D34
[RtlEnterCriticalSection] guest=0x82A52D34
[KeGetCurrentProcessType] -> 1 (USER)
[RtlEnterCriticalSection] guest=0x30000610
[RtlLeaveCriticalSection] guest=0x30000610
[RtlLeaveCriticalSection] guest=0x82A52D34
[RtlEnterCriticalSection] guest=0x82A52D34
[KeGetCurrentProcessType] -> 1 (USER)
[RtlEnterCriticalSection] guest=0x30000610
[RtlLeaveCriticalSection] guest=0x30000610
[RtlLeaveCriticalSection] guest=0x82A52D34
[RtlEnterCriticalSection] guest=0x82A52D34
[MmAllocatePhysicalMemoryEx] guest=0x29C0C000 size=0x24C align=0x1000 flags=0x00000004
[RtlLeaveCriticalSection] guest=0x82A52D34
[RtlEnterCriticalSection] guest=0x82A52D34
[KeGetCurrentProcessType] -> 1 (USER)
[RtlEnterCriticalSection] guest=0x30000610
[RtlLeaveCriticalSection] guest=0x30000610
[RtlLeaveCriticalSection] guest=0x82A52D34
[RtlEnterCriticalSection] guest=0x82A52D34
[MmAllocatePhysicalMemoryEx] guest=0x29C0D000 size=0x168 align=0x1000 flags=0x00000404
[RtlLeaveCriticalSection] guest=0x82A52D34
[RtlEnterCriticalSection] guest=0x82A52D34
[KeGetCurrentProcessType] -> 1 (USER)
[RtlEnterCriticalSection] guest=0x30000610
[RtlLeaveCriticalSection] guest=0x30000610
[RtlLeaveCriticalSection] guest=0x82A52D34
[RtlEnterCriticalSection] guest=0x82A52D34
[KeGetCurrentProcessType] -> 1 (USER)
[RtlEnterCriticalSection] guest=0x30000610
[RtlLeaveCriticalSection] guest=0x30000610
[RtlLeaveCriticalSection] guest=0x82A52D34
[RtlEnterCriticalSection] guest=0x82A52D34
[MmAllocatePhysicalMemoryEx] guest=0x29C0E000 size=0x390 align=0x1000 flags=0x00000004
[RtlLeaveCriticalSection] guest=0x82A52D34
[RtlEnterCriticalSection] guest=0x82A52D34
[KeGetCurrentProcessType] -> 1 (USER)
[RtlEnterCriticalSection] guest=0x30000610
[RtlLeaveCriticalSection] guest=0x30000610
[RtlLeaveCriticalSection] guest=0x82A52D34
[RtlEnterCriticalSection] guest=0x82A52D34
[MmAllocatePhysicalMemoryEx] guest=0x29C0F000 size=0x168 align=0x1000 flags=0x00000404
[RtlLeaveCriticalSection] guest=0x82A52D34
[RtlEnterCriticalSection] guest=0x82A52D34
[KeGetCurrentProcessType] -> 1 (USER)
[RtlEnterCriticalSection] guest=0x30000610
[RtlLeaveCriticalSection] guest=0x30000610
[RtlLeaveCriticalSection] guest=0x82A52D34
[RtlEnterCriticalSection] guest=0x82A52D34
[KeGetCurrentProcessType] -> 1 (USER)
[RtlEnterCriticalSection] guest=0x30000610
[RtlLeaveCriticalSection] guest=0x30000610
[RtlLeaveCriticalSection] guest=0x82A52D34
[RtlEnterCriticalSection] guest=0x82A52D34
[MmAllocatePhysicalMemoryEx] guest=0x29C10000 size=0x240 align=0x1000 flags=0x00000004
[RtlLeaveCriticalSection] guest=0x82A52D34
[RtlEnterCriticalSection] guest=0x82A52D34
[KeGetCurrentProcessType] -> 1 (USER)
[RtlEnterCriticalSection] guest=0x30000610
[RtlLeaveCriticalSection] guest=0x30000610
[RtlLeaveCriticalSection] guest=0x82A52D34
[RtlEnterCriticalSection] guest=0x82A52D34
[MmAllocatePhysicalMemoryEx] guest=0x29C11000 size=0x5B8 align=0x1000 flags=0x00000404
[RtlLeaveCriticalSection] guest=0x82A52D34
[RtlEnterCriticalSection] guest=0x82A52D34
[KeGetCurrentProcessType] -> 1 (USER)
[RtlEnterCriticalSection] guest=0x30000610
[RtlLeaveCriticalSection] guest=0x30000610
[RtlLeaveCriticalSection] guest=0x82A52D34
[RtlEnterCriticalSection] guest=0x82A52D34
[KeGetCurrentProcessType] -> 1 (USER)
[RtlEnterCriticalSection] guest=0x30000610
[RtlLeaveCriticalSection] guest=0x30000610
[RtlLeaveCriticalSection] guest=0x82A52D34
[RtlEnterCriticalSection] guest=0x82A52D34
[MmAllocatePhysicalMemoryEx] guest=0x29C12000 size=0x3A8 align=0x1000 flags=0x00000004
[RtlLeaveCriticalSection] guest=0x82A52D34
[RtlEnterCriticalSection] guest=0x82A52D34
[KeGetCurrentProcessType] -> 1 (USER)
[RtlEnterCriticalSection] guest=0x30000610
[RtlLeaveCriticalSection] guest=0x30000610
[RtlLeaveCriticalSection] guest=0x82A52D34
[RtlEnterCriticalSection] guest=0x82A52D34
[MmAllocatePhysicalMemoryEx] guest=0x29C13000 size=0x5B8 align=0x1000 flags=0x00000404
[RtlLeaveCriticalSection] guest=0x82A52D34
[RtlEnterCriticalSection] guest=0x82A52D34
[KeGetCurrentProcessType] -> 1 (USER)
[RtlEnterCriticalSection] guest=0x30000610
[RtlLeaveCriticalSection] guest=0x30000610
[RtlLeaveCriticalSection] guest=0x82A52D34
[RtlEnterCriticalSection] guest=0x82A52D34
[KeGetCurrentProcessType] -> 1 (USER)
[RtlEnterCriticalSection] guest=0x30000610
[RtlLeaveCriticalSection] guest=0x30000610
[RtlLeaveCriticalSection] guest=0x82A52D34
[RtlEnterCriticalSection] guest=0x82A52D34
[MmAllocatePhysicalMemoryEx] guest=0x29C14000 size=0x24C align=0x1000 flags=0x00000004
[RtlLeaveCriticalSection] guest=0x82A52D34
[RtlEnterCriticalSection] guest=0x82A52D34
[KeGetCurrentProcessType] -> 1 (USER)
[RtlEnterCriticalSection] guest=0x30000610
[RtlLeaveCriticalSection] guest=0x30000610
[RtlLeaveCriticalSection] guest=0x82A52D34
[RtlEnterCriticalSection] guest=0x82A52D34
[MmAllocatePhysicalMemoryEx] guest=0x29C15000 size=0x5AC align=0x1000 flags=0x00000404
[RtlLeaveCriticalSection] guest=0x82A52D34
[RtlEnterCriticalSection] guest=0x82A52D34
[KeGetCurrentProcessType] -> 1 (USER)
[RtlEnterCriticalSection] guest=0x30000610
[RtlLeaveCriticalSection] guest=0x30000610
[RtlLeaveCriticalSection] guest=0x82A52D34
[RtlEnterCriticalSection] guest=0x82A52D34
[KeGetCurrentProcessType] -> 1 (USER)
[RtlEnterCriticalSection] guest=0x30000610
[RtlLeaveCriticalSection] guest=0x30000610
[RtlLeaveCriticalSection] guest=0x82A52D34
[RtlEnterCriticalSection] guest=0x82A52D34
[MmAllocatePhysicalMemoryEx] guest=0x29C16000 size=0x390 align=0x1000 flags=0x00000004
[RtlLeaveCriticalSection] guest=0x82A52D34
[RtlEnterCriticalSection] guest=0x82A52D34
[KeGetCurrentProcessType] -> 1 (USER)
[RtlEnterCriticalSection] guest=0x30000610
[RtlLeaveCriticalSection] guest=0x30000610
[RtlLeaveCriticalSection] guest=0x82A52D34
[RtlEnterCriticalSection] guest=0x82A52D34
[MmAllocatePhysicalMemoryEx] guest=0x29C17000 size=0x5AC align=0x1000 flags=0x00000404
[RtlLeaveCriticalSection] guest=0x82A52D34
[RtlEnterCriticalSection] guest=0x82A52D34
[KeGetCurrentProcessType] -> 1 (USER)
[RtlEnterCriticalSection] guest=0x30000610
[RtlLeaveCriticalSection] guest=0x30000610
[RtlLeaveCriticalSection] guest=0x82A52D34
[RtlEnterCriticalSection] guest=0x82A52D34
[KeGetCurrentProcessType] -> 1 (USER)
[RtlEnterCriticalSection] guest=0x30000610
[RtlLeaveCriticalSection] guest=0x30000610
[RtlLeaveCriticalSection] guest=0x82A52D34
[RtlEnterCriticalSection] guest=0x82A52D34
[THREAD WAKE] id=8 object=70118018 status=00000000
[MmAllocatePhysicalMemoryEx] guest=0x29C18000 size=0x180 align=0x1000 flags=0x00000004
[RtlLeaveCriticalSection] guest=0x82A52D34
[NtSetTimerEx] handle=00020034 object=70118018 type=0 due=-100000 routine=00000000 unk_one=1 context=00000000 resume=0 period_ms=0 unk_zero=0
[THREAD WAIT] id=8 object=70118018 kind=2 reason=3 alertable=0 timeout_ms=4294967295 LR=825B4B28
[RtlEnterCriticalSection] guest=0x82A52D34
[KeGetCurrentProcessType] -> 1 (USER)
[RtlEnterCriticalSection] guest=0x30000610
[RtlLeaveCriticalSection] guest=0x30000610
[RtlLeaveCriticalSection] guest=0x82A52D34
[THREAD WAKE] id=9 object=300042CC status=00000102
[KeGetCurrentProcessType] -> 1 (USER)
[RtlEnterCriticalSection] guest=0x30004DE0
[RtlLeaveCriticalSection] guest=0x30004DE0
[THREAD WAIT] id=9 object=300042CC kind=1 reason=3 alertable=0 timeout_ms=30 LR=8238E21C
[RtlEnterCriticalSection] guest=0x82A52D34
[MmAllocatePhysicalMemoryEx] guest=0x29C19000 size=0x300 align=0x1000 flags=0x00000404
[RtlLeaveCriticalSection] guest=0x82A52D34
[RtlEnterCriticalSection] guest=0x82A52D34
[KeGetCurrentProcessType] -> 1 (USER)
[RtlEnterCriticalSection] guest=0x30000610
[RtlLeaveCriticalSection] guest=0x30000610
[RtlLeaveCriticalSection] guest=0x82A52D34
[RtlEnterCriticalSection] guest=0x82A52D34
[KeGetCurrentProcessType] -> 1 (USER)
[RtlEnterCriticalSection] guest=0x30000610
[RtlLeaveCriticalSection] guest=0x30000610
[RtlLeaveCriticalSection] guest=0x82A52D34
[RtlEnterCriticalSection] guest=0x82A52D34
[MmAllocatePhysicalMemoryEx] guest=0x29C1A000 size=0x2D0 align=0x1000 flags=0x00000004
[RtlLeaveCriticalSection] guest=0x82A52D34
[RtlEnterCriticalSection] guest=0x82A52D34
[KeGetCurrentProcessType] -> 1 (USER)
[RtlEnterCriticalSection] guest=0x30000610
[RtlLeaveCriticalSection] guest=0x30000610
[RtlLeaveCriticalSection] guest=0x82A52D34
[RtlEnterCriticalSection] guest=0x82A52D34
[MmAllocatePhysicalMemoryEx] guest=0x29C1B000 size=0x300 align=0x1000 flags=0x00000404
[RtlLeaveCriticalSection] guest=0x82A52D34
[RtlEnterCriticalSection] guest=0x82A52D34
[KeGetCurrentProcessType] -> 1 (USER)
[RtlEnterCriticalSection] guest=0x30000610
[RtlLeaveCriticalSection] guest=0x30000610
[RtlLeaveCriticalSection] guest=0x82A52D34
[RtlEnterCriticalSection] guest=0x82A52D34
[KeGetCurrentProcessType] -> 1 (USER)
[RtlEnterCriticalSection] guest=0x30000610
[RtlLeaveCriticalSection] guest=0x30000610
[RtlLeaveCriticalSection] guest=0x82A52D34
[RtlEnterCriticalSection] guest=0x82A52D34
[MmAllocatePhysicalMemoryEx] guest=0x29C1C000 size=0x1B0 align=0x1000 flags=0x00000004
[RtlLeaveCriticalSection] guest=0x82A52D34
[RtlEnterCriticalSection] guest=0x82A52D34
[KeGetCurrentProcessType] -> 1 (USER)
[RtlEnterCriticalSection] guest=0x30000610
[RtlLeaveCriticalSection] guest=0x30000610
[RtlLeaveCriticalSection] guest=0x82A52D34
[RtlEnterCriticalSection] guest=0x82A52D34
[MmAllocatePhysicalMemoryEx] guest=0x29C1D000 size=0x18C align=0x1000 flags=0x00000404
[RtlLeaveCriticalSection] guest=0x82A52D34
[RtlEnterCriticalSection] guest=0x82A52D34
[KeGetCurrentProcessType] -> 1 (USER)
[RtlEnterCriticalSection] guest=0x30000610
[RtlLeaveCriticalSection] guest=0x30000610
[RtlLeaveCriticalSection] guest=0x82A52D34
[RtlEnterCriticalSection] guest=0x82A52D34
[KeGetCurrentProcessType] -> 1 (USER)
[RtlEnterCriticalSection] guest=0x30000610
[RtlLeaveCriticalSection] guest=0x30000610
[RtlLeaveCriticalSection] guest=0x82A52D34
[RtlEnterCriticalSection] guest=0x82A52D34
[MmAllocatePhysicalMemoryEx] guest=0x29C1E000 size=0x30C align=0x1000 flags=0x00000004
[RtlLeaveCriticalSection] guest=0x82A52D34
[RtlEnterCriticalSection] guest=0x82A52D34
[KeGetCurrentProcessType] -> 1 (USER)
[RtlEnterCriticalSection] guest=0x30000610
[RtlLeaveCriticalSection] guest=0x30000610
[RtlLeaveCriticalSection] guest=0x82A52D34
[RtlEnterCriticalSection] guest=0x82A52D34
[MmAllocatePhysicalMemoryEx] guest=0x29C1F000 size=0x18C align=0x1000 flags=0x00000404
[RtlLeaveCriticalSection] guest=0x82A52D34
[RtlEnterCriticalSection] guest=0x82A52D34
[KeGetCurrentProcessType] -> 1 (USER)
[RtlEnterCriticalSection] guest=0x30000610
[RtlLeaveCriticalSection] guest=0x30000610
[RtlLeaveCriticalSection] guest=0x82A52D34
[RtlEnterCriticalSection] guest=0x82A52D34
[KeGetCurrentProcessType] -> 1 (USER)
[RtlEnterCriticalSection] guest=0x30000610
[RtlLeaveCriticalSection] guest=0x30000610
[RtlLeaveCriticalSection] guest=0x82A52D34
[RtlEnterCriticalSection] guest=0x82A52D34
[MmAllocatePhysicalMemoryEx] guest=0x29C20000 size=0xCC align=0x1000 flags=0x00000004
[RtlLeaveCriticalSection] guest=0x82A52D34
[RtlEnterCriticalSection] guest=0x82A52D34
[KeGetCurrentProcessType] -> 1 (USER)
[RtlEnterCriticalSection] guest=0x30000610
[RtlLeaveCriticalSection] guest=0x30000610
[RtlLeaveCriticalSection] guest=0x82A52D34
[RtlEnterCriticalSection] guest=0x82A52D34
[MmAllocatePhysicalMemoryEx] guest=0x29C21000 size=0xF0 align=0x1000 flags=0x00000404
[RtlLeaveCriticalSection] guest=0x82A52D34
[RtlEnterCriticalSection] guest=0x82A52D34
[KeGetCurrentProcessType] -> 1 (USER)
[RtlEnterCriticalSection] guest=0x30000610
[RtlLeaveCriticalSection] guest=0x30000610
[RtlLeaveCriticalSection] guest=0x82A52D34
[RtlEnterCriticalSection] guest=0x82A52D34
[KeGetCurrentProcessType] -> 1 (USER)
[RtlEnterCriticalSection] guest=0x30000610
[RtlLeaveCriticalSection] guest=0x30000610
[RtlLeaveCriticalSection] guest=0x82A52D34
[RtlEnterCriticalSection] guest=0x82A52D34
[MmAllocatePhysicalMemoryEx] guest=0x29C22000 size=0x18C align=0x1000 flags=0x00000004
[RtlLeaveCriticalSection] guest=0x82A52D34
[RtlEnterCriticalSection] guest=0x82A52D34
[KeGetCurrentProcessType] -> 1 (USER)
[RtlEnterCriticalSection] guest=0x30000610
[RtlLeaveCriticalSection] guest=0x30000610
[RtlLeaveCriticalSection] guest=0x82A52D34
[RtlEnterCriticalSection] guest=0x82A52D34
[MmAllocatePhysicalMemoryEx] guest=0x29C23000 size=0xF0 align=0x1000 flags=0x00000404
[RtlLeaveCriticalSection] guest=0x82A52D34
[RtlEnterCriticalSection] guest=0x82A52D34
[KeGetCurrentProcessType] -> 1 (USER)
[RtlEnterCriticalSection] guest=0x30000610
[RtlLeaveCriticalSection] guest=0x30000610
[RtlLeaveCriticalSection] guest=0x82A52D34
[RtlEnterCriticalSection] guest=0x82A52D34
[KeGetCurrentProcessType] -> 1 (USER)
[RtlEnterCriticalSection] guest=0x30000610
[RtlLeaveCriticalSection] guest=0x30000610
[RtlLeaveCriticalSection] guest=0x82A52D34
[RtlEnterCriticalSection] guest=0x82A52D34
[MmAllocatePhysicalMemoryEx] guest=0x29C24000 size=0x1B0 align=0x1000 flags=0x00000004
[RtlLeaveCriticalSection] guest=0x82A52D34
[RtlEnterCriticalSection] guest=0x82A52D34
[KeGetCurrentProcessType] -> 1 (USER)
[RtlEnterCriticalSection] guest=0x30000610
[RtlLeaveCriticalSection] guest=0x30000610
[RtlLeaveCriticalSection] guest=0x82A52D34
[RtlEnterCriticalSection] guest=0x82A52D34
[MmAllocatePhysicalMemoryEx] guest=0x29C25000 size=0x288 align=0x1000 flags=0x00000404
[RtlLeaveCriticalSection] guest=0x82A52D34
[RtlEnterCriticalSection] guest=0x82A52D34
[KeGetCurrentProcessType] -> 1 (USER)
[RtlEnterCriticalSection] guest=0x30000610
[RtlLeaveCriticalSection] guest=0x30000610
[RtlLeaveCriticalSection] guest=0x82A52D34
[RtlEnterCriticalSection] guest=0x82A52D34
[KeGetCurrentProcessType] -> 1 (USER)
[RtlEnterCriticalSection] guest=0x30000610
[RtlLeaveCriticalSection] guest=0x30000610
[RtlLeaveCriticalSection] guest=0x82A52D34
[RtlEnterCriticalSection] guest=0x82A52D34
[MmAllocatePhysicalMemoryEx] guest=0x29C26000 size=0x1B0 align=0x1000 flags=0x00000004
[RtlLeaveCriticalSection] guest=0x82A52D34
[RtlEnterCriticalSection] guest=0x82A52D34
[KeGetCurrentProcessType] -> 1 (USER)
[RtlEnterCriticalSection] guest=0x30000610
[RtlLeaveCriticalSection] guest=0x30000610
[RtlLeaveCriticalSection] guest=0x82A52D34
[RtlEnterCriticalSection] guest=0x82A52D34
[MmAllocatePhysicalMemoryEx] guest=0x29C27000 size=0x2F4 align=0x1000 flags=0x00000404
[RtlLeaveCriticalSection] guest=0x82A52D34
[RtlEnterCriticalSection] guest=0x82A52D34
[KeGetCurrentProcessType] -> 1 (USER)
[RtlEnterCriticalSection] guest=0x30000610
[RtlLeaveCriticalSection] guest=0x30000610
[RtlLeaveCriticalSection] guest=0x82A52D34
[RtlEnterCriticalSection] guest=0x82A52D34
[KeGetCurrentProcessType] -> 1 (USER)
[RtlEnterCriticalSection] guest=0x30000610
[RtlLeaveCriticalSection] guest=0x30000610
[RtlLeaveCriticalSection] guest=0x82A52D34
[RtlEnterCriticalSection] guest=0x82A52D34
[MmAllocatePhysicalMemoryEx] guest=0x29C28000 size=0x30C align=0x1000 flags=0x00000004
[RtlLeaveCriticalSection] guest=0x82A52D34
[RtlEnterCriticalSection] guest=0x82A52D34
[KeGetCurrentProcessType] -> 1 (USER)
[RtlEnterCriticalSection] guest=0x30000610
[NtAllocateVirtualMemory] base*=0x30010000 size*=0x00010000 type=0x60001000 protect=0x00000004 r7=0x00000000
  COMMIT guest=0x30010000 host=0000020604600000 size=0x10000
[THREAD WAKE] id=8 object=70118018 status=00000000
[RtlLeaveCriticalSection] guest=0x30000610
[RtlLeaveCriticalSection] guest=0x82A52D34
[NtSetTimerEx] handle=00020034 object=70118018 type=0 due=-100000 routine=00000000 unk_one=1 context=00000000 resume=0 period_ms=0 unk_zero=0
[THREAD WAIT] id=8 object=70118018 kind=2 reason=3 alertable=0 timeout_ms=4294967295 LR=825B4B28
[RtlEnterCriticalSection] guest=0x82A52D34
[MmAllocatePhysicalMemoryEx] guest=0x29C29000 size=0x288 align=0x1000 flags=0x00000404
[RtlLeaveCriticalSection] guest=0x82A52D34
[RtlEnterCriticalSection] guest=0x82A52D34
[KeGetCurrentProcessType] -> 1 (USER)
[RtlEnterCriticalSection] guest=0x30000610
[RtlLeaveCriticalSection] guest=0x30000610
[RtlLeaveCriticalSection] guest=0x82A52D34
[RtlEnterCriticalSection] guest=0x82A52D34
[KeGetCurrentProcessType] -> 1 (USER)
[RtlEnterCriticalSection] guest=0x30000610
[RtlLeaveCriticalSection] guest=0x30000610
[RtlLeaveCriticalSection] guest=0x82A52D34
[RtlEnterCriticalSection] guest=0x82A52D34
[MmAllocatePhysicalMemoryEx] guest=0x29C2A000 size=0x30C align=0x1000 flags=0x00000004
[RtlLeaveCriticalSection] guest=0x82A52D34
[RtlEnterCriticalSection] guest=0x82A52D34
[KeGetCurrentProcessType] -> 1 (USER)
[RtlEnterCriticalSection] guest=0x30000610
[RtlLeaveCriticalSection] guest=0x30000610
[RtlLeaveCriticalSection] guest=0x82A52D34
[RtlEnterCriticalSection] guest=0x82A52D34
[MmAllocatePhysicalMemoryEx] guest=0x29C2B000 size=0x2F4 align=0x1000 flags=0x00000404
[RtlLeaveCriticalSection] guest=0x82A52D34
[RtlEnterCriticalSection] guest=0x82A52D34
[KeGetCurrentProcessType] -> 1 (USER)
[RtlEnterCriticalSection] guest=0x30000610
[RtlLeaveCriticalSection] guest=0x30000610
[RtlLeaveCriticalSection] guest=0x82A52D34
[RtlEnterCriticalSection] guest=0x82A52D34
[KeGetCurrentProcessType] -> 1 (USER)
[RtlEnterCriticalSection] guest=0x30000610
[RtlLeaveCriticalSection] guest=0x30000610
[RtlLeaveCriticalSection] guest=0x82A52D34
[RtlEnterCriticalSection] guest=0x82A52D34
[MmAllocatePhysicalMemoryEx] guest=0x29C2C000 size=0x30C align=0x1000 flags=0x00000004
[RtlLeaveCriticalSection] guest=0x82A52D34
[RtlEnterCriticalSection] guest=0x82A52D34
[KeGetCurrentProcessType] -> 1 (USER)
[RtlEnterCriticalSection] guest=0x30000610
[RtlLeaveCriticalSection] guest=0x30000610
[RtlLeaveCriticalSection] guest=0x82A52D34
[RtlEnterCriticalSection] guest=0x82A52D34
[MmAllocatePhysicalMemoryEx] guest=0x29C2D000 size=0x33C align=0x1000 flags=0x00000404
[RtlLeaveCriticalSection] guest=0x82A52D34
[RtlEnterCriticalSection] guest=0x82A52D34
[KeGetCurrentProcessType] -> 1 (USER)
[RtlEnterCriticalSection] guest=0x30000610
[RtlLeaveCriticalSection] guest=0x30000610
[RtlLeaveCriticalSection] guest=0x82A52D34
[RtlEnterCriticalSection] guest=0x82A52D34
[KeGetCurrentProcessType] -> 1 (USER)
[RtlEnterCriticalSection] guest=0x30000610
[RtlLeaveCriticalSection] guest=0x30000610
[RtlLeaveCriticalSection] guest=0x82A52D34
[RtlEnterCriticalSection] guest=0x82A52D34
[MmAllocatePhysicalMemoryEx] guest=0x29C2E000 size=0x1B0 align=0x1000 flags=0x00000004
[RtlLeaveCriticalSection] guest=0x82A52D34
[RtlEnterCriticalSection] guest=0x82A52D34
[KeGetCurrentProcessType] -> 1 (USER)
[RtlEnterCriticalSection] guest=0x30000610
[RtlLeaveCriticalSection] guest=0x30000610
[RtlLeaveCriticalSection] guest=0x82A52D34
[RtlEnterCriticalSection] guest=0x82A52D34
[MmAllocatePhysicalMemoryEx] guest=0x29C2F000 size=0x33C align=0x1000 flags=0x00000404
[RtlLeaveCriticalSection] guest=0x82A52D34
[RtlEnterCriticalSection] guest=0x82A52D34
[KeGetCurrentProcessType] -> 1 (USER)
[RtlEnterCriticalSection] guest=0x30000610
[RtlLeaveCriticalSection] guest=0x30000610
[RtlLeaveCriticalSection] guest=0x82A52D34
[RtlEnterCriticalSection] guest=0x82A52D34
[KeGetCurrentProcessType] -> 1 (USER)
[RtlEnterCriticalSection] guest=0x30000610
[RtlLeaveCriticalSection] guest=0x30000610
[RtlLeaveCriticalSection] guest=0x82A52D34
[RtlEnterCriticalSection] guest=0x82A52D34
[MmAllocatePhysicalMemoryEx] guest=0x29C30000 size=0x288 align=0x1000 flags=0x00000004
[RtlLeaveCriticalSection] guest=0x82A52D34
[RtlEnterCriticalSection] guest=0x82A52D34
[KeGetCurrentProcessType] -> 1 (USER)
[RtlEnterCriticalSection] guest=0x30000610
[RtlLeaveCriticalSection] guest=0x30000610
[RtlLeaveCriticalSection] guest=0x82A52D34
[RtlEnterCriticalSection] guest=0x82A52D34
[MmAllocatePhysicalMemoryEx] guest=0x29C31000 size=0x3E4 align=0x1000 flags=0x00000404
[RtlLeaveCriticalSection] guest=0x82A52D34
[RtlEnterCriticalSection] guest=0x82A52D34
[KeGetCurrentProcessType] -> 1 (USER)
[RtlEnterCriticalSection] guest=0x30000610
[RtlLeaveCriticalSection] guest=0x30000610
[RtlLeaveCriticalSection] guest=0x82A52D34
[RtlEnterCriticalSection] guest=0x82A52D34
[KeGetCurrentProcessType] -> 1 (USER)
[RtlEnterCriticalSection] guest=0x30000610
[RtlLeaveCriticalSection] guest=0x30000610
[RtlLeaveCriticalSection] guest=0x82A52D34
[RtlEnterCriticalSection] guest=0x82A52D34
[MmAllocatePhysicalMemoryEx] guest=0x29C32000 size=0x138 align=0x1000 flags=0x00000004
[RtlLeaveCriticalSection] guest=0x82A52D34
[RtlEnterCriticalSection] guest=0x82A52D34
[KeGetCurrentProcessType] -> 1 (USER)
[RtlEnterCriticalSection] guest=0x30000610
[RtlLeaveCriticalSection] guest=0x30000610
[RtlLeaveCriticalSection] guest=0x82A52D34
[RtlEnterCriticalSection] guest=0x82A52D34
[MmAllocatePhysicalMemoryEx] guest=0x29C33000 size=0x3E4 align=0x1000 flags=0x00000404
[RtlLeaveCriticalSection] guest=0x82A52D34
[RtlEnterCriticalSection] guest=0x82A52D34
[KeGetCurrentProcessType] -> 1 (USER)
[RtlEnterCriticalSection] guest=0x30000610
[RtlLeaveCriticalSection] guest=0x30000610
[RtlLeaveCriticalSection] guest=0x82A52D34
[RtlEnterCriticalSection] guest=0x82A52D34
[KeGetCurrentProcessType] -> 1 (USER)
[RtlEnterCriticalSection] guest=0x30000610
[RtlLeaveCriticalSection] guest=0x30000610
[RtlLeaveCriticalSection] guest=0x82A52D34
[RtlEnterCriticalSection] guest=0x82A52D34
[MmAllocatePhysicalMemoryEx] guest=0x29C34000 size=0x2DC align=0x1000 flags=0x00000004
[RtlLeaveCriticalSection] guest=0x82A52D34
[RtlEnterCriticalSection] guest=0x82A52D34
[KeGetCurrentProcessType] -> 1 (USER)
[RtlEnterCriticalSection] guest=0x30000610
[RtlLeaveCriticalSection] guest=0x30000610
[RtlLeaveCriticalSection] guest=0x82A52D34
[RtlEnterCriticalSection] guest=0x82A52D34
[MmAllocatePhysicalMemoryEx] guest=0x29C35000 size=0x480 align=0x1000 flags=0x00000404
[RtlLeaveCriticalSection] guest=0x82A52D34
[RtlEnterCriticalSection] guest=0x82A52D34
[KeGetCurrentProcessType] -> 1 (USER)
[RtlEnterCriticalSection] guest=0x30000610
[RtlLeaveCriticalSection] guest=0x30000610
[RtlLeaveCriticalSection] guest=0x82A52D34
[RtlEnterCriticalSection] guest=0x82A52D34
[KeGetCurrentProcessType] -> 1 (USER)
[RtlEnterCriticalSection] guest=0x30000610
[RtlLeaveCriticalSection] guest=0x30000610
[RtlLeaveCriticalSection] guest=0x82A52D34
[RtlEnterCriticalSection] guest=0x82A52D34
[MmAllocatePhysicalMemoryEx] guest=0x29C36000 size=0x18C align=0x1000 flags=0x00000004
[RtlLeaveCriticalSection] guest=0x82A52D34
[RtlEnterCriticalSection] guest=0x82A52D34
[KeGetCurrentProcessType] -> 1 (USER)
[RtlEnterCriticalSection] guest=0x30000610
[RtlLeaveCriticalSection] guest=0x30000610
[RtlLeaveCriticalSection] guest=0x82A52D34
[RtlEnterCriticalSection] guest=0x82A52D34
[MmAllocatePhysicalMemoryEx] guest=0x29C37000 size=0x480 align=0x1000 flags=0x00000404
[RtlLeaveCriticalSection] guest=0x82A52D34
[RtlEnterCriticalSection] guest=0x82A52D34
[KeGetCurrentProcessType] -> 1 (USER)
[RtlEnterCriticalSection] guest=0x30000610
[RtlLeaveCriticalSection] guest=0x30000610
[RtlLeaveCriticalSection] guest=0x82A52D34
[RtlEnterCriticalSection] guest=0x82A52D34
[KeGetCurrentProcessType] -> 1 (USER)
[RtlEnterCriticalSection] guest=0x30000610
[RtlLeaveCriticalSection] guest=0x30000610
[RtlLeaveCriticalSection] guest=0x82A52D34
[RtlEnterCriticalSection] guest=0x82A52D34
[MmAllocatePhysicalMemoryEx] guest=0x29C38000 size=0x15C align=0x1000 flags=0x00000004
[RtlLeaveCriticalSection] guest=0x82A52D34
[RtlEnterCriticalSection] guest=0x82A52D34
[KeGetCurrentProcessType] -> 1 (USER)
[RtlEnterCriticalSection] guest=0x30000610
[RtlLeaveCriticalSection] guest=0x30000610
[RtlLeaveCriticalSection] guest=0x82A52D34
[RtlEnterCriticalSection] guest=0x82A52D34
[MmAllocatePhysicalMemoryEx] guest=0x29C39000 size=0xE4 align=0x1000 flags=0x00000404
[RtlLeaveCriticalSection] guest=0x82A52D34
[RtlEnterCriticalSection] guest=0x82A52D34
[KeGetCurrentProcessType] -> 1 (USER)
[RtlEnterCriticalSection] guest=0x30000610
[RtlLeaveCriticalSection] guest=0x30000610
[RtlLeaveCriticalSection] guest=0x82A52D34
[RtlEnterCriticalSection] guest=0x82A52D34
[KeGetCurrentProcessType] -> 1 (USER)
[RtlEnterCriticalSection] guest=0x30000610
[RtlLeaveCriticalSection] guest=0x30000610
[RtlLeaveCriticalSection] guest=0x82A52D34
[RtlEnterCriticalSection] guest=0x82A52D34
[MmAllocatePhysicalMemoryEx] guest=0x29C3A000 size=0x2AC align=0x1000 flags=0x00000004
[RtlLeaveCriticalSection] guest=0x82A52D34
[THREAD WAKE] id=8 object=70118018 status=00000000
[THREAD WAKE] id=9 object=300042CC status=00000102
[KeGetCurrentProcessType] -> 1 (USER)
[RtlEnterCriticalSection] guest=0x30004DE0
[RtlLeaveCriticalSection] guest=0x30004DE0
[NtSetTimerEx] handle=00020034 object=70118018 type=0 due=-100000 routine=00000000 unk_one=1 context=00000000 resume=0 period_ms=0 unk_zero=0
[RtlEnterCriticalSection] guest=0x82A52D34
[KeGetCurrentProcessType] -> 1 (USER)
[RtlEnterCriticalSection] guest=0x30000610
[RtlLeaveCriticalSection] guest=0x30000610
[RtlLeaveCriticalSection] guest=0x82A52D34
[THREAD WAIT] id=8 object=70118018 kind=2 reason=3 alertable=0 timeout_ms=4294967295 LR=825B4B28
[THREAD WAIT] id=9 object=300042CC kind=1 reason=3 alertable=0 timeout_ms=30 LR=8238E21C
[RtlEnterCriticalSection] guest=0x82A52D34
[MmAllocatePhysicalMemoryEx] guest=0x29C3B000 size=0xE4 align=0x1000 flags=0x00000404
[RtlLeaveCriticalSection] guest=0x82A52D34
[RtlEnterCriticalSection] guest=0x82A52D34
[KeGetCurrentProcessType] -> 1 (USER)
[RtlEnterCriticalSection] guest=0x30000610
[RtlLeaveCriticalSection] guest=0x30000610
[RtlLeaveCriticalSection] guest=0x82A52D34
[RtlEnterCriticalSection] guest=0x82A52D34
[KeGetCurrentProcessType] -> 1 (USER)
[RtlEnterCriticalSection] guest=0x30000610
[RtlLeaveCriticalSection] guest=0x30000610
[RtlLeaveCriticalSection] guest=0x82A52D34
[RtlEnterCriticalSection] guest=0x82A52D34
[MmAllocatePhysicalMemoryEx] guest=0x29C3C000 size=0x174 align=0x1000 flags=0x00000004
[RtlLeaveCriticalSection] guest=0x82A52D34
[RtlEnterCriticalSection] guest=0x82A52D34
[KeGetCurrentProcessType] -> 1 (USER)
[RtlEnterCriticalSection] guest=0x30000610
[RtlLeaveCriticalSection] guest=0x30000610
[RtlLeaveCriticalSection] guest=0x82A52D34
[RtlEnterCriticalSection] guest=0x82A52D34
[MmAllocatePhysicalMemoryEx] guest=0x29C3D000 size=0x30C align=0x1000 flags=0x00000404
[RtlLeaveCriticalSection] guest=0x82A52D34
[RtlEnterCriticalSection] guest=0x82A52D34
[KeGetCurrentProcessType] -> 1 (USER)
[RtlEnterCriticalSection] guest=0x30000610
[RtlLeaveCriticalSection] guest=0x30000610
[RtlLeaveCriticalSection] guest=0x82A52D34
[RtlEnterCriticalSection] guest=0x82A52D34
[KeGetCurrentProcessType] -> 1 (USER)
[RtlEnterCriticalSection] guest=0x30000610
[RtlLeaveCriticalSection] guest=0x30000610
[RtlLeaveCriticalSection] guest=0x82A52D34
[RtlEnterCriticalSection] guest=0x82A52D34
[MmAllocatePhysicalMemoryEx] guest=0x29C3E000 size=0x2C4 align=0x1000 flags=0x00000004
[RtlLeaveCriticalSection] guest=0x82A52D34
[RtlEnterCriticalSection] guest=0x82A52D34
[KeGetCurrentProcessType] -> 1 (USER)
[RtlEnterCriticalSection] guest=0x30000610
[RtlLeaveCriticalSection] guest=0x30000610
[RtlLeaveCriticalSection] guest=0x82A52D34
[RtlEnterCriticalSection] guest=0x82A52D34
[MmAllocatePhysicalMemoryEx] guest=0x29C3F000 size=0x30C align=0x1000 flags=0x00000404
[RtlLeaveCriticalSection] guest=0x82A52D34
[RtlEnterCriticalSection] guest=0x82A52D34
[KeGetCurrentProcessType] -> 1 (USER)
[RtlEnterCriticalSection] guest=0x30000610
[RtlLeaveCriticalSection] guest=0x30000610
[RtlLeaveCriticalSection] guest=0x82A52D34
[RtlEnterCriticalSection] guest=0x82A52D34
[KeGetCurrentProcessType] -> 1 (USER)
[RtlEnterCriticalSection] guest=0x30000610
[RtlLeaveCriticalSection] guest=0x30000610
[RtlLeaveCriticalSection] guest=0x82A52D34
[RtlEnterCriticalSection] guest=0x82A52D34
[MmAllocatePhysicalMemoryEx] guest=0x29C40000 size=0x174 align=0x1000 flags=0x00000004
[RtlLeaveCriticalSection] guest=0x82A52D34
[RtlEnterCriticalSection] guest=0x82A52D34
[KeGetCurrentProcessType] -> 1 (USER)
[RtlEnterCriticalSection] guest=0x30000610
[RtlLeaveCriticalSection] guest=0x30000610
[RtlLeaveCriticalSection] guest=0x82A52D34
[RtlEnterCriticalSection] guest=0x82A52D34
[MmAllocatePhysicalMemoryEx] guest=0x29C41000 size=0x300 align=0x1000 flags=0x00000404
[RtlLeaveCriticalSection] guest=0x82A52D34
[RtlEnterCriticalSection] guest=0x82A52D34
[KeGetCurrentProcessType] -> 1 (USER)
[RtlEnterCriticalSection] guest=0x30000610
[RtlLeaveCriticalSection] guest=0x30000610
[RtlLeaveCriticalSection] guest=0x82A52D34
[RtlEnterCriticalSection] guest=0x82A52D34
[KeGetCurrentProcessType] -> 1 (USER)
[RtlEnterCriticalSection] guest=0x30000610
[RtlLeaveCriticalSection] guest=0x30000610
[RtlLeaveCriticalSection] guest=0x82A52D34
[RtlEnterCriticalSection] guest=0x82A52D34
[MmAllocatePhysicalMemoryEx] guest=0x29C42000 size=0x2C4 align=0x1000 flags=0x00000004
[RtlLeaveCriticalSection] guest=0x82A52D34
[RtlEnterCriticalSection] guest=0x82A52D34
[KeGetCurrentProcessType] -> 1 (USER)
[RtlEnterCriticalSection] guest=0x30000610
[RtlLeaveCriticalSection] guest=0x30000610
[RtlLeaveCriticalSection] guest=0x82A52D34
[RtlEnterCriticalSection] guest=0x82A52D34
[MmAllocatePhysicalMemoryEx] guest=0x29C43000 size=0x300 align=0x1000 flags=0x00000404
[RtlLeaveCriticalSection] guest=0x82A52D34
[RtlEnterCriticalSection] guest=0x82A52D34
[KeGetCurrentProcessType] -> 1 (USER)
[RtlEnterCriticalSection] guest=0x30000610
[RtlLeaveCriticalSection] guest=0x30000610
[RtlLeaveCriticalSection] guest=0x82A52D34
[RtlEnterCriticalSection] guest=0x82A52D34
[KeGetCurrentProcessType] -> 1 (USER)
[RtlEnterCriticalSection] guest=0x30000610
[RtlLeaveCriticalSection] guest=0x30000610
[RtlLeaveCriticalSection] guest=0x82A52D34
[RtlEnterCriticalSection] guest=0x82A52D34
[MmAllocatePhysicalMemoryEx] guest=0x29C44000 size=0x180 align=0x1000 flags=0x00000004
[RtlLeaveCriticalSection] guest=0x82A52D34
[RtlEnterCriticalSection] guest=0x82A52D34
[KeGetCurrentProcessType] -> 1 (USER)
[RtlEnterCriticalSection] guest=0x30000610
[RtlLeaveCriticalSection] guest=0x30000610
[RtlLeaveCriticalSection] guest=0x82A52D34
[RtlEnterCriticalSection] guest=0x82A52D34
[MmAllocatePhysicalMemoryEx] guest=0x29C45000 size=0x354 align=0x1000 flags=0x00000404
[RtlLeaveCriticalSection] guest=0x82A52D34
[RtlEnterCriticalSection] guest=0x82A52D34
[KeGetCurrentProcessType] -> 1 (USER)
[RtlEnterCriticalSection] guest=0x30000610
[RtlLeaveCriticalSection] guest=0x30000610
[RtlLeaveCriticalSection] guest=0x82A52D34
[RtlEnterCriticalSection] guest=0x82A52D34
[KeGetCurrentProcessType] -> 1 (USER)
[RtlEnterCriticalSection] guest=0x30000610
[RtlLeaveCriticalSection] guest=0x30000610
[RtlLeaveCriticalSection] guest=0x82A52D34
[RtlEnterCriticalSection] guest=0x82A52D34
[MmAllocatePhysicalMemoryEx] guest=0x29C46000 size=0x2D0 align=0x1000 flags=0x00000004
[RtlLeaveCriticalSection] guest=0x82A52D34
[RtlEnterCriticalSection] guest=0x82A52D34
[KeGetCurrentProcessType] -> 1 (USER)
[RtlEnterCriticalSection] guest=0x30000610
[RtlLeaveCriticalSection] guest=0x30000610
[RtlLeaveCriticalSection] guest=0x82A52D34
[RtlEnterCriticalSection] guest=0x82A52D34
[MmAllocatePhysicalMemoryEx] guest=0x29C47000 size=0x354 align=0x1000 flags=0x00000404
[RtlLeaveCriticalSection] guest=0x82A52D34
[RtlEnterCriticalSection] guest=0x82A52D34
[KeGetCurrentProcessType] -> 1 (USER)
[RtlEnterCriticalSection] guest=0x30000610
[RtlLeaveCriticalSection] guest=0x30000610
[RtlLeaveCriticalSection] guest=0x82A52D34
[RtlEnterCriticalSection] guest=0x82A52D34
[KeGetCurrentProcessType] -> 1 (USER)
[RtlEnterCriticalSection] guest=0x30000610
[RtlLeaveCriticalSection] guest=0x30000610
[RtlLeaveCriticalSection] guest=0x82A52D34
[RtlEnterCriticalSection] guest=0x82A52D34
[MmAllocatePhysicalMemoryEx] guest=0x29C48000 size=0x78 align=0x1000 flags=0x00000004
[RtlLeaveCriticalSection] guest=0x82A52D34
[RtlEnterCriticalSection] guest=0x82A52D34
[KeGetCurrentProcessType] -> 1 (USER)
[RtlEnterCriticalSection] guest=0x30000610
[RtlLeaveCriticalSection] guest=0x30000610
[RtlLeaveCriticalSection] guest=0x82A52D34
[RtlEnterCriticalSection] guest=0x82A52D34
[KeGetCurrentProcessType] -> 1 (USER)
[RtlEnterCriticalSection] guest=0x30000610
[RtlLeaveCriticalSection] guest=0x30000610
[RtlLeaveCriticalSection] guest=0x82A52D34
[RtlEnterCriticalSection] guest=0x82A52D34
[MmAllocatePhysicalMemoryEx] guest=0x29C49000 size=0x150 align=0x1000 flags=0x00000004
[RtlLeaveCriticalSection] guest=0x82A52D34
[RtlEnterCriticalSection] guest=0x82A52D34
[KeGetCurrentProcessType] -> 1 (USER)
[RtlEnterCriticalSection] guest=0x30000610
[RtlLeaveCriticalSection] guest=0x30000610
[RtlLeaveCriticalSection] guest=0x82A52D34
[RtlEnterCriticalSection] guest=0x82A52D34
[KeGetCurrentProcessType] -> 1 (USER)
[RtlEnterCriticalSection] guest=0x30000610
[RtlLeaveCriticalSection] guest=0x30000610
[RtlLeaveCriticalSection] guest=0x82A52D34
[RtlEnterCriticalSection] guest=0x82A52D34
[MmAllocatePhysicalMemoryEx] guest=0x29C4A000 size=0x114 align=0x1000 flags=0x00000004
[RtlLeaveCriticalSection] guest=0x82A52D34
[RtlEnterCriticalSection] guest=0x82A52D34
[KeGetCurrentProcessType] -> 1 (USER)
[RtlEnterCriticalSection] guest=0x30000610
[RtlLeaveCriticalSection] guest=0x30000610
[RtlLeaveCriticalSection] guest=0x82A52D34
[RtlEnterCriticalSection] guest=0x82A52D34
[MmAllocatePhysicalMemoryEx] guest=0x29C4B000 size=0xFC align=0x1000 flags=0x00000404
[RtlLeaveCriticalSection] guest=0x82A52D34
[RtlEnterCriticalSection] guest=0x82A52D34
[KeGetCurrentProcessType] -> 1 (USER)
[RtlEnterCriticalSection] guest=0x30000610
[RtlLeaveCriticalSection] guest=0x30000610
[RtlLeaveCriticalSection] guest=0x82A52D34
[RtlEnterCriticalSection] guest=0x82A52D34
[KeGetCurrentProcessType] -> 1 (USER)
[RtlEnterCriticalSection] guest=0x30000610
[THREAD WAKE] id=8 object=70118018 status=00000000
[RtlLeaveCriticalSection] guest=0x30000610
[RtlLeaveCriticalSection] guest=0x82A52D34
[NtSetTimerEx] handle=00020034 object=70118018 type=0 due=-100000 routine=00000000 unk_one=1 context=00000000 resume=0 period_ms=0 unk_zero=0
[RtlEnterCriticalSection] guest=0x82A52D34
[THREAD WAIT] id=8 object=70118018 kind=2 reason=3 alertable=0 timeout_ms=4294967295 LR=825B4B28
[MmAllocatePhysicalMemoryEx] guest=0x29C4C000 size=0xA8 align=0x1000 flags=0x00000004
[RtlLeaveCriticalSection] guest=0x82A52D34
[RtlEnterCriticalSection] guest=0x82A52D34
[KeGetCurrentProcessType] -> 1 (USER)
[RtlEnterCriticalSection] guest=0x30000610
[RtlLeaveCriticalSection] guest=0x30000610
[RtlLeaveCriticalSection] guest=0x82A52D34
[RtlEnterCriticalSection] guest=0x82A52D34
[MmAllocatePhysicalMemoryEx] guest=0x29C4D000 size=0x3C align=0x1000 flags=0x00000404
[RtlLeaveCriticalSection] guest=0x82A52D34
[RtlEnterCriticalSection] guest=0x82A52D34
[KeGetCurrentProcessType] -> 1 (USER)
[RtlEnterCriticalSection] guest=0x30000610
[RtlLeaveCriticalSection] guest=0x30000610
[RtlLeaveCriticalSection] guest=0x82A52D34
[RtlEnterCriticalSection] guest=0x82A52D34
[KeGetCurrentProcessType] -> 1 (USER)
[RtlEnterCriticalSection] guest=0x30000610
[RtlLeaveCriticalSection] guest=0x30000610
[RtlLeaveCriticalSection] guest=0x82A52D34
[RtlEnterCriticalSection] guest=0x82A52D34
[MmAllocatePhysicalMemoryEx] guest=0x29C4E000 size=0x150 align=0x1000 flags=0x00000004
[RtlLeaveCriticalSection] guest=0x82A52D34
[RtlEnterCriticalSection] guest=0x82A52D34
[KeGetCurrentProcessType] -> 1 (USER)
[RtlEnterCriticalSection] guest=0x30000610
[RtlLeaveCriticalSection] guest=0x30000610
[RtlLeaveCriticalSection] guest=0x82A52D34
[RtlEnterCriticalSection] guest=0x82A52D34
[MmAllocatePhysicalMemoryEx] guest=0x29C4F000 size=0x1E0 align=0x1000 flags=0x00000404
[RtlLeaveCriticalSection] guest=0x82A52D34
[RtlEnterCriticalSection] guest=0x82A52D34
[KeGetCurrentProcessType] -> 1 (USER)
[RtlEnterCriticalSection] guest=0x30000610
[RtlLeaveCriticalSection] guest=0x30000610
[RtlLeaveCriticalSection] guest=0x82A52D34
[RtlEnterCriticalSection] guest=0x82A52D34
[KeGetCurrentProcessType] -> 1 (USER)
[RtlEnterCriticalSection] guest=0x30000610
[RtlLeaveCriticalSection] guest=0x30000610
[RtlLeaveCriticalSection] guest=0x82A52D34
[RtlEnterCriticalSection] guest=0x82A52D34
[MmAllocatePhysicalMemoryEx] guest=0x29C50000 size=0x114 align=0x1000 flags=0x00000004
[RtlLeaveCriticalSection] guest=0x82A52D34
[RtlEnterCriticalSection] guest=0x82A52D34
[KeGetCurrentProcessType] -> 1 (USER)
[RtlEnterCriticalSection] guest=0x30000610
[RtlLeaveCriticalSection] guest=0x30000610
[RtlLeaveCriticalSection] guest=0x82A52D34
[RtlEnterCriticalSection] guest=0x82A52D34
[MmAllocatePhysicalMemoryEx] guest=0x29C51000 size=0xFC align=0x1000 flags=0x00000404
[RtlLeaveCriticalSection] guest=0x82A52D34
[RtlEnterCriticalSection] guest=0x82A52D34
[KeGetCurrentProcessType] -> 1 (USER)
[RtlEnterCriticalSection] guest=0x30000610
[RtlLeaveCriticalSection] guest=0x30000610
[RtlLeaveCriticalSection] guest=0x82A52D34
[RtlEnterCriticalSection] guest=0x82A52D34
[KeGetCurrentProcessType] -> 1 (USER)
[RtlEnterCriticalSection] guest=0x30000610
[RtlLeaveCriticalSection] guest=0x30000610
[RtlLeaveCriticalSection] guest=0x82A52D34
[RtlEnterCriticalSection] guest=0x82A52D34
[MmAllocatePhysicalMemoryEx] guest=0x29C52000 size=0x138 align=0x1000 flags=0x00000004
[RtlLeaveCriticalSection] guest=0x82A52D34
[RtlEnterCriticalSection] guest=0x82A52D34
[KeGetCurrentProcessType] -> 1 (USER)
[RtlEnterCriticalSection] guest=0x30000610
[RtlLeaveCriticalSection] guest=0x30000610
[RtlLeaveCriticalSection] guest=0x82A52D34
[RtlEnterCriticalSection] guest=0x82A52D34
[MmAllocatePhysicalMemoryEx] guest=0x29C53000 size=0x240 align=0x1000 flags=0x00000404
[RtlLeaveCriticalSection] guest=0x82A52D34
[RtlEnterCriticalSection] guest=0x82A52D34
[KeGetCurrentProcessType] -> 1 (USER)
[RtlEnterCriticalSection] guest=0x30000610
[RtlLeaveCriticalSection] guest=0x30000610
[RtlLeaveCriticalSection] guest=0x82A52D34
[RtlEnterCriticalSection] guest=0x82A52D34
[KeGetCurrentProcessType] -> 1 (USER)
[RtlEnterCriticalSection] guest=0x30000610
[RtlLeaveCriticalSection] guest=0x30000610
[RtlLeaveCriticalSection] guest=0x82A52D34
[RtlEnterCriticalSection] guest=0x82A52D34
[MmAllocatePhysicalMemoryEx] guest=0x29C54000 size=0x108 align=0x1000 flags=0x00000004
[RtlLeaveCriticalSection] guest=0x82A52D34
[RtlEnterCriticalSection] guest=0x82A52D34
[KeGetCurrentProcessType] -> 1 (USER)
[RtlEnterCriticalSection] guest=0x30000610
[RtlLeaveCriticalSection] guest=0x30000610
[RtlLeaveCriticalSection] guest=0x82A52D34
[RtlEnterCriticalSection] guest=0x82A52D34
[MmAllocatePhysicalMemoryEx] guest=0x29C55000 size=0xD8 align=0x1000 flags=0x00000404
[RtlLeaveCriticalSection] guest=0x82A52D34
[RtlEnterCriticalSection] guest=0x82A52D34
[KeGetCurrentProcessType] -> 1 (USER)
[RtlEnterCriticalSection] guest=0x30000610
[RtlLeaveCriticalSection] guest=0x30000610
[RtlLeaveCriticalSection] guest=0x82A52D34
[RtlEnterCriticalSection] guest=0x82A52D34
[KeGetCurrentProcessType] -> 1 (USER)
[RtlEnterCriticalSection] guest=0x30000610
[RtlLeaveCriticalSection] guest=0x30000610
[RtlLeaveCriticalSection] guest=0x82A52D34
[RtlEnterCriticalSection] guest=0x82A52D34
[MmAllocatePhysicalMemoryEx] guest=0x29C56000 size=0xFC align=0x1000 flags=0x00000004
[RtlLeaveCriticalSection] guest=0x82A52D34
[RtlEnterCriticalSection] guest=0x82A52D34
[KeGetCurrentProcessType] -> 1 (USER)
[RtlEnterCriticalSection] guest=0x30000610
[RtlLeaveCriticalSection] guest=0x30000610
[RtlLeaveCriticalSection] guest=0x82A52D34
[RtlEnterCriticalSection] guest=0x82A52D34
[MmAllocatePhysicalMemoryEx] guest=0x29C57000 size=0x138 align=0x1000 flags=0x00000404
[RtlLeaveCriticalSection] guest=0x82A52D34
[RtlEnterCriticalSection] guest=0x82A52D34
[KeGetCurrentProcessType] -> 1 (USER)
[RtlEnterCriticalSection] guest=0x30000610
[RtlLeaveCriticalSection] guest=0x30000610
[RtlLeaveCriticalSection] guest=0x82A52D34
[RtlEnterCriticalSection] guest=0x82A52D34
[KeGetCurrentProcessType] -> 1 (USER)
[RtlEnterCriticalSection] guest=0x30000610
[RtlLeaveCriticalSection] guest=0x30000610
[RtlLeaveCriticalSection] guest=0x82A52D34
[RtlEnterCriticalSection] guest=0x82A52D34
[MmAllocatePhysicalMemoryEx] guest=0x29C58000 size=0xCC align=0x1000 flags=0x00000004
[RtlLeaveCriticalSection] guest=0x82A52D34
[RtlEnterCriticalSection] guest=0x82A52D34
[KeGetCurrentProcessType] -> 1 (USER)
[RtlEnterCriticalSection] guest=0x30000610
[RtlLeaveCriticalSection] guest=0x30000610
[RtlLeaveCriticalSection] guest=0x82A52D34
[RtlEnterCriticalSection] guest=0x82A52D34
[MmAllocatePhysicalMemoryEx] guest=0x29C59000 size=0x54 align=0x1000 flags=0x00000404
[RtlLeaveCriticalSection] guest=0x82A52D34
[RtlEnterCriticalSection] guest=0x82A52D34
[KeGetCurrentProcessType] -> 1 (USER)
[RtlEnterCriticalSection] guest=0x30000610
[RtlLeaveCriticalSection] guest=0x30000610
[RtlLeaveCriticalSection] guest=0x82A52D34
[RtlEnterCriticalSection] guest=0x82A52D34
[KeGetCurrentProcessType] -> 1 (USER)
[RtlEnterCriticalSection] guest=0x30000610
[RtlLeaveCriticalSection] guest=0x30000610
[RtlLeaveCriticalSection] guest=0x82A52D34
[RtlEnterCriticalSection] guest=0x82A52D34
[MmAllocatePhysicalMemoryEx] guest=0x29C5A000 size=0xCC align=0x1000 flags=0x00000004
[RtlLeaveCriticalSection] guest=0x82A52D34
[RtlEnterCriticalSection] guest=0x82A52D34
[KeGetCurrentProcessType] -> 1 (USER)
[RtlEnterCriticalSection] guest=0x30000610
[RtlLeaveCriticalSection] guest=0x30000610
[RtlLeaveCriticalSection] guest=0x82A52D34
[RtlEnterCriticalSection] guest=0x82A52D34
[MmAllocatePhysicalMemoryEx] guest=0x29C5B000 size=0x54 align=0x1000 flags=0x00000404
[RtlLeaveCriticalSection] guest=0x82A52D34
[RtlEnterCriticalSection] guest=0x82A52D34
[KeGetCurrentProcessType] -> 1 (USER)
[RtlEnterCriticalSection] guest=0x30000610
[RtlLeaveCriticalSection] guest=0x30000610
[RtlLeaveCriticalSection] guest=0x82A52D34
[RtlEnterCriticalSection] guest=0x82A52D34
[KeGetCurrentProcessType] -> 1 (USER)
[RtlEnterCriticalSection] guest=0x30000610
[RtlLeaveCriticalSection] guest=0x30000610
[RtlLeaveCriticalSection] guest=0x82A52D34
[RtlEnterCriticalSection] guest=0x82A52D34
[MmAllocatePhysicalMemoryEx] guest=0x29C5C000 size=0xE4 align=0x1000 flags=0x00000004
[RtlLeaveCriticalSection] guest=0x82A52D34
[RtlEnterCriticalSection] guest=0x82A52D34
[KeGetCurrentProcessType] -> 1 (USER)
[RtlEnterCriticalSection] guest=0x30000610
[RtlLeaveCriticalSection] guest=0x30000610
[RtlLeaveCriticalSection] guest=0x82A52D34
[RtlEnterCriticalSection] guest=0x82A52D34
[MmAllocatePhysicalMemoryEx] guest=0x29C5D000 size=0x1A4 align=0x1000 flags=0x00000404
[RtlLeaveCriticalSection] guest=0x82A52D34
[RtlEnterCriticalSection] guest=0x82A52D34
[KeGetCurrentProcessType] -> 1 (USER)
[RtlEnterCriticalSection] guest=0x30000610
[RtlLeaveCriticalSection] guest=0x30000610
[RtlLeaveCriticalSection] guest=0x82A52D34
[RtlEnterCriticalSection] guest=0x82A52D34
[KeGetCurrentProcessType] -> 1 (USER)
[RtlEnterCriticalSection] guest=0x30000610
[RtlLeaveCriticalSection] guest=0x30000610
[RtlLeaveCriticalSection] guest=0x82A52D34
[RtlEnterCriticalSection] guest=0x82A52D34
[MmAllocatePhysicalMemoryEx] guest=0x29C5E000 size=0x1A4 align=0x1000 flags=0x00000004
[RtlLeaveCriticalSection] guest=0x82A52D34
[THREAD WAKE] id=8 object=70118018 status=00000000
[RtlEnterCriticalSection] guest=0x82A52D34
[KeGetCurrentProcessType] -> 1 (USER)
[RtlEnterCriticalSection] guest=0x30000610
[RtlLeaveCriticalSection] guest=0x30000610
[RtlLeaveCriticalSection] guest=0x82A52D34
[THREAD WAKE] id=9 object=300042CC status=00000102
[KeGetCurrentProcessType] -> 1 (USER)
[RtlEnterCriticalSection] guest=0x30004DE0
[RtlLeaveCriticalSection] guest=0x30004DE0
[RtlEnterCriticalSection] guest=0x82A52D34
[NtSetTimerEx] handle=00020034 object=70118018 type=0 due=-100000 routine=00000000 unk_one=1 context=00000000 resume=0 period_ms=0 unk_zero=0
[MmAllocatePhysicalMemoryEx] guest=0x29C5F000 size=0xFC align=0x1000 flags=0x00000404
[RtlLeaveCriticalSection] guest=0x82A52D34
[THREAD WAIT] id=9 object=300042CC kind=1 reason=3 alertable=0 timeout_ms=30 LR=8238E21C
[THREAD WAIT] id=8 object=70118018 kind=2 reason=3 alertable=0 timeout_ms=4294967295 LR=825B4B28
[RtlEnterCriticalSection] guest=0x82A52D34
[KeGetCurrentProcessType] -> 1 (USER)
[RtlEnterCriticalSection] guest=0x30000610
[RtlLeaveCriticalSection] guest=0x30000610
[RtlLeaveCriticalSection] guest=0x82A52D34
[RtlEnterCriticalSection] guest=0x82A52D34
[KeGetCurrentProcessType] -> 1 (USER)
[RtlEnterCriticalSection] guest=0x30000610
[RtlLeaveCriticalSection] guest=0x30000610
[RtlLeaveCriticalSection] guest=0x82A52D34
[RtlEnterCriticalSection] guest=0x82A52D34
[MmAllocatePhysicalMemoryEx] guest=0x29C60000 size=0x1EC align=0x1000 flags=0x00000004
[RtlLeaveCriticalSection] guest=0x82A52D34
[RtlEnterCriticalSection] guest=0x82A52D34
[KeGetCurrentProcessType] -> 1 (USER)
[RtlEnterCriticalSection] guest=0x30000610
[RtlLeaveCriticalSection] guest=0x30000610
[RtlLeaveCriticalSection] guest=0x82A52D34
[RtlEnterCriticalSection] guest=0x82A52D34
[MmAllocatePhysicalMemoryEx] guest=0x29C61000 size=0x120 align=0x1000 flags=0x00000404
[RtlLeaveCriticalSection] guest=0x82A52D34
[RtlEnterCriticalSection] guest=0x82A52D34
[KeGetCurrentProcessType] -> 1 (USER)
[RtlEnterCriticalSection] guest=0x30000610
[RtlLeaveCriticalSection] guest=0x30000610
[RtlLeaveCriticalSection] guest=0x82A52D34
[RtlEnterCriticalSection] guest=0x82A52D34
[KeGetCurrentProcessType] -> 1 (USER)
[RtlEnterCriticalSection] guest=0x30000610
[RtlLeaveCriticalSection] guest=0x30000610
[RtlLeaveCriticalSection] guest=0x82A52D34
[RtlEnterCriticalSection] guest=0x82A52D34
[MmAllocatePhysicalMemoryEx] guest=0x29C62000 size=0x1F8 align=0x1000 flags=0x00000004
[RtlLeaveCriticalSection] guest=0x82A52D34
[RtlEnterCriticalSection] guest=0x82A52D34
[KeGetCurrentProcessType] -> 1 (USER)
[RtlEnterCriticalSection] guest=0x30000610
[RtlLeaveCriticalSection] guest=0x30000610
[RtlLeaveCriticalSection] guest=0x82A52D34
[RtlEnterCriticalSection] guest=0x82A52D34
[MmAllocatePhysicalMemoryEx] guest=0x29C63000 size=0x1EC align=0x1000 flags=0x00000404
[RtlLeaveCriticalSection] guest=0x82A52D34
[RtlEnterCriticalSection] guest=0x82A52D34
[KeGetCurrentProcessType] -> 1 (USER)
[RtlEnterCriticalSection] guest=0x30000610
[RtlLeaveCriticalSection] guest=0x30000610
[RtlLeaveCriticalSection] guest=0x82A52D34
[RtlEnterCriticalSection] guest=0x82A52D34
[KeGetCurrentProcessType] -> 1 (USER)
[RtlEnterCriticalSection] guest=0x30000610
[RtlLeaveCriticalSection] guest=0x30000610
[RtlLeaveCriticalSection] guest=0x82A52D34
[RtlEnterCriticalSection] guest=0x82A52D34
[MmAllocatePhysicalMemoryEx] guest=0x29C64000 size=0x1A4 align=0x1000 flags=0x00000004
[RtlLeaveCriticalSection] guest=0x82A52D34
[RtlEnterCriticalSection] guest=0x82A52D34
[KeGetCurrentProcessType] -> 1 (USER)
[RtlEnterCriticalSection] guest=0x30000610
[RtlLeaveCriticalSection] guest=0x30000610
[RtlLeaveCriticalSection] guest=0x82A52D34
[RtlEnterCriticalSection] guest=0x82A52D34
[MmAllocatePhysicalMemoryEx] guest=0x29C65000 size=0x108 align=0x1000 flags=0x00000404
[RtlLeaveCriticalSection] guest=0x82A52D34
[RtlEnterCriticalSection] guest=0x82A52D34
[KeGetCurrentProcessType] -> 1 (USER)
[RtlEnterCriticalSection] guest=0x30000610
[RtlLeaveCriticalSection] guest=0x30000610
[RtlLeaveCriticalSection] guest=0x82A52D34
[RtlEnterCriticalSection] guest=0x82A52D34
[KeGetCurrentProcessType] -> 1 (USER)
[RtlEnterCriticalSection] guest=0x30000610
[RtlLeaveCriticalSection] guest=0x30000610
[RtlLeaveCriticalSection] guest=0x82A52D34
[RtlEnterCriticalSection] guest=0x82A52D34
[MmAllocatePhysicalMemoryEx] guest=0x29C66000 size=0x15C align=0x1000 flags=0x00000004
[RtlLeaveCriticalSection] guest=0x82A52D34
[RtlEnterCriticalSection] guest=0x82A52D34
[KeGetCurrentProcessType] -> 1 (USER)
[RtlEnterCriticalSection] guest=0x30000610
[RtlLeaveCriticalSection] guest=0x30000610
[RtlLeaveCriticalSection] guest=0x82A52D34
[RtlEnterCriticalSection] guest=0x82A52D34
[MmAllocatePhysicalMemoryEx] guest=0x29C67000 size=0x54 align=0x1000 flags=0x00000404
[RtlLeaveCriticalSection] guest=0x82A52D34
[RtlEnterCriticalSection] guest=0x82A52D34
[KeGetCurrentProcessType] -> 1 (USER)
[RtlEnterCriticalSection] guest=0x30000610
[RtlLeaveCriticalSection] guest=0x30000610
[RtlLeaveCriticalSection] guest=0x82A52D34
[RtlEnterCriticalSection] guest=0x82A52D34
[KeGetCurrentProcessType] -> 1 (USER)
[RtlEnterCriticalSection] guest=0x30000610
[RtlLeaveCriticalSection] guest=0x30000610
[RtlLeaveCriticalSection] guest=0x82A52D34
[RtlEnterCriticalSection] guest=0x82A52D34
[MmAllocatePhysicalMemoryEx] guest=0x29C68000 size=0x198 align=0x1000 flags=0x00000004
[RtlLeaveCriticalSection] guest=0x82A52D34
[RtlEnterCriticalSection] guest=0x82A52D34
[KeGetCurrentProcessType] -> 1 (USER)
[RtlEnterCriticalSection] guest=0x30000610
[RtlLeaveCriticalSection] guest=0x30000610
[RtlLeaveCriticalSection] guest=0x82A52D34
[RtlEnterCriticalSection] guest=0x82A52D34
[MmAllocatePhysicalMemoryEx] guest=0x29C69000 size=0x90 align=0x1000 flags=0x00000404
[RtlLeaveCriticalSection] guest=0x82A52D34
[RtlEnterCriticalSection] guest=0x82A52D34
[KeGetCurrentProcessType] -> 1 (USER)
[RtlEnterCriticalSection] guest=0x30000610
[RtlLeaveCriticalSection] guest=0x30000610
[RtlLeaveCriticalSection] guest=0x82A52D34
[RtlEnterCriticalSection] guest=0x82A52D34
[KeGetCurrentProcessType] -> 1 (USER)
[RtlEnterCriticalSection] guest=0x30000610
[RtlLeaveCriticalSection] guest=0x30000610
[RtlLeaveCriticalSection] guest=0x82A52D34
[RtlEnterCriticalSection] guest=0x82A52D34
[MmAllocatePhysicalMemoryEx] guest=0x29C6A000 size=0x1A4 align=0x1000 flags=0x00000004
[RtlLeaveCriticalSection] guest=0x82A52D34
[RtlEnterCriticalSection] guest=0x82A52D34
[KeGetCurrentProcessType] -> 1 (USER)
[RtlEnterCriticalSection] guest=0x30000610
[RtlLeaveCriticalSection] guest=0x30000610
[RtlLeaveCriticalSection] guest=0x82A52D34
[RtlEnterCriticalSection] guest=0x82A52D34
[MmAllocatePhysicalMemoryEx] guest=0x29C6B000 size=0x174 align=0x1000 flags=0x00000404
[RtlLeaveCriticalSection] guest=0x82A52D34
[RtlEnterCriticalSection] guest=0x82A52D34
[KeGetCurrentProcessType] -> 1 (USER)
[RtlEnterCriticalSection] guest=0x30000610
[RtlLeaveCriticalSection] guest=0x30000610
[RtlLeaveCriticalSection] guest=0x82A52D34
[RtlEnterCriticalSection] guest=0x82A52D34
[KeGetCurrentProcessType] -> 1 (USER)
[RtlEnterCriticalSection] guest=0x30000610
[RtlLeaveCriticalSection] guest=0x30000610
[RtlLeaveCriticalSection] guest=0x82A52D34
[RtlEnterCriticalSection] guest=0x82A52D34
[MmAllocatePhysicalMemoryEx] guest=0x29C6C000 size=0x15C align=0x1000 flags=0x00000004
[RtlLeaveCriticalSection] guest=0x82A52D34
[RtlEnterCriticalSection] guest=0x82A52D34
[KeGetCurrentProcessType] -> 1 (USER)
[RtlEnterCriticalSection] guest=0x30000610
[RtlLeaveCriticalSection] guest=0x30000610
[RtlLeaveCriticalSection] guest=0x82A52D34
[RtlEnterCriticalSection] guest=0x82A52D34
[MmAllocatePhysicalMemoryEx] guest=0x29C6D000 size=0x60 align=0x1000 flags=0x00000404
[RtlLeaveCriticalSection] guest=0x82A52D34
[RtlEnterCriticalSection] guest=0x82A52D34
[KeGetCurrentProcessType] -> 1 (USER)
[RtlEnterCriticalSection] guest=0x30000610
[RtlLeaveCriticalSection] guest=0x30000610
[RtlLeaveCriticalSection] guest=0x82A52D34
[RtlEnterCriticalSection] guest=0x82A52D34
[KeGetCurrentProcessType] -> 1 (USER)
[RtlEnterCriticalSection] guest=0x30000610
[NtAllocateVirtualMemory] base*=0x30020000 size*=0x00010000 type=0x60001000 protect=0x00000004 r7=0x00000000
  COMMIT guest=0x30020000 host=0000020604610000 size=0x10000
[RtlLeaveCriticalSection] guest=0x30000610
[RtlLeaveCriticalSection] guest=0x82A52D34
[RtlEnterCriticalSection] guest=0x82A52D34
[MmAllocatePhysicalMemoryEx] guest=0x29C6E000 size=0xA8 align=0x1000 flags=0x00000004
[RtlLeaveCriticalSection] guest=0x82A52D34
[RtlEnterCriticalSection] guest=0x82A52D34
[KeGetCurrentProcessType] -> 1 (USER)
[RtlEnterCriticalSection] guest=0x30000610
[RtlLeaveCriticalSection] guest=0x30000610
[RtlLeaveCriticalSection] guest=0x82A52D34
[RtlEnterCriticalSection] guest=0x82A52D34
[MmAllocatePhysicalMemoryEx] guest=0x29C6F000 size=0x3C align=0x1000 flags=0x00000404
[RtlLeaveCriticalSection] guest=0x82A52D34
[RtlEnterCriticalSection] guest=0x82A52D34
[KeGetCurrentProcessType] -> 1 (USER)
[RtlEnterCriticalSection] guest=0x30000610
[RtlLeaveCriticalSection] guest=0x30000610
[RtlLeaveCriticalSection] guest=0x82A52D34
[RtlEnterCriticalSection] guest=0x82A52D34
[KeGetCurrentProcessType] -> 1 (USER)
[RtlEnterCriticalSection] guest=0x30000610
[RtlLeaveCriticalSection] guest=0x30000610
[RtlLeaveCriticalSection] guest=0x82A52D34
[RtlEnterCriticalSection] guest=0x82A52D34
[THREAD WAKE] id=8 object=70118018 status=00000000
[MmAllocatePhysicalMemoryEx] guest=0x29C70000 size=0x78 align=0x1000 flags=0x00000004
[RtlLeaveCriticalSection] guest=0x82A52D34
[NtSetTimerEx] handle=00020034 object=70118018 type=0 due=-100000 routine=00000000 unk_one=1 context=00000000 resume=0 period_ms=0 unk_zero=0
[RtlEnterCriticalSection] guest=0x82A52D34
[KeGetCurrentProcessType] -> 1 (USER)
[RtlEnterCriticalSection] guest=0x30000610
[RtlLeaveCriticalSection] guest=0x30000610
[RtlLeaveCriticalSection] guest=0x82A52D34
[THREAD WAIT] id=8 object=70118018 kind=2 reason=3 alertable=0 timeout_ms=4294967295 LR=825B4B28
[RtlEnterCriticalSection] guest=0x82A52D34
[MmAllocatePhysicalMemoryEx] guest=0x29C71000 size=0x3C align=0x1000 flags=0x00000404
[RtlLeaveCriticalSection] guest=0x82A52D34
[RtlEnterCriticalSection] guest=0x82A52D34
[KeGetCurrentProcessType] -> 1 (USER)
[RtlEnterCriticalSection] guest=0x30000610
[RtlLeaveCriticalSection] guest=0x30000610
[RtlLeaveCriticalSection] guest=0x82A52D34
[RtlEnterCriticalSection] guest=0x82A52D34
[KeGetCurrentProcessType] -> 1 (USER)
[RtlEnterCriticalSection] guest=0x30000610
[RtlLeaveCriticalSection] guest=0x30000610
[RtlLeaveCriticalSection] guest=0x82A52D34
[RtlEnterCriticalSection] guest=0x82A52D34
[MmAllocatePhysicalMemoryEx] guest=0x29C72000 size=0x84 align=0x1000 flags=0x00000004
[RtlLeaveCriticalSection] guest=0x82A52D34
[RtlEnterCriticalSection] guest=0x82A52D34
[KeGetCurrentProcessType] -> 1 (USER)
[RtlEnterCriticalSection] guest=0x30000610
[RtlLeaveCriticalSection] guest=0x30000610
[RtlLeaveCriticalSection] guest=0x82A52D34
[RtlEnterCriticalSection] guest=0x82A52D34
[MmAllocatePhysicalMemoryEx] guest=0x29C73000 size=0x3C align=0x1000 flags=0x00000404
[RtlLeaveCriticalSection] guest=0x82A52D34
[RtlEnterCriticalSection] guest=0x82A52D34
[KeGetCurrentProcessType] -> 1 (USER)
[RtlEnterCriticalSection] guest=0x30000610
[RtlLeaveCriticalSection] guest=0x30000610
[RtlLeaveCriticalSection] guest=0x82A52D34
[RtlEnterCriticalSection] guest=0x82A52D34
[KeGetCurrentProcessType] -> 1 (USER)
[RtlEnterCriticalSection] guest=0x30000610
[RtlLeaveCriticalSection] guest=0x30000610
[RtlLeaveCriticalSection] guest=0x82A52D34
[RtlEnterCriticalSection] guest=0x82A52D34
[MmAllocatePhysicalMemoryEx] guest=0x29C74000 size=0x90 align=0x1000 flags=0x00000004
[RtlLeaveCriticalSection] guest=0x82A52D34
[RtlEnterCriticalSection] guest=0x82A52D34
[KeGetCurrentProcessType] -> 1 (USER)
[RtlEnterCriticalSection] guest=0x30000610
[RtlLeaveCriticalSection] guest=0x30000610
[RtlLeaveCriticalSection] guest=0x82A52D34
[RtlEnterCriticalSection] guest=0x82A52D34
[MmAllocatePhysicalMemoryEx] guest=0x29C75000 size=0x3C align=0x1000 flags=0x00000404
[RtlLeaveCriticalSection] guest=0x82A52D34
[RtlEnterCriticalSection] guest=0x82A52D34
[KeGetCurrentProcessType] -> 1 (USER)
[RtlEnterCriticalSection] guest=0x30000610
[RtlLeaveCriticalSection] guest=0x30000610
[RtlLeaveCriticalSection] guest=0x82A52D34
[RtlEnterCriticalSection] guest=0x82A52D34
[KeGetCurrentProcessType] -> 1 (USER)
[RtlEnterCriticalSection] guest=0x30000610
[RtlLeaveCriticalSection] guest=0x30000610
[RtlLeaveCriticalSection] guest=0x82A52D34
[RtlEnterCriticalSection] guest=0x82A52D34
[MmAllocatePhysicalMemoryEx] guest=0x29C76000 size=0xE4 align=0x1000 flags=0x00000004
[RtlLeaveCriticalSection] guest=0x82A52D34
[RtlEnterCriticalSection] guest=0x82A52D34
[KeGetCurrentProcessType] -> 1 (USER)
[RtlEnterCriticalSection] guest=0x30000610
[RtlLeaveCriticalSection] guest=0x30000610
[RtlLeaveCriticalSection] guest=0x82A52D34
[RtlEnterCriticalSection] guest=0x82A52D34
[MmAllocatePhysicalMemoryEx] guest=0x29C77000 size=0x60 align=0x1000 flags=0x00000404
[RtlLeaveCriticalSection] guest=0x82A52D34
[RtlEnterCriticalSection] guest=0x82A52D34
[KeGetCurrentProcessType] -> 1 (USER)
[RtlEnterCriticalSection] guest=0x30000610
[RtlLeaveCriticalSection] guest=0x30000610
[RtlLeaveCriticalSection] guest=0x82A52D34
[RtlEnterCriticalSection] guest=0x82A52D34
[KeGetCurrentProcessType] -> 1 (USER)
[RtlEnterCriticalSection] guest=0x30000610
[RtlLeaveCriticalSection] guest=0x30000610
[RtlLeaveCriticalSection] guest=0x82A52D34
[RtlEnterCriticalSection] guest=0x82A52D34
[MmAllocatePhysicalMemoryEx] guest=0x29C78000 size=0x234 align=0x1000 flags=0x00000004
[RtlLeaveCriticalSection] guest=0x82A52D34
[RtlEnterCriticalSection] guest=0x82A52D34
[KeGetCurrentProcessType] -> 1 (USER)
[RtlEnterCriticalSection] guest=0x30000610
[RtlLeaveCriticalSection] guest=0x30000610
[RtlLeaveCriticalSection] guest=0x82A52D34
[RtlEnterCriticalSection] guest=0x82A52D34
[MmAllocatePhysicalMemoryEx] guest=0x29C79000 size=0x2B8 align=0x1000 flags=0x00000404
[RtlLeaveCriticalSection] guest=0x82A52D34
[RtlEnterCriticalSection] guest=0x82A52D34
[KeGetCurrentProcessType] -> 1 (USER)
[RtlEnterCriticalSection] guest=0x30000610
[RtlLeaveCriticalSection] guest=0x30000610
[RtlLeaveCriticalSection] guest=0x82A52D34
[RtlEnterCriticalSection] guest=0x82A52D34
[KeGetCurrentProcessType] -> 1 (USER)
[RtlEnterCriticalSection] guest=0x30000610
[RtlLeaveCriticalSection] guest=0x30000610
[RtlLeaveCriticalSection] guest=0x82A52D34
[RtlEnterCriticalSection] guest=0x82A52D34
[MmAllocatePhysicalMemoryEx] guest=0x29C7A000 size=0x60 align=0x1000 flags=0x00000004
[RtlLeaveCriticalSection] guest=0x82A52D34
[RtlEnterCriticalSection] guest=0x82A52D34
[KeGetCurrentProcessType] -> 1 (USER)
[RtlEnterCriticalSection] guest=0x30000610
[RtlLeaveCriticalSection] guest=0x30000610
[RtlLeaveCriticalSection] guest=0x82A52D34
[RtlEnterCriticalSection] guest=0x82A52D34
[MmAllocatePhysicalMemoryEx] guest=0x29C7B000 size=0x3C align=0x1000 flags=0x00000404
[RtlLeaveCriticalSection] guest=0x82A52D34
[RtlEnterCriticalSection] guest=0x82A52D34
[KeGetCurrentProcessType] -> 1 (USER)
[RtlEnterCriticalSection] guest=0x30000610
[RtlLeaveCriticalSection] guest=0x30000610
[RtlLeaveCriticalSection] guest=0x82A52D34
[RtlEnterCriticalSection] guest=0x82A52D34
[KeGetCurrentProcessType] -> 1 (USER)
[RtlEnterCriticalSection] guest=0x30000610
[RtlLeaveCriticalSection] guest=0x30000610
[RtlLeaveCriticalSection] guest=0x82A52D34
[RtlEnterCriticalSection] guest=0x82A52D34
[MmAllocatePhysicalMemoryEx] guest=0x29C7C000 size=0x78 align=0x1000 flags=0x00000004
[RtlLeaveCriticalSection] guest=0x82A52D34
[RtlEnterCriticalSection] guest=0x82A52D34
[KeGetCurrentProcessType] -> 1 (USER)
[RtlEnterCriticalSection] guest=0x30000610
[RtlLeaveCriticalSection] guest=0x30000610
[RtlLeaveCriticalSection] guest=0x82A52D34
[RtlEnterCriticalSection] guest=0x82A52D34
[MmAllocatePhysicalMemoryEx] guest=0x29C7D000 size=0x6C align=0x1000 flags=0x00000404
[RtlLeaveCriticalSection] guest=0x82A52D34
[RtlEnterCriticalSection] guest=0x82A52D34
[KeGetCurrentProcessType] -> 1 (USER)
[RtlEnterCriticalSection] guest=0x30000610
[RtlLeaveCriticalSection] guest=0x30000610
[RtlLeaveCriticalSection] guest=0x82A52D34
[RtlEnterCriticalSection] guest=0x82A52D34
[KeGetCurrentProcessType] -> 1 (USER)
[RtlEnterCriticalSection] guest=0x30000610
[RtlLeaveCriticalSection] guest=0x30000610
[RtlLeaveCriticalSection] guest=0x82A52D34
[RtlEnterCriticalSection] guest=0x82A52D34
[MmAllocatePhysicalMemoryEx] guest=0x29C7E000 size=0x78 align=0x1000 flags=0x00000004
[RtlLeaveCriticalSection] guest=0x82A52D34
[RtlEnterCriticalSection] guest=0x82A52D34
[KeGetCurrentProcessType] -> 1 (USER)
[RtlEnterCriticalSection] guest=0x30000610
[RtlLeaveCriticalSection] guest=0x30000610
[RtlLeaveCriticalSection] guest=0x82A52D34
[RtlEnterCriticalSection] guest=0x82A52D34
[MmAllocatePhysicalMemoryEx] guest=0x29C7F000 size=0x84 align=0x1000 flags=0x00000004
[RtlLeaveCriticalSection] guest=0x82A52D34
[RtlEnterCriticalSection] guest=0x82A52D34
[KeGetCurrentProcessType] -> 1 (USER)
[RtlEnterCriticalSection] guest=0x30000610
[RtlLeaveCriticalSection] guest=0x30000610
[RtlLeaveCriticalSection] guest=0x82A52D34
[RtlEnterCriticalSection] guest=0x82A52D34
[MmAllocatePhysicalMemoryEx] guest=0x29C80000 size=0x60 align=0x1000 flags=0x00000004
[RtlLeaveCriticalSection] guest=0x82A52D34
[RtlEnterCriticalSection] guest=0x82A52D34
[KeGetCurrentProcessType] -> 1 (USER)
[RtlEnterCriticalSection] guest=0x30000610
[RtlLeaveCriticalSection] guest=0x30000610
[RtlLeaveCriticalSection] guest=0x82A52D34
[RtlEnterCriticalSection] guest=0x82A52D34
[MmAllocatePhysicalMemoryEx] guest=0x29C81000 size=0x6C align=0x1000 flags=0x00000004
[RtlLeaveCriticalSection] guest=0x82A52D34
[RtlEnterCriticalSection] guest=0x82A52D34
[KeGetCurrentProcessType] -> 1 (USER)
[RtlEnterCriticalSection] guest=0x30000610
[RtlLeaveCriticalSection] guest=0x30000610
[RtlLeaveCriticalSection] guest=0x82A52D34
[RtlEnterCriticalSection] guest=0x82A52D34
[MmAllocatePhysicalMemoryEx] guest=0x29C82000 size=0x3C align=0x1000 flags=0x00000404
[RtlLeaveCriticalSection] guest=0x82A52D34
[RtlEnterCriticalSection] guest=0x82A52D34
[KeGetCurrentProcessType] -> 1 (USER)
[RtlEnterCriticalSection] guest=0x30000610
[RtlLeaveCriticalSection] guest=0x30000610
[RtlLeaveCriticalSection] guest=0x82A52D34
[RtlEnterCriticalSection] guest=0x82A52D34
[MmAllocatePhysicalMemoryEx] guest=0x29C83000 size=0x24 align=0x1000 flags=0x00000404
[RtlLeaveCriticalSection] guest=0x82A52D34
[RtlEnterCriticalSection] guest=0x82A52D34
[KeGetCurrentProcessType] -> 1 (USER)
[RtlEnterCriticalSection] guest=0x30000610
[RtlLeaveCriticalSection] guest=0x30000610
[THREAD WAKE] id=8 object=70118018 status=00000000
[RtlLeaveCriticalSection] guest=0x82A52D34
[RtlEnterCriticalSection] guest=0x82A52D34
[THREAD WAKE] id=9 object=300042CC status=00000102
[KeGetCurrentProcessType] -> 1 (USER)
[RtlEnterCriticalSection] guest=0x30004DE0
[RtlLeaveCriticalSection] guest=0x30004DE0
[KeGetCurrentProcessType] -> 1 (USER)
[RtlEnterCriticalSection] guest=0x30000610
[RtlLeaveCriticalSection] guest=0x30000610
[RtlLeaveCriticalSection] guest=0x82A52D34
[NtSetTimerEx] handle=00020034 object=70118018 type=0 due=-100000 routine=00000000 unk_one=1 context=00000000 resume=0 period_ms=0 unk_zero=0
[RtlEnterCriticalSection] guest=0x82A52D34
[KeGetCurrentProcessType] -> 1 (USER)
[RtlEnterCriticalSection] guest=0x30000610
[RtlLeaveCriticalSection] guest=0x30000610
[RtlLeaveCriticalSection] guest=0x82A52D34
[RtlEnterCriticalSection] guest=0x82A52D34
[KeGetCurrentProcessType] -> 1 (USER)
[RtlEnterCriticalSection] guest=0x30000610
[RtlLeaveCriticalSection] guest=0x30000610
[RtlLeaveCriticalSection] guest=0x82A52D34
[THREAD WAIT] id=9 object=300042CC kind=1 reason=3 alertable=0 timeout_ms=30 LR=8238E21C
[THREAD WAIT] id=8 object=70118018 kind=2 reason=3 alertable=0 timeout_ms=4294967295 LR=825B4B28
[RtlEnterCriticalSection] guest=0x82A52D34
[KeGetCurrentProcessType] -> 1 (USER)
[RtlEnterCriticalSection] guest=0x30000610
[RtlLeaveCriticalSection] guest=0x30000610
[RtlLeaveCriticalSection] guest=0x82A52D34
[RtlEnterCriticalSection] guest=0x82A52D34
[MmAllocatePhysicalMemoryEx] guest=0x29C84000 size=0x78 align=0x1000 flags=0x00000004
[RtlLeaveCriticalSection] guest=0x82A52D34
[RtlEnterCriticalSection] guest=0x82A52D34
[KeGetCurrentProcessType] -> 1 (USER)
[RtlEnterCriticalSection] guest=0x30000610
[RtlLeaveCriticalSection] guest=0x30000610
[RtlLeaveCriticalSection] guest=0x82A52D34
[RtlEnterCriticalSection] guest=0x82A52D34
[MmAllocatePhysicalMemoryEx] guest=0x29C85000 size=0x2D0 align=0x1000 flags=0x00000404
[RtlLeaveCriticalSection] guest=0x82A52D34
[RtlEnterCriticalSection] guest=0x82A52D34
[KeGetCurrentProcessType] -> 1 (USER)
[RtlEnterCriticalSection] guest=0x30000610
[RtlLeaveCriticalSection] guest=0x30000610
[RtlLeaveCriticalSection] guest=0x82A52D34
[RtlEnterCriticalSection] guest=0x82A52D34
[KeGetCurrentProcessType] -> 1 (USER)
[RtlEnterCriticalSection] guest=0x30000610
[RtlLeaveCriticalSection] guest=0x30000610
[RtlLeaveCriticalSection] guest=0x82A52D34
[RtlEnterCriticalSection] guest=0x82A52D34
[MmAllocatePhysicalMemoryEx] guest=0x29C86000 size=0x78 align=0x1000 flags=0x00000004
[RtlLeaveCriticalSection] guest=0x82A52D34
[RtlEnterCriticalSection] guest=0x82A52D34
[KeGetCurrentProcessType] -> 1 (USER)
[RtlEnterCriticalSection] guest=0x30000610
[RtlLeaveCriticalSection] guest=0x30000610
[RtlLeaveCriticalSection] guest=0x82A52D34
[RtlEnterCriticalSection] guest=0x82A52D34
[MmAllocatePhysicalMemoryEx] guest=0x29C87000 size=0x39C align=0x1000 flags=0x00000404
[RtlLeaveCriticalSection] guest=0x82A52D34
[RtlEnterCriticalSection] guest=0x82A52D34
[KeGetCurrentProcessType] -> 1 (USER)
[RtlEnterCriticalSection] guest=0x30000610
[RtlLeaveCriticalSection] guest=0x30000610
[RtlLeaveCriticalSection] guest=0x82A52D34
[RtlEnterCriticalSection] guest=0x82A52D34
[KeGetCurrentProcessType] -> 1 (USER)
[RtlEnterCriticalSection] guest=0x30000610
[RtlLeaveCriticalSection] guest=0x30000610
[RtlLeaveCriticalSection] guest=0x82A52D34
[RtlEnterCriticalSection] guest=0x82A52D34
[MmAllocatePhysicalMemoryEx] guest=0x29C88000 size=0x78 align=0x1000 flags=0x00000004
[RtlLeaveCriticalSection] guest=0x82A52D34
[RtlEnterCriticalSection] guest=0x82A52D34
[KeGetCurrentProcessType] -> 1 (USER)
[RtlEnterCriticalSection] guest=0x30000610
[RtlLeaveCriticalSection] guest=0x30000610
[RtlLeaveCriticalSection] guest=0x82A52D34
[RtlEnterCriticalSection] guest=0x82A52D34
[MmAllocatePhysicalMemoryEx] guest=0x29C89000 size=0x30C align=0x1000 flags=0x00000404
[RtlLeaveCriticalSection] guest=0x82A52D34
[RtlEnterCriticalSection] guest=0x82A52D34
[KeGetCurrentProcessType] -> 1 (USER)
[RtlEnterCriticalSection] guest=0x30000610
[RtlLeaveCriticalSection] guest=0x30000610
[RtlLeaveCriticalSection] guest=0x82A52D34
[RtlEnterCriticalSection] guest=0x82A52D34
[KeGetCurrentProcessType] -> 1 (USER)
[RtlEnterCriticalSection] guest=0x30000610
[RtlLeaveCriticalSection] guest=0x30000610
[RtlLeaveCriticalSection] guest=0x82A52D34
[RtlEnterCriticalSection] guest=0x82A52D34
[MmAllocatePhysicalMemoryEx] guest=0x29C8A000 size=0x114 align=0x1000 flags=0x00000004
[RtlLeaveCriticalSection] guest=0x82A52D34
[RtlEnterCriticalSection] guest=0x82A52D34
[KeGetCurrentProcessType] -> 1 (USER)
[RtlEnterCriticalSection] guest=0x30000610
[RtlLeaveCriticalSection] guest=0x30000610
[RtlLeaveCriticalSection] guest=0x82A52D34
[RtlEnterCriticalSection] guest=0x82A52D34
[MmAllocatePhysicalMemoryEx] guest=0x29C8B000 size=0x1F8 align=0x1000 flags=0x00000404
[RtlLeaveCriticalSection] guest=0x82A52D34
[RtlEnterCriticalSection] guest=0x82A52D34
[KeGetCurrentProcessType] -> 1 (USER)
[RtlEnterCriticalSection] guest=0x30000610
[RtlLeaveCriticalSection] guest=0x30000610
[RtlLeaveCriticalSection] guest=0x82A52D34
[RtlEnterCriticalSection] guest=0x82A52D34
[KeGetCurrentProcessType] -> 1 (USER)
[RtlEnterCriticalSection] guest=0x30000610
[RtlLeaveCriticalSection] guest=0x30000610
[RtlLeaveCriticalSection] guest=0x82A52D34
[RtlEnterCriticalSection] guest=0x82A52D34
[KeGetCurrentProcessType] -> 1 (USER)
[RtlEnterCriticalSection] guest=0x30000610
[RtlLeaveCriticalSection] guest=0x30000610
[RtlLeaveCriticalSection] guest=0x82A52D34
[RtlEnterCriticalSection] guest=0x82A52D34
[KeGetCurrentProcessType] -> 1 (USER)
[RtlEnterCriticalSection] guest=0x30000610
[RtlLeaveCriticalSection] guest=0x30000610
[RtlLeaveCriticalSection] guest=0x82A52D34
[RtlEnterCriticalSection] guest=0x82A52D34
[MmAllocatePhysicalMemoryEx] guest=0x29C8C000 size=0x3C000 align=0x1000 flags=0x00000404
[RtlLeaveCriticalSection] guest=0x82A52D34
[RtlEnterCriticalSection] guest=0x82A52D34
[KeGetCurrentProcessType] -> 1 (USER)
[RtlEnterCriticalSection] guest=0x30000610
[RtlLeaveCriticalSection] guest=0x30000610
[RtlLeaveCriticalSection] guest=0x82A52D34
[RtlEnterCriticalSection] guest=0x82A52D34
[MmAllocatePhysicalMemoryEx] guest=0x29CC8000 size=0x3C000 align=0x1000 flags=0x00000404
[RtlLeaveCriticalSection] guest=0x82A52D34
[RtlEnterCriticalSection] guest=0x82A52D34
[KeGetCurrentProcessType] -> 1 (USER)
[RtlEnterCriticalSection] guest=0x30000610
[RtlLeaveCriticalSection] guest=0x30000610
[RtlLeaveCriticalSection] guest=0x82A52D34
[RtlEnterCriticalSection] guest=0x82A52D34
[MmAllocatePhysicalMemoryEx] guest=0x29D04000 size=0x60 align=0x1000 flags=0x00000004
[RtlLeaveCriticalSection] guest=0x82A52D34
[RtlEnterCriticalSection] guest=0x82A52D34
[KeGetCurrentProcessType] -> 1 (USER)
[RtlEnterCriticalSection] guest=0x30000610
[RtlLeaveCriticalSection] guest=0x30000610
[RtlLeaveCriticalSection] guest=0x82A52D34
[RtlEnterCriticalSection] guest=0x82A52D34
[MmAllocatePhysicalMemoryEx] guest=0x29D05000 size=0x48 align=0x1000 flags=0x00000404
[RtlLeaveCriticalSection] guest=0x82A52D34
[RtlEnterCriticalSection] guest=0x82A52D34
[KeGetCurrentProcessType] -> 1 (USER)
[RtlEnterCriticalSection] guest=0x30000610
[RtlLeaveCriticalSection] guest=0x30000610
[RtlLeaveCriticalSection] guest=0x82A52D34
[RtlEnterCriticalSection] guest=0x82A52D34
[KeGetCurrentProcessType] -> 1 (USER)
[RtlEnterCriticalSection] guest=0x30000610
[RtlLeaveCriticalSection] guest=0x30000610
[RtlLeaveCriticalSection] guest=0x82A52D34
[RtlEnterCriticalSection] guest=0x82A52D34
[MmAllocatePhysicalMemoryEx] guest=0x29D06000 size=0x60 align=0x1000 flags=0x00000004
[RtlLeaveCriticalSection] guest=0x82A52D34
[RtlEnterCriticalSection] guest=0x82A52D34
[KeGetCurrentProcessType] -> 1 (USER)
[RtlEnterCriticalSection] guest=0x30000610
[RtlLeaveCriticalSection] guest=0x30000610
[RtlLeaveCriticalSection] guest=0x82A52D34
[RtlEnterCriticalSection] guest=0x82A52D34
[MmAllocatePhysicalMemoryEx] guest=0x29D07000 size=0x54 align=0x1000 flags=0x00000404
[RtlLeaveCriticalSection] guest=0x82A52D34
[RtlEnterCriticalSection] guest=0x82A52D34
[KeGetCurrentProcessType] -> 1 (USER)
[RtlEnterCriticalSection] guest=0x30000610
[RtlLeaveCriticalSection] guest=0x30000610
[RtlLeaveCriticalSection] guest=0x82A52D34
[RtlEnterCriticalSection] guest=0x82A52D34
[KeGetCurrentProcessType] -> 1 (USER)
[RtlEnterCriticalSection] guest=0x30000610
[RtlLeaveCriticalSection] guest=0x30000610
[RtlLeaveCriticalSection] guest=0x82A52D34
[RtlEnterCriticalSection] guest=0x82A52D34
[MmAllocatePhysicalMemoryEx] guest=0x29D08000 size=0x60 align=0x1000 flags=0x00000004
[RtlLeaveCriticalSection] guest=0x82A52D34
[RtlEnterCriticalSection] guest=0x82A52D34
[KeGetCurrentProcessType] -> 1 (USER)
[RtlEnterCriticalSection] guest=0x30000610
[RtlLeaveCriticalSection] guest=0x30000610
[RtlLeaveCriticalSection] guest=0x82A52D34
[RtlEnterCriticalSection] guest=0x82A52D34
[MmAllocatePhysicalMemoryEx] guest=0x29D09000 size=0x48 align=0x1000 flags=0x00000404
[RtlLeaveCriticalSection] guest=0x82A52D34
[THREAD WAKE] id=8 object=70118018 status=00000000
[RtlEnterCriticalSection] guest=0x82A52D34
[KeGetCurrentProcessType] -> 1 (USER)
[RtlEnterCriticalSection] guest=0x30000610
[RtlLeaveCriticalSection] guest=0x30000610
[RtlLeaveCriticalSection] guest=0x82A52D34
[RtlEnterCriticalSection] guest=0x82A52D34
[NtSetTimerEx] handle=00020034 object=70118018 type=0 due=-100000 routine=00000000 unk_one=1 context=00000000 resume=0 period_ms=0 unk_zero=0
[KeGetCurrentProcessType] -> 1 (USER)
[RtlEnterCriticalSection] guest=0x30000610
[RtlLeaveCriticalSection] guest=0x30000610
[RtlLeaveCriticalSection] guest=0x82A52D34
[THREAD WAIT] id=8 object=70118018 kind=2 reason=3 alertable=0 timeout_ms=4294967295 LR=825B4B28
[RtlEnterCriticalSection] guest=0x82A52D34
[MmAllocatePhysicalMemoryEx] guest=0x29D0A000 size=0x60 align=0x1000 flags=0x00000004
[RtlLeaveCriticalSection] guest=0x82A52D34
[RtlEnterCriticalSection] guest=0x82A52D34
[KeGetCurrentProcessType] -> 1 (USER)
[RtlEnterCriticalSection] guest=0x30000610
[RtlLeaveCriticalSection] guest=0x30000610
[RtlLeaveCriticalSection] guest=0x82A52D34
[RtlEnterCriticalSection] guest=0x82A52D34
[MmAllocatePhysicalMemoryEx] guest=0x29D0B000 size=0x6C align=0x1000 flags=0x00000404
[RtlLeaveCriticalSection] guest=0x82A52D34
[RtlEnterCriticalSection] guest=0x82A52D34
[KeGetCurrentProcessType] -> 1 (USER)
[RtlEnterCriticalSection] guest=0x30000610
[RtlLeaveCriticalSection] guest=0x30000610
[RtlLeaveCriticalSection] guest=0x82A52D34
[RtlEnterCriticalSection] guest=0x82A52D34
[KeGetCurrentProcessType] -> 1 (USER)
[RtlEnterCriticalSection] guest=0x30000610
[RtlLeaveCriticalSection] guest=0x30000610
[RtlLeaveCriticalSection] guest=0x82A52D34
[RtlEnterCriticalSection] guest=0x82A52D34
[MmAllocatePhysicalMemoryEx] guest=0x29D0C000 size=0x84 align=0x1000 flags=0x00000004
[RtlLeaveCriticalSection] guest=0x82A52D34
[RtlEnterCriticalSection] guest=0x82A52D34
[KeGetCurrentProcessType] -> 1 (USER)
[RtlEnterCriticalSection] guest=0x30000610
[RtlLeaveCriticalSection] guest=0x30000610
[RtlLeaveCriticalSection] guest=0x82A52D34
[RtlEnterCriticalSection] guest=0x82A52D34
[MmAllocatePhysicalMemoryEx] guest=0x29D0D000 size=0x78 align=0x1000 flags=0x00000404
[RtlLeaveCriticalSection] guest=0x82A52D34
[RtlEnterCriticalSection] guest=0x82A52D34
[KeGetCurrentProcessType] -> 1 (USER)
[RtlEnterCriticalSection] guest=0x30000610
[RtlLeaveCriticalSection] guest=0x30000610
[RtlLeaveCriticalSection] guest=0x82A52D34
[RtlEnterCriticalSection] guest=0x82A52D34
[KeGetCurrentProcessType] -> 1 (USER)
[RtlEnterCriticalSection] guest=0x30000610
[RtlLeaveCriticalSection] guest=0x30000610
[RtlLeaveCriticalSection] guest=0x82A52D34
[RtlEnterCriticalSection] guest=0x82A52D34
[MmAllocatePhysicalMemoryEx] guest=0x29D0E000 size=0x78 align=0x1000 flags=0x00000004
[RtlLeaveCriticalSection] guest=0x82A52D34
[RtlEnterCriticalSection] guest=0x82A52D34
[KeGetCurrentProcessType] -> 1 (USER)
[RtlEnterCriticalSection] guest=0x30000610
[RtlLeaveCriticalSection] guest=0x30000610
[RtlLeaveCriticalSection] guest=0x82A52D34
[RtlEnterCriticalSection] guest=0x82A52D34
[MmAllocatePhysicalMemoryEx] guest=0x29D0F000 size=0x3E4 align=0x1000 flags=0x00000404
[RtlLeaveCriticalSection] guest=0x82A52D34
[RtlEnterCriticalSection] guest=0x82A52D34
[KeGetCurrentProcessType] -> 1 (USER)
[RtlEnterCriticalSection] guest=0x30000610
[RtlLeaveCriticalSection] guest=0x30000610
[RtlLeaveCriticalSection] guest=0x82A52D34
[INDIRECT] tid=1 call target=0x8237B248 LR=0x8235A868
[INDIRECT] tid=1 returned target=0x8237B248 caller=0x8235A868
[A818 CALLBACK] tid=1 outer=0 inner=0 r28=30001700 r29=30001AB8 slot=8237D1B8 target=8237D1B8 LR=8235A8C8
[A818 CALLBACK] tid=1 outer=0 inner=1 r28=30001700 r29=30001AB8 slot=8237D1B8 target=8237D1B8 LR=8235A8C8
[A818 CALLBACK] tid=1 outer=0 inner=2 r28=30001700 r29=30001AB8 slot=8237D1B8 target=8237D1B8 LR=8235A8C8
[A818 CALLBACK] tid=1 outer=0 inner=3 r28=30001700 r29=30001AB8 slot=8237D1B8 target=8237D1B8 LR=8235A8C8
[A818 CALLBACK] tid=1 outer=0 inner=4 r28=30001700 r29=30001AB8 slot=8237D1B8 target=8237D1B8 LR=8235A8C8
[A818 CALLBACK] tid=1 outer=0 inner=5 r28=30001700 r29=30001AB8 slot=8237D1B8 target=8237D1B8 LR=8235A8C8
[A818 CALLBACK] tid=1 outer=0 inner=6 r28=30001700 r29=30001AB8 slot=8237D1B8 target=8237D1B8 LR=8235A8C8
[A818 CALLBACK] tid=1 outer=0 inner=7 r28=30001700 r29=30001AB8 slot=8237D1B8 target=8237D1B8 LR=8235A8C8
[A818 CALLBACK] tid=1 outer=0 inner=8 r28=30001700 r29=30001AB8 slot=8237D1B8 target=8237D1B8 LR=8235A8C8
[A818 CALLBACK] tid=1 outer=0 inner=9 r28=30001700 r29=30001AB8 slot=8237D1B8 target=8237D1B8 LR=8235A8C8
[A818 CALLBACK] tid=1 outer=0 inner=10 r28=30001700 r29=30001AB8 slot=8237D1B8 target=8237D1B8 LR=8235A8C8
[A818 CALLBACK] tid=1 outer=0 inner=11 r28=30001700 r29=30001AB8 slot=8237D1B8 target=8237D1B8 LR=8235A8C8
[A818 CALLBACK] tid=1 outer=0 inner=12 r28=30001700 r29=30001AB8 slot=8237D1B8 target=8237D1B8 LR=8235A8C8
[A818 CALLBACK] tid=1 outer=0 inner=13 r28=30001700 r29=30001AB8 slot=8237D1B8 target=8237D1B8 LR=8235A8C8
[A818 CALLBACK] tid=1 outer=0 inner=14 r28=30001700 r29=30001AB8 slot=8237D1B8 target=8237D1B8 LR=8235A8C8
[A818 CALLBACK] tid=1 outer=0 inner=15 r28=30001700 r29=30001AB8 slot=8237D1B8 target=8237D1B8 LR=8235A8C8
[A818 CALLBACK] tid=1 outer=1 inner=0 r28=30001700 r29=30001ABC slot=8237D208 target=8237D208 LR=8235A8C8
[A818 CALLBACK] tid=1 outer=1 inner=1 r28=30001700 r29=30001ABC slot=8237D208 target=8237D208 LR=8235A8C8
[A818 CALLBACK] tid=1 outer=1 inner=2 r28=30001700 r29=30001ABC slot=8237D208 target=8237D208 LR=8235A8C8
[A818 CALLBACK] tid=1 outer=1 inner=3 r28=30001700 r29=30001ABC slot=8237D208 target=8237D208 LR=8235A8C8
[A818 CALLBACK] tid=1 outer=1 inner=4 r28=30001700 r29=30001ABC slot=8237D208 target=8237D208 LR=8235A8C8
[A818 CALLBACK] tid=1 outer=1 inner=5 r28=30001700 r29=30001ABC slot=8237D208 target=8237D208 LR=8235A8C8
[A818 CALLBACK] tid=1 outer=1 inner=6 r28=30001700 r29=30001ABC slot=8237D208 target=8237D208 LR=8235A8C8
[A818 CALLBACK] tid=1 outer=1 inner=7 r28=30001700 r29=30001ABC slot=8237D208 target=8237D208 LR=8235A8C8
[A818 CALLBACK] tid=1 outer=1 inner=8 r28=30001700 r29=30001ABC slot=8237D208 target=8237D208 LR=8235A8C8
[A818 CALLBACK] tid=1 outer=1 inner=9 r28=30001700 r29=30001ABC slot=8237D208 target=8237D208 LR=8235A8C8
[A818 CALLBACK] tid=1 outer=1 inner=10 r28=30001700 r29=30001ABC slot=8237D208 target=8237D208 LR=8235A8C8
[A818 CALLBACK] tid=1 outer=1 inner=11 r28=30001700 r29=30001ABC slot=8237D208 target=8237D208 LR=8235A8C8
[A818 CALLBACK] tid=1 outer=1 inner=12 r28=30001700 r29=30001ABC slot=8237D208 target=8237D208 LR=8235A8C8
[A818 CALLBACK] tid=1 outer=1 inner=13 r28=30001700 r29=30001ABC slot=8237D208 target=8237D208 LR=8235A8C8
[A818 CALLBACK] tid=1 outer=1 inner=14 r28=30001700 r29=30001ABC slot=8237D208 target=8237D208 LR=8235A8C8
[A818 CALLBACK] tid=1 outer=1 inner=15 r28=30001700 r29=30001ABC slot=8237D208 target=8237D208 LR=8235A8C8
[A818 CALLBACK] tid=1 outer=2 inner=0 r28=30001700 r29=30001AC0 slot=8237D258 target=8237D258 LR=8235A8C8
[A818 CALLBACK] tid=1 outer=2 inner=1 r28=30001700 r29=30001AC0 slot=8237D258 target=8237D258 LR=8235A8C8
[A818 CALLBACK] tid=1 outer=2 inner=2 r28=30001700 r29=30001AC0 slot=8237D258 target=8237D258 LR=8235A8C8
[A818 CALLBACK] tid=1 outer=2 inner=3 r28=30001700 r29=30001AC0 slot=8237D258 target=8237D258 LR=8235A8C8
[A818 CALLBACK] tid=1 outer=2 inner=4 r28=30001700 r29=30001AC0 slot=8237D258 target=8237D258 LR=8235A8C8
[A818 CALLBACK] tid=1 outer=2 inner=5 r28=30001700 r29=30001AC0 slot=8237D258 target=8237D258 LR=8235A8C8
[A818 CALLBACK] tid=1 outer=2 inner=6 r28=30001700 r29=30001AC0 slot=8237D258 target=8237D258 LR=8235A8C8
[A818 CALLBACK] tid=1 outer=2 inner=7 r28=30001700 r29=30001AC0 slot=8237D258 target=8237D258 LR=8235A8C8
[A818 CALLBACK] tid=1 outer=2 inner=8 r28=30001700 r29=30001AC0 slot=8237D258 target=8237D258 LR=8235A8C8
[A818 CALLBACK] tid=1 outer=2 inner=9 r28=30001700 r29=30001AC0 slot=8237D258 target=8237D258 LR=8235A8C8
[A818 CALLBACK] tid=1 outer=2 inner=10 r28=30001700 r29=30001AC0 slot=8237D258 target=8237D258 LR=8235A8C8
[A818 CALLBACK] tid=1 outer=2 inner=11 r28=30001700 r29=30001AC0 slot=8237D258 target=8237D258 LR=8235A8C8
[A818 CALLBACK] tid=1 outer=2 inner=12 r28=30001700 r29=30001AC0 slot=8237D258 target=8237D258 LR=8235A8C8
[A818 CALLBACK] tid=1 outer=2 inner=13 r28=30001700 r29=30001AC0 slot=8237D258 target=8237D258 LR=8235A8C8
[A818 CALLBACK] tid=1 outer=2 inner=14 r28=30001700 r29=30001AC0 slot=8237D258 target=8237D258 LR=8235A8C8
[A818 CALLBACK] tid=1 outer=2 inner=15 r28=30001700 r29=30001AC0 slot=8237D258 target=8237D258 LR=8235A8C8
[A818 CALLBACK] tid=1 outer=3 inner=0 r28=30001700 r29=30001AC4 slot=8237D160 target=8237D160 LR=8235A8C8
[A818 CALLBACK] tid=1 outer=3 inner=1 r28=30001700 r29=30001AC4 slot=8237D160 target=8237D160 LR=8235A8C8
[A818 CALLBACK] tid=1 outer=3 inner=2 r28=30001700 r29=30001AC4 slot=8237D160 target=8237D160 LR=8235A8C8
[A818 CALLBACK] tid=1 outer=3 inner=3 r28=30001700 r29=30001AC4 slot=8237D160 target=8237D160 LR=8235A8C8
[A818 CALLBACK] tid=1 outer=3 inner=4 r28=30001700 r29=30001AC4 slot=8237D160 target=8237D160 LR=8235A8C8
[A818 CALLBACK] tid=1 outer=3 inner=5 r28=30001700 r29=30001AC4 slot=8237D160 target=8237D160 LR=8235A8C8
[A818 CALLBACK] tid=1 outer=3 inner=6 r28=30001700 r29=30001AC4 slot=8237D160 target=8237D160 LR=8235A8C8
[A818 CALLBACK] tid=1 outer=3 inner=7 r28=30001700 r29=30001AC4 slot=8237D160 target=8237D160 LR=8235A8C8
[A818 CALLBACK] tid=1 outer=3 inner=8 r28=30001700 r29=30001AC4 slot=8237D160 target=8237D160 LR=8235A8C8
[A818 CALLBACK] tid=1 outer=3 inner=9 r28=30001700 r29=30001AC4 slot=8237D160 target=8237D160 LR=8235A8C8
[A818 CALLBACK] tid=1 outer=3 inner=10 r28=30001700 r29=30001AC4 slot=8237D160 target=8237D160 LR=8235A8C8
[A818 CALLBACK] tid=1 outer=3 inner=11 r28=30001700 r29=30001AC4 slot=8237D160 target=8237D160 LR=8235A8C8
[A818 CALLBACK] tid=1 outer=3 inner=12 r28=30001700 r29=30001AC4 slot=8237D160 target=8237D160 LR=8235A8C8
[A818 CALLBACK] tid=1 outer=3 inner=13 r28=30001700 r29=30001AC4 slot=8237D160 target=8237D160 LR=8235A8C8
[A818 CALLBACK] tid=1 outer=3 inner=14 r28=30001700 r29=30001AC4 slot=8237D160 target=8237D160 LR=8235A8C8
[A818 CALLBACK] tid=1 outer=3 inner=15 r28=30001700 r29=30001AC4 slot=8237D160 target=8237D160 LR=8235A8C8
[A818 CALLBACK] tid=1 outer=4 inner=0 r28=30001700 r29=30001AC8 slot=8237CC90 target=8237CC90 LR=8235A8C8
[A818 CALLBACK] tid=1 outer=4 inner=1 r28=30001700 r29=30001AC8 slot=8237CC90 target=8237CC90 LR=8235A8C8
[A818 CALLBACK] tid=1 outer=4 inner=2 r28=30001700 r29=30001AC8 slot=8237CC90 target=8237CC90 LR=8235A8C8
[A818 CALLBACK] tid=1 outer=4 inner=3 r28=30001700 r29=30001AC8 slot=8237CC90 target=8237CC90 LR=8235A8C8
[A818 CALLBACK] tid=1 outer=4 inner=4 r28=30001700 r29=30001AC8 slot=8237CC90 target=8237CC90 LR=8235A8C8
[A818 CALLBACK] tid=1 outer=4 inner=5 r28=30001700 r29=30001AC8 slot=8237CC90 target=8237CC90 LR=8235A8C8
[A818 CALLBACK] tid=1 outer=4 inner=6 r28=30001700 r29=30001AC8 slot=8237CC90 target=8237CC90 LR=8235A8C8
[A818 CALLBACK] tid=1 outer=4 inner=7 r28=30001700 r29=30001AC8 slot=8237CC90 target=8237CC90 LR=8235A8C8
[A818 CALLBACK] tid=1 outer=4 inner=8 r28=30001700 r29=30001AC8 slot=8237CC90 target=8237CC90 LR=8235A8C8
[A818 CALLBACK] tid=1 outer=4 inner=9 r28=30001700 r29=30001AC8 slot=8237CC90 target=8237CC90 LR=8235A8C8
[A818 CALLBACK] tid=1 outer=4 inner=10 r28=30001700 r29=30001AC8 slot=8237CC90 target=8237CC90 LR=8235A8C8
[A818 CALLBACK] tid=1 outer=4 inner=11 r28=30001700 r29=30001AC8 slot=8237CC90 target=8237CC90 LR=8235A8C8
[A818 CALLBACK] tid=1 outer=4 inner=12 r28=30001700 r29=30001AC8 slot=8237CC90 target=8237CC90 LR=8235A8C8
[A818 CALLBACK] tid=1 outer=4 inner=13 r28=30001700 r29=30001AC8 slot=8237CC90 target=8237CC90 LR=8235A8C8
[A818 CALLBACK] tid=1 outer=4 inner=14 r28=30001700 r29=30001AC8 slot=8237CC90 target=8237CC90 LR=8235A8C8
[A818 CALLBACK] tid=1 outer=4 inner=15 r28=30001700 r29=30001AC8 slot=8237CC90 target=8237CC90 LR=8235A8C8
[A818 CALLBACK] tid=1 outer=5 inner=0 r28=30001700 r29=30001ACC slot=8237CB00 target=8237CB00 LR=8235A8C8
[A818 CALLBACK] tid=1 outer=5 inner=1 r28=30001700 r29=30001ACC slot=8237CB00 target=8237CB00 LR=8235A8C8
[A818 CALLBACK] tid=1 outer=5 inner=2 r28=30001700 r29=30001ACC slot=8237CB00 target=8237CB00 LR=8235A8C8
[A818 CALLBACK] tid=1 outer=5 inner=3 r28=30001700 r29=30001ACC slot=8237CB00 target=8237CB00 LR=8235A8C8
[A818 CALLBACK] tid=1 outer=5 inner=4 r28=30001700 r29=30001ACC slot=8237CB00 target=8237CB00 LR=8235A8C8
[A818 CALLBACK] tid=1 outer=5 inner=5 r28=30001700 r29=30001ACC slot=8237CB00 target=8237CB00 LR=8235A8C8
[A818 CALLBACK] tid=1 outer=5 inner=6 r28=30001700 r29=30001ACC slot=8237CB00 target=8237CB00 LR=8235A8C8
[A818 CALLBACK] tid=1 outer=5 inner=7 r28=30001700 r29=30001ACC slot=8237CB00 target=8237CB00 LR=8235A8C8
[A818 CALLBACK] tid=1 outer=5 inner=8 r28=30001700 r29=30001ACC slot=8237CB00 target=8237CB00 LR=8235A8C8
[A818 CALLBACK] tid=1 outer=5 inner=9 r28=30001700 r29=30001ACC slot=8237CB00 target=8237CB00 LR=8235A8C8
[A818 CALLBACK] tid=1 outer=5 inner=10 r28=30001700 r29=30001ACC slot=8237CB00 target=8237CB00 LR=8235A8C8
[A818 CALLBACK] tid=1 outer=5 inner=11 r28=30001700 r29=30001ACC slot=8237CB00 target=8237CB00 LR=8235A8C8
[A818 CALLBACK] tid=1 outer=5 inner=12 r28=30001700 r29=30001ACC slot=8237CB00 target=8237CB00 LR=8235A8C8
[A818 CALLBACK] tid=1 outer=5 inner=13 r28=30001700 r29=30001ACC slot=8237CB00 target=8237CB00 LR=8235A8C8
[A818 CALLBACK] tid=1 outer=5 inner=14 r28=30001700 r29=30001ACC slot=8237CB00 target=8237CB00 LR=8235A8C8
[A818 CALLBACK] tid=1 outer=5 inner=15 r28=30001700 r29=30001ACC slot=8237CB00 target=8237CB00 LR=8235A8C8
[A818 CALLBACK] tid=1 outer=6 inner=0 r28=30001700 r29=30001AD0 slot=8237CDA0 target=8237CDA0 LR=8235A8C8
[A818 CALLBACK] tid=1 outer=6 inner=1 r28=30001700 r29=30001AD0 slot=8237CDA0 target=8237CDA0 LR=8235A8C8
[A818 CALLBACK] tid=1 outer=6 inner=2 r28=30001700 r29=30001AD0 slot=8237CDA0 target=8237CDA0 LR=8235A8C8
[A818 CALLBACK] tid=1 outer=6 inner=3 r28=30001700 r29=30001AD0 slot=8237CDA0 target=8237CDA0 LR=8235A8C8
[A818 CALLBACK] tid=1 outer=6 inner=4 r28=30001700 r29=30001AD0 slot=8237CDA0 target=8237CDA0 LR=8235A8C8
[A818 CALLBACK] tid=1 outer=6 inner=5 r28=30001700 r29=30001AD0 slot=8237CDA0 target=8237CDA0 LR=8235A8C8
[A818 CALLBACK] tid=1 outer=6 inner=6 r28=30001700 r29=30001AD0 slot=8237CDA0 target=8237CDA0 LR=8235A8C8
[A818 CALLBACK] tid=1 outer=6 inner=7 r28=30001700 r29=30001AD0 slot=8237CDA0 target=8237CDA0 LR=8235A8C8
[A818 CALLBACK] tid=1 outer=6 inner=8 r28=30001700 r29=30001AD0 slot=8237CDA0 target=8237CDA0 LR=8235A8C8
[A818 CALLBACK] tid=1 outer=6 inner=9 r28=30001700 r29=30001AD0 slot=8237CDA0 target=8237CDA0 LR=8235A8C8
[A818 CALLBACK] tid=1 outer=6 inner=10 r28=30001700 r29=30001AD0 slot=8237CDA0 target=8237CDA0 LR=8235A8C8
[A818 CALLBACK] tid=1 outer=6 inner=11 r28=30001700 r29=30001AD0 slot=8237CDA0 target=8237CDA0 LR=8235A8C8
[A818 CALLBACK] tid=1 outer=6 inner=12 r28=30001700 r29=30001AD0 slot=8237CDA0 target=8237CDA0 LR=8235A8C8
[A818 CALLBACK] tid=1 outer=6 inner=13 r28=30001700 r29=30001AD0 slot=8237CDA0 target=8237CDA0 LR=8235A8C8
[A818 CALLBACK] tid=1 outer=6 inner=14 r28=30001700 r29=30001AD0 slot=8237CDA0 target=8237CDA0 LR=8235A8C8
[A818 CALLBACK] tid=1 outer=6 inner=15 r28=30001700 r29=30001AD0 slot=8237CDA0 target=8237CDA0 LR=8235A8C8
[A818 CALLBACK] tid=1 outer=7 inner=0 r28=30001700 r29=30001AD4 slot=8237CFD0 target=8237CFD0 LR=8235A8C8
[A818 CALLBACK] tid=1 outer=7 inner=1 r28=30001700 r29=30001AD4 slot=8237CFD0 target=8237CFD0 LR=8235A8C8
[A818 CALLBACK] tid=1 outer=7 inner=2 r28=30001700 r29=30001AD4 slot=8237CFD0 target=8237CFD0 LR=8235A8C8
[A818 CALLBACK] tid=1 outer=7 inner=3 r28=30001700 r29=30001AD4 slot=8237CFD0 target=8237CFD0 LR=8235A8C8
[A818 CALLBACK] tid=1 outer=7 inner=4 r28=30001700 r29=30001AD4 slot=8237CFD0 target=8237CFD0 LR=8235A8C8
[A818 CALLBACK] tid=1 outer=7 inner=5 r28=30001700 r29=30001AD4 slot=8237CFD0 target=8237CFD0 LR=8235A8C8
[A818 CALLBACK] tid=1 outer=7 inner=6 r28=30001700 r29=30001AD4 slot=8237CFD0 target=8237CFD0 LR=8235A8C8
[A818 CALLBACK] tid=1 outer=7 inner=7 r28=30001700 r29=30001AD4 slot=8237CFD0 target=8237CFD0 LR=8235A8C8
[A818 CALLBACK] tid=1 outer=7 inner=8 r28=30001700 r29=30001AD4 slot=8237CFD0 target=8237CFD0 LR=8235A8C8
[A818 CALLBACK] tid=1 outer=7 inner=9 r28=30001700 r29=30001AD4 slot=8237CFD0 target=8237CFD0 LR=8235A8C8
[A818 CALLBACK] tid=1 outer=7 inner=10 r28=30001700 r29=30001AD4 slot=8237CFD0 target=8237CFD0 LR=8235A8C8
[A818 CALLBACK] tid=1 outer=7 inner=11 r28=30001700 r29=30001AD4 slot=8237CFD0 target=8237CFD0 LR=8235A8C8
[A818 CALLBACK] tid=1 outer=7 inner=12 r28=30001700 r29=30001AD4 slot=8237CFD0 target=8237CFD0 LR=8235A8C8
[A818 CALLBACK] tid=1 outer=7 inner=13 r28=30001700 r29=30001AD4 slot=8237CFD0 target=8237CFD0 LR=8235A8C8
[A818 CALLBACK] tid=1 outer=7 inner=14 r28=30001700 r29=30001AD4 slot=8237CFD0 target=8237CFD0 LR=8235A8C8
[A818 CALLBACK] tid=1 outer=7 inner=15 r28=30001700 r29=30001AD4 slot=8237CFD0 target=8237CFD0 LR=8235A8C8
[A818 CALLBACK] tid=1 outer=8 inner=0 r28=30001700 r29=30001AD8 slot=8237D080 target=8237D080 LR=8235A8C8
[A818 CALLBACK] tid=1 outer=8 inner=1 r28=30001700 r29=30001AD8 slot=8237D080 target=8237D080 LR=8235A8C8
[A818 CALLBACK] tid=1 outer=8 inner=2 r28=30001700 r29=30001AD8 slot=8237D080 target=8237D080 LR=8235A8C8
[A818 CALLBACK] tid=1 outer=8 inner=3 r28=30001700 r29=30001AD8 slot=8237D080 target=8237D080 LR=8235A8C8
[A818 CALLBACK] tid=1 outer=8 inner=4 r28=30001700 r29=30001AD8 slot=8237D080 target=8237D080 LR=8235A8C8
[A818 CALLBACK] tid=1 outer=8 inner=5 r28=30001700 r29=30001AD8 slot=8237D080 target=8237D080 LR=8235A8C8
[A818 CALLBACK] tid=1 outer=8 inner=6 r28=30001700 r29=30001AD8 slot=8237D080 target=8237D080 LR=8235A8C8
[A818 CALLBACK] tid=1 outer=8 inner=7 r28=30001700 r29=30001AD8 slot=8237D080 target=8237D080 LR=8235A8C8
[A818 CALLBACK] tid=1 outer=8 inner=8 r28=30001700 r29=30001AD8 slot=8237D080 target=8237D080 LR=8235A8C8
[A818 CALLBACK] tid=1 outer=8 inner=9 r28=30001700 r29=30001AD8 slot=8237D080 target=8237D080 LR=8235A8C8
[A818 CALLBACK] tid=1 outer=8 inner=10 r28=30001700 r29=30001AD8 slot=8237D080 target=8237D080 LR=8235A8C8
[A818 CALLBACK] tid=1 outer=8 inner=11 r28=30001700 r29=30001AD8 slot=8237D080 target=8237D080 LR=8235A8C8
[A818 CALLBACK] tid=1 outer=8 inner=12 r28=30001700 r29=30001AD8 slot=8237D080 target=8237D080 LR=8235A8C8
[A818 CALLBACK] tid=1 outer=8 inner=13 r28=30001700 r29=30001AD8 slot=8237D080 target=8237D080 LR=8235A8C8
[A818 CALLBACK] tid=1 outer=8 inner=14 r28=30001700 r29=30001AD8 slot=8237D080 target=8237D080 LR=8235A8C8
[A818 CALLBACK] tid=1 outer=8 inner=15 r28=30001700 r29=30001AD8 slot=8237D080 target=8237D080 LR=8235A8C8
[A818 CALLBACK] tid=1 outer=9 inner=0 r28=30001700 r29=30001ADC slot=8237CEB8 target=8237CEB8 LR=8235A8C8
[A818 CALLBACK] tid=1 outer=9 inner=1 r28=30001700 r29=30001ADC slot=8237CEB8 target=8237CEB8 LR=8235A8C8
[THREAD WAKE] id=9 object=300042CC status=00000102
[KeGetCurrentProcessType] -> 1 (USER)
[RtlEnterCriticalSection] guest=0x30004DE0
[RtlLeaveCriticalSection] guest=0x30004DE0
[THREAD WAIT] id=9 object=300042CC kind=1 reason=3 alertable=0 timeout_ms=30 LR=8238E21C
[THREAD WAKE] id=8 object=70118018 status=00000000
[A818 CALLBACK] tid=1 outer=9 inner=2 r28=30001700 r29=30001ADC slot=8237CEB8 target=8237CEB8 LR=8235A8C8
[A818 CALLBACK] tid=1 outer=9 inner=3 r28=30001700 r29=30001ADC slot=8237CEB8 target=8237CEB8 LR=8235A8C8
[A818 CALLBACK] tid=1 outer=9 inner=4 r28=30001700 r29=30001ADC slot=8237CEB8 target=8237CEB8 LR=8235A8C8
[A818 CALLBACK] tid=1 outer=9 inner=5 r28=30001700 r29=30001ADC slot=8237CEB8 target=8237CEB8 LR=8235A8C8
[A818 CALLBACK] tid=1 outer=9 inner=6 r28=30001700 r29=30001ADC slot=8237CEB8 target=8237CEB8 LR=8235A8C8
[A818 CALLBACK] tid=1 outer=9 inner=7 r28=30001700 r29=30001ADC slot=8237CEB8 target=8237CEB8 LR=8235A8C8
[A818 CALLBACK] tid=1 outer=9 inner=8 r28=30001700 r29=30001ADC slot=8237CEB8 target=8237CEB8 LR=8235A8C8
[A818 CALLBACK] tid=1 outer=9 inner=9 r28=30001700 r29=30001ADC slot=8237CEB8 target=8237CEB8 LR=8235A8C8
[A818 CALLBACK] tid=1 outer=9 inner=10 r28=30001700 r29=30001ADC slot=8237CEB8 target=8237CEB8 LR=8235A8C8
[A818 CALLBACK] tid=1 outer=9 inner=11 r28=30001700 r29=30001ADC slot=8237CEB8 target=8237CEB8 LR=8235A8C8
[A818 CALLBACK] tid=1 outer=9 inner=12 r28=30001700 r29=30001ADC slot=8237CEB8 target=8237CEB8 LR=8235A8C8
[A818 CALLBACK] tid=1 outer=9 inner=13 r28=30001700 r29=30001ADC slot=8237CEB8 target=8237CEB8 LR=8235A8C8
[A818 CALLBACK] tid=1 outer=9 inner=14 r28=30001700 r29=30001ADC slot=8237CEB8 target=8237CEB8 LR=8235A8C8
[A818 CALLBACK] tid=1 outer=9 inner=15 r28=30001700 r29=30001ADC slot=8237CEB8 target=8237CEB8 LR=8235A8C8
[A818 CALLBACK] tid=1 outer=10 inner=0 r28=30001700 r29=30001AE0 slot=8237CD50 target=8237CD50 LR=8235A8C8
[A818 CALLBACK] tid=1 outer=10 inner=1 r28=30001700 r29=30001AE0 slot=8237CD50 target=8237CD50 LR=8235A8C8
[A818 CALLBACK] tid=1 outer=10 inner=2 r28=30001700 r29=30001AE0 slot=8237CD50 target=8237CD50 LR=8235A8C8
[A818 CALLBACK] tid=1 outer=10 inner=3 r28=30001700 r29=30001AE0 slot=8237CD50 target=8237CD50 LR=8235A8C8
[A818 CALLBACK] tid=1 outer=10 inner=4 r28=30001700 r29=30001AE0 slot=8237CD50 target=8237CD50 LR=8235A8C8
[A818 CALLBACK] tid=1 outer=10 inner=5 r28=30001700 r29=30001AE0 slot=8237CD50 target=8237CD50 LR=8235A8C8
[A818 CALLBACK] tid=1 outer=10 inner=6 r28=30001700 r29=30001AE0 slot=8237CD50 target=8237CD50 LR=8235A8C8
[A818 CALLBACK] tid=1 outer=10 inner=7 r28=30001700 r29=30001AE0 slot=8237CD50 target=8237CD50 LR=8235A8C8
[A818 CALLBACK] tid=1 outer=10 inner=8 r28=30001700 r29=30001AE0 slot=8237CD50 target=8237CD50 LR=8235A8C8
[A818 CALLBACK] tid=1 outer=10 inner=9 r28=30001700 r29=30001AE0 slot=8237CD50 target=8237CD50 LR=8235A8C8
[A818 CALLBACK] tid=1 outer=10 inner=10 r28=30001700 r29=30001AE0 slot=8237CD50 target=8237CD50 LR=8235A8C8
[A818 CALLBACK] tid=1 outer=10 inner=11 r28=30001700 r29=30001AE0 slot=8237CD50 target=8237CD50 LR=8235A8C8
[A818 CALLBACK] tid=1 outer=10 inner=12 r28=30001700 r29=30001AE0 slot=8237CD50 target=8237CD50 LR=8235A8C8
[A818 CALLBACK] tid=1 outer=10 inner=13 r28=30001700 r29=30001AE0 slot=8237CD50 target=8237CD50 LR=8235A8C8
[A818 CALLBACK] tid=1 outer=10 inner=14 r28=30001700 r29=30001AE0 slot=8237CD50 target=8237CD50 LR=8235A8C8
[A818 CALLBACK] tid=1 outer=10 inner=15 r28=30001700 r29=30001AE0 slot=8237CD50 target=8237CD50 LR=8235A8C8
[A818 CALLBACK] tid=1 outer=11 inner=0 r28=30001700 r29=30001AE4 slot=8237CBC0 target=8237CBC0 LR=8235A8C8
[A818 CALLBACK] tid=1 outer=11 inner=1 r28=30001700 r29=30001AE4 slot=8237CBC0 target=8237CBC0 LR=8235A8C8
[A818 CALLBACK] tid=1 outer=11 inner=2 r28=30001700 r29=30001AE4 slot=8237CBC0 target=8237CBC0 LR=8235A8C8
[A818 CALLBACK] tid=1 outer=11 inner=3 r28=30001700 r29=30001AE4 slot=8237CBC0 target=8237CBC0 LR=8235A8C8
[A818 CALLBACK] tid=1 outer=11 inner=4 r28=30001700 r29=30001AE4 slot=8237CBC0 target=8237CBC0 LR=8235A8C8
[A818 CALLBACK] tid=1 outer=11 inner=5 r28=30001700 r29=30001AE4 slot=8237CBC0 target=8237CBC0 LR=8235A8C8
[A818 CALLBACK] tid=1 outer=11 inner=6 r28=30001700 r29=30001AE4 slot=8237CBC0 target=8237CBC0 LR=8235A8C8
[A818 CALLBACK] tid=1 outer=11 inner=7 r28=30001700 r29=30001AE4 slot=8237CBC0 target=8237CBC0 LR=8235A8C8
[A818 CALLBACK] tid=1 outer=11 inner=8 r28=30001700 r29=30001AE4 slot=8237CBC0 target=8237CBC0 LR=8235A8C8
[A818 CALLBACK] tid=1 outer=11 inner=9 r28=30001700 r29=30001AE4 slot=8237CBC0 target=8237CBC0 LR=8235A8C8
[A818 CALLBACK] tid=1 outer=11 inner=10 r28=30001700 r29=30001AE4 slot=8237CBC0 target=8237CBC0 LR=8235A8C8
[A818 CALLBACK] tid=1 outer=11 inner=11 r28=30001700 r29=30001AE4 slot=8237CBC0 target=8237CBC0 LR=8235A8C8
[A818 CALLBACK] tid=1 outer=11 inner=12 r28=30001700 r29=30001AE4 slot=8237CBC0 target=8237CBC0 LR=8235A8C8
[A818 CALLBACK] tid=1 outer=11 inner=13 r28=30001700 r29=30001AE4 slot=8237CBC0 target=8237CBC0 LR=8235A8C8
[A818 CALLBACK] tid=1 outer=11 inner=14 r28=30001700 r29=30001AE4 slot=8237CBC0 target=8237CBC0 LR=8235A8C8
[A818 CALLBACK] tid=1 outer=11 inner=15 r28=30001700 r29=30001AE4 slot=8237CBC0 target=8237CBC0 LR=8235A8C8
[A818 CALLBACK] tid=1 outer=12 inner=0 r28=30001700 r29=30001AE8 slot=8237CE40 target=8237CE40 LR=8235A8C8
[A818 CALLBACK] tid=1 outer=12 inner=1 r28=30001700 r29=30001AE8 slot=8237CE40 target=8237CE40 LR=8235A8C8
[A818 CALLBACK] tid=1 outer=12 inner=2 r28=30001700 r29=30001AE8 slot=8237CE40 target=8237CE40 LR=8235A8C8
[A818 CALLBACK] tid=1 outer=12 inner=3 r28=30001700 r29=30001AE8 slot=8237CE40 target=8237CE40 LR=8235A8C8
[A818 CALLBACK] tid=1 outer=12 inner=4 r28=30001700 r29=30001AE8 slot=8237CE40 target=8237CE40 LR=8235A8C8
[A818 CALLBACK] tid=1 outer=12 inner=5 r28=30001700 r29=30001AE8 slot=8237CE40 target=8237CE40 LR=8235A8C8
[A818 CALLBACK] tid=1 outer=12 inner=6 r28=30001700 r29=30001AE8 slot=8237CE40 target=8237CE40 LR=8235A8C8
[A818 CALLBACK] tid=1 outer=12 inner=7 r28=30001700 r29=30001AE8 slot=8237CE40 target=8237CE40 LR=8235A8C8
[A818 CALLBACK] tid=1 outer=12 inner=8 r28=30001700 r29=30001AE8 slot=8237CE40 target=8237CE40 LR=8235A8C8
[A818 CALLBACK] tid=1 outer=12 inner=9 r28=30001700 r29=30001AE8 slot=8237CE40 target=8237CE40 LR=8235A8C8
[A818 CALLBACK] tid=1 outer=12 inner=10 r28=30001700 r29=30001AE8 slot=8237CE40 target=8237CE40 LR=8235A8C8
[A818 CALLBACK] tid=1 outer=12 inner=11 r28=30001700 r29=30001AE8 slot=8237CE40 target=8237CE40 LR=8235A8C8
[A818 CALLBACK] tid=1 outer=12 inner=12 r28=30001700 r29=30001AE8 slot=8237CE40 target=8237CE40 LR=8235A8C8
[A818 CALLBACK] tid=1 outer=12 inner=13 r28=30001700 r29=30001AE8 slot=8237CE40 target=8237CE40 LR=8235A8C8
[A818 CALLBACK] tid=1 outer=12 inner=14 r28=30001700 r29=30001AE8 slot=8237CE40 target=8237CE40 LR=8235A8C8
[A818 CALLBACK] tid=1 outer=12 inner=15 r28=30001700 r29=30001AE8 slot=8237CE40 target=8237CE40 LR=8235A8C8
[A818 CALLBACK] tid=1 outer=13 inner=0 r28=30001700 r29=30001AEC slot=8237D100 target=8237D100 LR=8235A8C8
[A818 CALLBACK] tid=1 outer=13 inner=1 r28=30001700 r29=30001AEC slot=8237D100 target=8237D100 LR=8235A8C8
[A818 CALLBACK] tid=1 outer=13 inner=2 r28=30001700 r29=30001AEC slot=8237D100 target=8237D100 LR=8235A8C8
[A818 CALLBACK] tid=1 outer=13 inner=3 r28=30001700 r29=30001AEC slot=8237D100 target=8237D100 LR=8235A8C8
[A818 CALLBACK] tid=1 outer=13 inner=4 r28=30001700 r29=30001AEC slot=8237D100 target=8237D100 LR=8235A8C8
[A818 CALLBACK] tid=1 outer=13 inner=5 r28=30001700 r29=30001AEC slot=8237D100 target=8237D100 LR=8235A8C8
[A818 CALLBACK] tid=1 outer=13 inner=6 r28=30001700 r29=30001AEC slot=8237D100 target=8237D100 LR=8235A8C8
[A818 CALLBACK] tid=1 outer=13 inner=7 r28=30001700 r29=30001AEC slot=8237D100 target=8237D100 LR=8235A8C8
[A818 CALLBACK] tid=1 outer=13 inner=8 r28=30001700 r29=30001AEC slot=8237D100 target=8237D100 LR=8235A8C8
[A818 CALLBACK] tid=1 outer=13 inner=9 r28=30001700 r29=30001AEC slot=8237D100 target=8237D100 LR=8235A8C8
[A818 CALLBACK] tid=1 outer=13 inner=10 r28=30001700 r29=30001AEC slot=8237D100 target=8237D100 LR=8235A8C8
[A818 CALLBACK] tid=1 outer=13 inner=11 r28=30001700 r29=30001AEC slot=8237D100 target=8237D100 LR=8235A8C8
[A818 CALLBACK] tid=1 outer=13 inner=12 r28=30001700 r29=30001AEC slot=8237D100 target=8237D100 LR=8235A8C8
[A818 CALLBACK] tid=1 outer=13 inner=13 r28=30001700 r29=30001AEC slot=8237D100 target=8237D100 LR=8235A8C8
[A818 CALLBACK] tid=1 outer=13 inner=14 r28=30001700 r29=30001AEC slot=8237D100 target=8237D100 LR=8235A8C8
[A818 CALLBACK] tid=1 outer=13 inner=15 r28=30001700 r29=30001AEC slot=8237D100 target=8237D100 LR=8235A8C8
[A818 CALLBACK] tid=1 outer=14 inner=0 r28=30001700 r29=30001AF0 slot=8237D2B0 target=8237D2B0 LR=8235A8C8
[A818 CALLBACK] tid=1 outer=14 inner=1 r28=30001700 r29=30001AF0 slot=8237D2B0 target=8237D2B0 LR=8235A8C8
[A818 CALLBACK] tid=1 outer=14 inner=2 r28=30001700 r29=30001AF0 slot=8237D2B0 target=8237D2B0 LR=8235A8C8
[A818 CALLBACK] tid=1 outer=14 inner=3 r28=30001700 r29=30001AF0 slot=8237D2B0 target=8237D2B0 LR=8235A8C8
[A818 CALLBACK] tid=1 outer=14 inner=4 r28=30001700 r29=30001AF0 slot=8237D2B0 target=8237D2B0 LR=8235A8C8
[NtSetTimerEx] handle=00020034 object=70118018 type=0 due=-100000 routine=00000000 unk_one=1 context=00000000 resume=0 period_ms=0 unk_zero=0
[A818 CALLBACK] tid=1 outer=14 inner=5 r28=30001700 r29=30001AF0 slot=8237D2B0 target=8237D2B0 LR=8235A8C8
[A818 CALLBACK] tid=1 outer=14 inner=6 r28=30001700 r29=30001AF0 slot=8237D2B0 target=8237D2B0 LR=8235A8C8
[A818 CALLBACK] tid=1 outer=14 inner=7 r28=30001700 r29=30001AF0 slot=8237D2B0 target=8237D2B0 LR=8235A8C8
[A818 CALLBACK] tid=1 outer=14 inner=8 r28=30001700 r29=30001AF0 slot=8237D2B0 target=8237D2B0 LR=8235A8C8
[A818 CALLBACK] tid=1 outer=14 inner=9 r28=30001700 r29=30001AF0 slot=8237D2B0 target=8237D2B0 LR=8235A8C8
[A818 CALLBACK] tid=1 outer=14 inner=10 r28=30001700 r29=30001AF0 slot=8237D2B0 target=8237D2B0 LR=8235A8C8
[A818 CALLBACK] tid=1 outer=14 inner=11 r28=30001700 r29=30001AF0 slot=8237D2B0 target=8237D2B0 LR=8235A8C8
[A818 CALLBACK] tid=1 outer=14 inner=12 r28=30001700 r29=30001AF0 slot=8237D2B0 target=8237D2B0 LR=8235A8C8
[A818 CALLBACK] tid=1 outer=14 inner=13 r28=30001700 r29=30001AF0 slot=8237D2B0 target=8237D2B0 LR=8235A8C8
[A818 CALLBACK] tid=1 outer=14 inner=14 r28=30001700 r29=30001AF0 slot=8237D2B0 target=8237D2B0 LR=8235A8C8
[A818 CALLBACK] tid=1 outer=14 inner=15 r28=30001700 r29=30001AF0 slot=8237D2B0 target=8237D2B0 LR=8235A8C8
[A818 CALLBACK] tid=1 outer=15 inner=0 r28=30001700 r29=30001AF4 slot=8237CF28 target=8237CF28 LR=8235A8C8
[A818 CALLBACK] tid=1 outer=15 inner=1 r28=30001700 r29=30001AF4 slot=8237CF28 target=8237CF28 LR=8235A8C8
[A818 CALLBACK] tid=1 outer=15 inner=2 r28=30001700 r29=30001AF4 slot=8237CF28 target=8237CF28 LR=8235A8C8
[A818 CALLBACK] tid=1 outer=15 inner=3 r28=30001700 r29=30001AF4 slot=8237CF28 target=8237CF28 LR=8235A8C8
[A818 CALLBACK] tid=1 outer=15 inner=4 r28=30001700 r29=30001AF4 slot=8237CF28 target=8237CF28 LR=8235A8C8
[A818 CALLBACK] tid=1 outer=15 inner=5 r28=30001700 r29=30001AF4 slot=8237CF28 target=8237CF28 LR=8235A8C8
[A818 CALLBACK] tid=1 outer=15 inner=6 r28=30001700 r29=30001AF4 slot=8237CF28 target=8237CF28 LR=8235A8C8
[A818 CALLBACK] tid=1 outer=15 inner=7 r28=30001700 r29=30001AF4 slot=8237CF28 target=8237CF28 LR=8235A8C8
[A818 CALLBACK] tid=1 outer=15 inner=8 r28=30001700 r29=30001AF4 slot=8237CF28 target=8237CF28 LR=8235A8C8
[A818 CALLBACK] tid=1 outer=15 inner=9 r28=30001700 r29=30001AF4 slot=8237CF28 target=8237CF28 LR=8235A8C8
[A818 CALLBACK] tid=1 outer=15 inner=10 r28=30001700 r29=30001AF4 slot=8237CF28 target=8237CF28 LR=8235A8C8
[A818 CALLBACK] tid=1 outer=15 inner=11 r28=30001700 r29=30001AF4 slot=8237CF28 target=8237CF28 LR=8235A8C8
[A818 CALLBACK] tid=1 outer=15 inner=12 r28=30001700 r29=30001AF4 slot=8237CF28 target=8237CF28 LR=8235A8C8
[A818 CALLBACK] tid=1 outer=15 inner=13 r28=30001700 r29=30001AF4 slot=8237CF28 target=8237CF28 LR=8235A8C8
[A818 CALLBACK] tid=1 outer=15 inner=14 r28=30001700 r29=30001AF4 slot=8237CF28 target=8237CF28 LR=8235A8C8
[A818 CALLBACK] tid=1 outer=15 inner=15 r28=30001700 r29=30001AF4 slot=8237CF28 target=8237CF28 LR=8235A8C8
[A818 CALLBACK] tid=1 outer=16 inner=0 r28=30001700 r29=30001AF8 slot=8237D308 target=8237D308 LR=8235A8C8
[A818 CALLBACK] tid=1 outer=16 inner=1 r28=30001700 r29=30001AF8 slot=8237D308 target=8237D308 LR=8235A8C8
[A818 CALLBACK] tid=1 outer=16 inner=2 r28=30001700 r29=30001AF8 slot=8237D308 target=8237D308 LR=8235A8C8
[A818 CALLBACK] tid=1 outer=16 inner=3 r28=30001700 r29=30001AF8 slot=8237D308 target=8237D308 LR=8235A8C8
[A818 CALLBACK] tid=1 outer=16 inner=4 r28=30001700 r29=30001AF8 slot=8237D308 target=8237D308 LR=8235A8C8
[A818 CALLBACK] tid=1 outer=16 inner=5 r28=30001700 r29=30001AF8 slot=8237D308 target=8237D308 LR=8235A8C8
[A818 CALLBACK] tid=1 outer=16 inner=6 r28=30001700 r29=30001AF8 slot=8237D308 target=8237D308 LR=8235A8C8
[A818 CALLBACK] tid=1 outer=16 inner=7 r28=30001700 r29=30001AF8 slot=8237D308 target=8237D308 LR=8235A8C8
[A818 CALLBACK] tid=1 outer=16 inner=8 r28=30001700 r29=30001AF8 slot=8237D308 target=8237D308 LR=8235A8C8
[A818 CALLBACK] tid=1 outer=16 inner=9 r28=30001700 r29=30001AF8 slot=8237D308 target=8237D308 LR=8235A8C8
[A818 CALLBACK] tid=1 outer=16 inner=10 r28=30001700 r29=30001AF8 slot=8237D308 target=8237D308 LR=8235A8C8
[A818 CALLBACK] tid=1 outer=16 inner=11 r28=30001700 r29=30001AF8 slot=8237D308 target=8237D308 LR=8235A8C8
[A818 CALLBACK] tid=1 outer=16 inner=12 r28=30001700 r29=30001AF8 slot=8237D308 target=8237D308 LR=8235A8C8
[A818 CALLBACK] tid=1 outer=16 inner=13 r28=30001700 r29=30001AF8 slot=8237D308 target=8237D308 LR=8235A8C8
[A818 CALLBACK] tid=1 outer=16 inner=14 r28=30001700 r29=30001AF8 slot=8237D308 target=8237D308 LR=8235A8C8
[A818 CALLBACK] tid=1 outer=16 inner=15 r28=30001700 r29=30001AF8 slot=8237D308 target=8237D308 LR=8235A8C8
[A818 CALLBACK] tid=1 outer=17 inner=0 r28=30001700 r29=30001AFC slot=8237D360 target=8237D360 LR=8235A8C8
[A818 CALLBACK] tid=1 outer=17 inner=1 r28=30001700 r29=30001AFC slot=8237D360 target=8237D360 LR=8235A8C8
[A818 CALLBACK] tid=1 outer=17 inner=2 r28=30001700 r29=30001AFC slot=8237D360 target=8237D360 LR=8235A8C8
[A818 CALLBACK] tid=1 outer=17 inner=3 r28=30001700 r29=30001AFC slot=8237D360 target=8237D360 LR=8235A8C8
[A818 CALLBACK] tid=1 outer=17 inner=4 r28=30001700 r29=30001AFC slot=8237D360 target=8237D360 LR=8235A8C8
[A818 CALLBACK] tid=1 outer=17 inner=5 r28=30001700 r29=30001AFC slot=8237D360 target=8237D360 LR=8235A8C8
[A818 CALLBACK] tid=1 outer=17 inner=6 r28=30001700 r29=30001AFC slot=8237D360 target=8237D360 LR=8235A8C8
[A818 CALLBACK] tid=1 outer=17 inner=7 r28=30001700 r29=30001AFC slot=8237D360 target=8237D360 LR=8235A8C8
[A818 CALLBACK] tid=1 outer=17 inner=8 r28=30001700 r29=30001AFC slot=8237D360 target=8237D360 LR=8235A8C8
[A818 CALLBACK] tid=1 outer=17 inner=9 r28=30001700 r29=30001AFC slot=8237D360 target=8237D360 LR=8235A8C8
[A818 CALLBACK] tid=1 outer=17 inner=10 r28=30001700 r29=30001AFC slot=8237D360 target=8237D360 LR=8235A8C8
[A818 CALLBACK] tid=1 outer=17 inner=11 r28=30001700 r29=30001AFC slot=8237D360 target=8237D360 LR=8235A8C8
[A818 CALLBACK] tid=1 outer=17 inner=12 r28=30001700 r29=30001AFC slot=8237D360 target=8237D360 LR=8235A8C8
[A818 CALLBACK] tid=1 outer=17 inner=13 r28=30001700 r29=30001AFC slot=8237D360 target=8237D360 LR=8235A8C8
[A818 CALLBACK] tid=1 outer=17 inner=14 r28=30001700 r29=30001AFC slot=8237D360 target=8237D360 LR=8235A8C8
[A818 CALLBACK] tid=1 outer=17 inner=15 r28=30001700 r29=30001AFC slot=8237D360 target=8237D360 LR=8235A8C8
[A818 CALLBACK] tid=1 outer=18 inner=0 r28=30001700 r29=30001B00 slot=8237D3B8 target=8237D3B8 LR=8235A8C8
[A818 CALLBACK] tid=1 outer=18 inner=1 r28=30001700 r29=30001B00 slot=8237D3B8 target=8237D3B8 LR=8235A8C8
[A818 CALLBACK] tid=1 outer=18 inner=2 r28=30001700 r29=30001B00 slot=8237D3B8 target=8237D3B8 LR=8235A8C8
[A818 CALLBACK] tid=1 outer=18 inner=3 r28=30001700 r29=30001B00 slot=8237D3B8 target=8237D3B8 LR=8235A8C8
[A818 CALLBACK] tid=1 outer=18 inner=4 r28=30001700 r29=30001B00 slot=8237D3B8 target=8237D3B8 LR=8235A8C8
[A818 CALLBACK] tid=1 outer=18 inner=5 r28=30001700 r29=30001B00 slot=8237D3B8 target=8237D3B8 LR=8235A8C8
[A818 CALLBACK] tid=1 outer=18 inner=6 r28=30001700 r29=30001B00 slot=8237D3B8 target=8237D3B8 LR=8235A8C8
[A818 CALLBACK] tid=1 outer=18 inner=7 r28=30001700 r29=30001B00 slot=8237D3B8 target=8237D3B8 LR=8235A8C8
[A818 CALLBACK] tid=1 outer=18 inner=8 r28=30001700 r29=30001B00 slot=8237D3B8 target=8237D3B8 LR=8235A8C8
[A818 CALLBACK] tid=1 outer=18 inner=9 r28=30001700 r29=30001B00 slot=8237D3B8 target=8237D3B8 LR=8235A8C8
[A818 CALLBACK] tid=1 outer=18 inner=10 r28=30001700 r29=30001B00 slot=8237D3B8 target=8237D3B8 LR=8235A8C8
[A818 CALLBACK] tid=1 outer=18 inner=11 r28=30001700 r29=30001B00 slot=8237D3B8 target=8237D3B8 LR=8235A8C8
[A818 CALLBACK] tid=1 outer=18 inner=12 r28=30001700 r29=30001B00 slot=8237D3B8 target=8237D3B8 LR=8235A8C8
[A818 CALLBACK] tid=1 outer=18 inner=13 r28=30001700 r29=30001B00 slot=8237D3B8 target=8237D3B8 LR=8235A8C8
[A818 CALLBACK] tid=1 outer=18 inner=14 r28=30001700 r29=30001B00 slot=8237D3B8 target=8237D3B8 LR=8235A8C8
[A818 CALLBACK] tid=1 outer=18 inner=15 r28=30001700 r29=30001B00 slot=8237D3B8 target=8237D3B8 LR=8235A8C8
[A818 CALLBACK] tid=1 outer=19 inner=0 r28=30001700 r29=30001B04 slot=8237D418 target=8237D418 LR=8235A8C8
[A818 CALLBACK] tid=1 outer=19 inner=1 r28=30001700 r29=30001B04 slot=8237D418 target=8237D418 LR=8235A8C8
[A818 CALLBACK] tid=1 outer=19 inner=2 r28=30001700 r29=30001B04 slot=8237D418 target=8237D418 LR=8235A8C8
[A818 CALLBACK] tid=1 outer=19 inner=3 r28=30001700 r29=30001B04 slot=8237D418 target=8237D418 LR=8235A8C8
[A818 CALLBACK] tid=1 outer=19 inner=4 r28=30001700 r29=30001B04 slot=8237D418 target=8237D418 LR=8235A8C8
[A818 CALLBACK] tid=1 outer=19 inner=5 r28=30001700 r29=30001B04 slot=8237D418 target=8237D418 LR=8235A8C8
[A818 CALLBACK] tid=1 outer=19 inner=6 r28=30001700 r29=30001B04 slot=8237D418 target=8237D418 LR=8235A8C8
[A818 CALLBACK] tid=1 outer=19 inner=7 r28=30001700 r29=30001B04 slot=8237D418 target=8237D418 LR=8235A8C8
[A818 CALLBACK] tid=1 outer=19 inner=8 r28=30001700 r29=30001B04 slot=8237D418 target=8237D418 LR=8235A8C8
[A818 CALLBACK] tid=1 outer=19 inner=9 r28=30001700 r29=30001B04 slot=8237D418 target=8237D418 LR=8235A8C8
[A818 CALLBACK] tid=1 outer=19 inner=10 r28=30001700 r29=30001B04 slot=8237D418 target=8237D418 LR=8235A8C8
[A818 CALLBACK] tid=1 outer=19 inner=11 r28=30001700 r29=30001B04 slot=8237D418 target=8237D418 LR=8235A8C8
[A818 CALLBACK] tid=1 outer=19 inner=12 r28=30001700 r29=30001B04 slot=8237D418 target=8237D418 LR=8235A8C8
[A818 CALLBACK] tid=1 outer=19 inner=13 r28=30001700 r29=30001B04 slot=8237D418 target=8237D418 LR=8235A8C8
[A818 CALLBACK] tid=1 outer=19 inner=14 r28=30001700 r29=30001B04 slot=8237D418 target=8237D418 LR=8235A8C8
[A818 CALLBACK] tid=1 outer=19 inner=15 r28=30001700 r29=30001B04 slot=8237D418 target=8237D418 LR=8235A8C8
[THREAD WAIT] id=8 object=70118018 kind=2 reason=3 alertable=0 timeout_ms=4294967295 LR=825B4B28
[THREAD WAKE] id=8 object=70118018 status=00000000
[THREAD WAKE] id=9 object=300042CC status=00000102
[KeGetCurrentProcessType] -> 1 (USER)
[RtlEnterCriticalSection] guest=0x30004DE0
[RtlLeaveCriticalSection] guest=0x30004DE0
[NtSetTimerEx] handle=00020034 object=70118018 type=0 due=-100000 routine=00000000 unk_one=1 context=00000000 resume=0 period_ms=0 unk_zero=0
[RtlEnterCriticalSection] guest=0x82A52D34
[THREAD WAIT] id=8 object=70118018 kind=2 reason=3 alertable=0 timeout_ms=4294967295 LR=825B4B28
[THREAD WAIT] id=9 object=300042CC kind=1 reason=3 alertable=0 timeout_ms=30 LR=8238E21C
[KeGetCurrentProcessType] -> 1 (USER)
[RtlEnterCriticalSection] guest=0x30000610
[RtlLeaveCriticalSection] guest=0x30000610
[RtlLeaveCriticalSection] guest=0x82A52D34
[RtlEnterCriticalSection] guest=0x82A52D34
[KeGetCurrentProcessType] -> 1 (USER)
[RtlEnterCriticalSection] guest=0x30000610
[RtlLeaveCriticalSection] guest=0x30000610
[RtlLeaveCriticalSection] guest=0x82A52D34
[RtlEnterCriticalSection] guest=0x82A52D34
[KeGetCurrentProcessType] -> 1 (USER)
[RtlEnterCriticalSection] guest=0x30000610
[RtlLeaveCriticalSection] guest=0x30000610
[RtlLeaveCriticalSection] guest=0x82A52D34
[RtlEnterCriticalSection] guest=0x82A52D34
[MmAllocatePhysicalMemoryEx] guest=0x29D10000 size=0x60000 align=0x1000 flags=0x00000404
[RtlLeaveCriticalSection] guest=0x82A52D34
[ALLOC ARG ENTRY] LR=82151C7C r3=82A49320 r4=19F72000 r5=00300000 r6=00000000 r7=FFFFFFFF r8=00001000 r9=00000001 r29=00000002 r30=00300000 r31=825EACE8
[ALLOC ARG ENTRY] LR=8234783C r3=82A49328 r4=19F72000 r5=00300000 r6=00000000 r7=00000000 r8=00000000 r9=00000000 r29=00000002 r30=00300000 r31=82A49328
[ALLOC ARG ENTRY] LR=823FFD54 r3=82A49328 r4=19F72000 r5=00300000 r6=00000000 r7=00000000 r8=00000000 r9=00000000 r29=19F72000 r30=00300000 r31=82A49328
[RtlEnterCriticalSection] guest=0x82A49810
[RtlLeaveCriticalSection] guest=0x82A49810
[ALLOC ARG ENTRY] LR=823FFD54 r3=00000001 r4=19F72020 r5=00000000 r6=00000000 r7=00000000 r8=19F72020 r9=19F72020 r29=19F72000 r30=00300000 r31=82A49328
[ALLOC ARG ENTRY] LR=8234783C r3=82D2AE90 r4=19E46000 r5=0012C000 r6=00000000 r7=00000000 r8=00000000 r9=00000000 r29=0012C000 r30=19E46000 r31=82D2AE90
[ALLOC ARG ENTRY] LR=823FFD54 r3=82D2AE90 r4=19E46000 r5=0012C000 r6=00000000 r7=00000000 r8=00000000 r9=00000000 r29=19E46000 r30=19E46000 r31=82D2AE90
[RtlEnterCriticalSection] guest=0x82D2B378
[RtlLeaveCriticalSection] guest=0x82D2B378
[ALLOC ARG ENTRY] LR=823FFD54 r3=00000001 r4=19E46020 r5=00000000 r6=00000000 r7=00000000 r8=19E46020 r9=19E46020 r29=19E46000 r30=19E46000 r31=82D2AE90
[KeGetCurrentProcessType] -> 1 (USER)
[RtlEnterCriticalSection] guest=0x30000610
[NtAllocateVirtualMemory] base*=0x00000000 size*=0x0046E030 type=0x60801000 protect=0x00000004 r7=0x00000000
  COMMIT falhou: base guest zero
[RtlLeaveCriticalSection] guest=0x30000610
[RtlEnterCriticalSection] guest=0x82A52D34
[KeGetCurrentProcessType] -> 1 (USER)
[RtlEnterCriticalSection] guest=0x30000610
[RtlLeaveCriticalSection] guest=0x30000610
[RtlLeaveCriticalSection] guest=0x82A52D34
[RtlEnterCriticalSection] guest=0x82A52D34
[MmAllocatePhysicalMemoryEx] guest=0x29D70000 size=0xE4 align=0x1000 flags=0x00000004
[RtlLeaveCriticalSection] guest=0x82A52D34
[RtlEnterCriticalSection] guest=0x82A52D34
[KeGetCurrentProcessType] -> 1 (USER)
[RtlEnterCriticalSection] guest=0x30000610
[RtlLeaveCriticalSection] guest=0x30000610
[RtlLeaveCriticalSection] guest=0x82A52D34
[RtlEnterCriticalSection] guest=0x82A52D34
[MmAllocatePhysicalMemoryEx] guest=0x29D71000 size=0xE4 align=0x1000 flags=0x00000404
[RtlLeaveCriticalSection] guest=0x82A52D34
[RtlEnterCriticalSection] guest=0x82A52D34
[KeGetCurrentProcessType] -> 1 (USER)
[RtlEnterCriticalSection] guest=0x30000610
[RtlLeaveCriticalSection] guest=0x30000610
[RtlLeaveCriticalSection] guest=0x82A52D34
[RtlEnterCriticalSection] guest=0x82A52D34
[KeGetCurrentProcessType] -> 1 (USER)
[RtlEnterCriticalSection] guest=0x30000610
[RtlLeaveCriticalSection] guest=0x30000610
[RtlLeaveCriticalSection] guest=0x82A52D34
[RtlEnterCriticalSection] guest=0x82A52D34
[MmAllocatePhysicalMemoryEx] guest=0x29D72000 size=0x6400 align=0x1000 flags=0x00000404
[RtlLeaveCriticalSection] guest=0x82A52D34
[RtlEnterCriticalSection] guest=0x82A52D34
[KeGetCurrentProcessType] -> 1 (USER)
[RtlEnterCriticalSection] guest=0x30000610
[RtlLeaveCriticalSection] guest=0x30000610
[RtlLeaveCriticalSection] guest=0x82A52D34
[RtlEnterCriticalSection] guest=0x82A52D34
[MmAllocatePhysicalMemoryEx] guest=0x29D79000 size=0x6400 align=0x1000 flags=0x00000404
[RtlLeaveCriticalSection] guest=0x82A52D34
[RtlEnterCriticalSection] guest=0x82A52D34
[KeGetCurrentProcessType] -> 1 (USER)
[RtlEnterCriticalSection] guest=0x30000610
[RtlLeaveCriticalSection] guest=0x30000610
[RtlLeaveCriticalSection] guest=0x82A52D34
[RtlEnterCriticalSection] guest=0x82A52D34
[MmAllocatePhysicalMemoryEx] guest=0x29D80000 size=0x6400 align=0x1000 flags=0x00000404
[RtlLeaveCriticalSection] guest=0x82A52D34
[RtlEnterCriticalSection] guest=0x82A52D34
[KeGetCurrentProcessType] -> 1 (USER)
[RtlEnterCriticalSection] guest=0x30000610
[RtlLeaveCriticalSection] guest=0x30000610
[RtlLeaveCriticalSection] guest=0x82A52D34
[RtlEnterCriticalSection] guest=0x82A52D34
[THREAD WAKE] id=8 object=70118018 status=00000000
[MmAllocatePhysicalMemoryEx] guest=0x29D87000 size=0x6400 align=0x1000 flags=0x00000404
[RtlLeaveCriticalSection] guest=0x82A52D34
[RtlEnterCriticalSection] guest=0x82A52D34
[KeGetCurrentProcessType] -> 1 (USER)
[RtlEnterCriticalSection] guest=0x30000610
[RtlLeaveCriticalSection] guest=0x30000610
[RtlLeaveCriticalSection] guest=0x82A52D34
[RtlEnterCriticalSection] guest=0x82A52D34
[NtSetTimerEx] handle=00020034 object=70118018 type=0 due=-100000 routine=00000000 unk_one=1 context=00000000 resume=0 period_ms=0 unk_zero=0
[MmAllocatePhysicalMemoryEx] guest=0x29D8E000 size=0x6400 align=0x1000 flags=0x00000404
[RtlLeaveCriticalSection] guest=0x82A52D34
[THREAD WAIT] id=8 object=70118018 kind=2 reason=3 alertable=0 timeout_ms=4294967295 LR=825B4B28
[KeGetCurrentProcessType] -> 1 (USER)
[RtlEnterCriticalSection] guest=0x30000610
[RtlLeaveCriticalSection] guest=0x30000610
[KeGetCurrentProcessType] -> 1 (USER)
[RtlEnterCriticalSection] guest=0x30000610
[RtlLeaveCriticalSection] guest=0x30000610
[KeGetCurrentProcessType] -> 1 (USER)
[RtlEnterCriticalSection] guest=0x30000610
[RtlLeaveCriticalSection] guest=0x30000610
[KeGetCurrentProcessType] -> 1 (USER)
[RtlEnterCriticalSection] guest=0x30000610
[NtAllocateVirtualMemory] base*=0x30030000 size*=0x00010000 type=0x60001000 protect=0x00000004 r7=0x00000000
  COMMIT guest=0x30030000 host=0000020604620000 size=0x10000
[RtlLeaveCriticalSection] guest=0x30000610
[KeGetCurrentProcessType] -> 1 (USER)
[RtlEnterCriticalSection] guest=0x30000610
[RtlLeaveCriticalSection] guest=0x30000610
[KeGetCurrentProcessType] -> 1 (USER)
[RtlEnterCriticalSection] guest=0x30000610
[RtlLeaveCriticalSection] guest=0x30000610
[KeGetCurrentProcessType] -> 1 (USER)
[RtlEnterCriticalSection] guest=0x30000610
[RtlLeaveCriticalSection] guest=0x30000610
[KeGetCurrentProcessType] -> 1 (USER)
[RtlEnterCriticalSection] guest=0x30000610
[RtlLeaveCriticalSection] guest=0x30000610
[KeGetCurrentProcessType] -> 1 (USER)
[RtlEnterCriticalSection] guest=0x30000610
[RtlLeaveCriticalSection] guest=0x30000610
[KeGetCurrentProcessType] -> 1 (USER)
[RtlEnterCriticalSection] guest=0x30000610
[RtlLeaveCriticalSection] guest=0x30000610
[KeGetCurrentProcessType] -> 1 (USER)
[RtlEnterCriticalSection] guest=0x30000610
[RtlLeaveCriticalSection] guest=0x30000610
[KeGetCurrentProcessType] -> 1 (USER)
[RtlEnterCriticalSection] guest=0x30000610
[NtAllocateVirtualMemory] base*=0x30040000 size*=0x00010000 type=0x60001000 protect=0x00000004 r7=0x00000000
  COMMIT guest=0x30040000 host=0000020604630000 size=0x10000
[RtlLeaveCriticalSection] guest=0x30000610
[KeGetCurrentProcessType] -> 1 (USER)
[RtlEnterCriticalSection] guest=0x30000610
[RtlLeaveCriticalSection] guest=0x30000610
[KeGetCurrentProcessType] -> 1 (USER)
[RtlEnterCriticalSection] guest=0x30000610
[RtlLeaveCriticalSection] guest=0x30000610
[KeGetCurrentProcessType] -> 1 (USER)
[RtlEnterCriticalSection] guest=0x30000610
[RtlLeaveCriticalSection] guest=0x30000610
[KeGetCurrentProcessType] -> 1 (USER)
[RtlEnterCriticalSection] guest=0x30000610
[RtlLeaveCriticalSection] guest=0x30000610
[KeGetCurrentProcessType] -> 1 (USER)
[RtlEnterCriticalSection] guest=0x30000610
[NtAllocateVirtualMemory] base*=0x30050000 size*=0x00010000 type=0x60001000 protect=0x00000004 r7=0x00000000
  COMMIT guest=0x30050000 host=0000020604640000 size=0x10000
[RtlLeaveCriticalSection] guest=0x30000610
[KeGetCurrentProcessType] -> 1 (USER)
[RtlEnterCriticalSection] guest=0x30000610
[RtlLeaveCriticalSection] guest=0x30000610
[KeGetCurrentProcessType] -> 1 (USER)
[RtlEnterCriticalSection] guest=0x30000610
[RtlLeaveCriticalSection] guest=0x30000610
[KeGetCurrentProcessType] -> 1 (USER)
[RtlEnterCriticalSection] guest=0x30000610
[RtlLeaveCriticalSection] guest=0x30000610
[KeGetCurrentProcessType] -> 1 (USER)
[RtlEnterCriticalSection] guest=0x30000610
[RtlLeaveCriticalSection] guest=0x30000610
[KeGetCurrentProcessType] -> 1 (USER)
[RtlEnterCriticalSection] guest=0x30000610
[RtlLeaveCriticalSection] guest=0x30000610
[KeGetCurrentProcessType] -> 1 (USER)
[RtlEnterCriticalSection] guest=0x30000610
[NtAllocateVirtualMemory] base*=0x30060000 size*=0x00010000 type=0x60001000 protect=0x00000004 r7=0x00000000
  COMMIT guest=0x30060000 host=0000020604650000 size=0x10000
[RtlLeaveCriticalSection] guest=0x30000610
[KeGetCurrentProcessType] -> 1 (USER)
[RtlEnterCriticalSection] guest=0x30000610
[RtlLeaveCriticalSection] guest=0x30000610
[KeGetCurrentProcessType] -> 1 (USER)
[RtlEnterCriticalSection] guest=0x30000610
[RtlLeaveCriticalSection] guest=0x30000610
[KeGetCurrentProcessType] -> 1 (USER)
[RtlEnterCriticalSection] guest=0x30000610
[RtlLeaveCriticalSection] guest=0x30000610
[KeGetCurrentProcessType] -> 1 (USER)
[RtlEnterCriticalSection] guest=0x30000610
[RtlLeaveCriticalSection] guest=0x30000610
[KeGetCurrentProcessType] -> 1 (USER)
[RtlEnterCriticalSection] guest=0x30000610
[RtlLeaveCriticalSection] guest=0x30000610
[KeGetCurrentProcessType] -> 1 (USER)
[RtlEnterCriticalSection] guest=0x30000610
[RtlLeaveCriticalSection] guest=0x30000610
[KeGetCurrentProcessType] -> 1 (USER)
[RtlEnterCriticalSection] guest=0x30000610
[NtAllocateVirtualMemory] base*=0x30070000 size*=0x00010000 type=0x60001000 protect=0x00000004 r7=0x00000000
  COMMIT guest=0x30070000 host=0000020604660000 size=0x10000
[RtlLeaveCriticalSection] guest=0x30000610
[KeGetCurrentProcessType] -> 1 (USER)
[RtlEnterCriticalSection] guest=0x30000610
[RtlLeaveCriticalSection] guest=0x30000610
[KeGetCurrentProcessType] -> 1 (USER)
[RtlEnterCriticalSection] guest=0x30000610
[RtlLeaveCriticalSection] guest=0x30000610
[KeGetCurrentProcessType] -> 1 (USER)
[RtlEnterCriticalSection] guest=0x30000610
[RtlLeaveCriticalSection] guest=0x30000610
[KeGetCurrentProcessType] -> 1 (USER)
[RtlEnterCriticalSection] guest=0x30000610
[RtlLeaveCriticalSection] guest=0x30000610
[KeGetCurrentProcessType] -> 1 (USER)
[RtlEnterCriticalSection] guest=0x30000610
[RtlLeaveCriticalSection] guest=0x30000610
[KeGetCurrentProcessType] -> 1 (USER)
[RtlEnterCriticalSection] guest=0x30000610
[RtlLeaveCriticalSection] guest=0x30000610
[KeGetCurrentProcessType] -> 1 (USER)
[RtlEnterCriticalSection] guest=0x30000610
[RtlLeaveCriticalSection] guest=0x30000610
[KeGetCurrentProcessType] -> 1 (USER)
[RtlEnterCriticalSection] guest=0x30000610
[RtlLeaveCriticalSection] guest=0x30000610
[KeGetCurrentProcessType] -> 1 (USER)
[RtlEnterCriticalSection] guest=0x30000610
[RtlLeaveCriticalSection] guest=0x30000610
[KeGetCurrentProcessType] -> 1 (USER)
[RtlEnterCriticalSection] guest=0x30000610
[RtlLeaveCriticalSection] guest=0x30000610
[KeGetCurrentProcessType] -> 1 (USER)
[RtlEnterCriticalSection] guest=0x30000610
[RtlLeaveCriticalSection] guest=0x30000610
[KeGetCurrentProcessType] -> 1 (USER)
[RtlEnterCriticalSection] guest=0x30000610
[NtAllocateVirtualMemory] base*=0x30080000 size*=0x00010000 type=0x60001000 protect=0x00000004 r7=0x00000000
  COMMIT guest=0x30080000 host=0000020604670000 size=0x10000
[RtlLeaveCriticalSection] guest=0x30000610
[KeGetCurrentProcessType] -> 1 (USER)
[RtlEnterCriticalSection] guest=0x30000610
[RtlLeaveCriticalSection] guest=0x30000610
[KeGetCurrentProcessType] -> 1 (USER)
[RtlEnterCriticalSection] guest=0x30000610
[RtlLeaveCriticalSection] guest=0x30000610
[KeGetCurrentProcessType] -> 1 (USER)
[RtlEnterCriticalSection] guest=0x30000610
[RtlLeaveCriticalSection] guest=0x30000610
[KeGetCurrentProcessType] -> 1 (USER)
[RtlEnterCriticalSection] guest=0x30000610
[RtlLeaveCriticalSection] guest=0x30000610
[KeGetCurrentProcessType] -> 1 (USER)
[RtlEnterCriticalSection] guest=0x30000610
[RtlLeaveCriticalSection] guest=0x30000610
[RtlEnterCriticalSection] guest=0x82A52D34
[KeGetCurrentProcessType] -> 1 (USER)
[RtlEnterCriticalSection] guest=0x30000610
[RtlLeaveCriticalSection] guest=0x30000610
[RtlLeaveCriticalSection] guest=0x82A52D34
[RtlEnterCriticalSection] guest=0x82A52D34
[MmAllocatePhysicalMemoryEx] guest=0x29D95000 size=0x87C align=0x1000 flags=0x00000404
[RtlLeaveCriticalSection] guest=0x82A52D34
[RtlEnterCriticalSection] guest=0x82A52D34
[KeGetCurrentProcessType] -> 1 (USER)
[RtlEnterCriticalSection] guest=0x30000610
[RtlLeaveCriticalSection] guest=0x30000610
[RtlLeaveCriticalSection] guest=0x82A52D34
[RtlEnterCriticalSection] guest=0x82A52D34
[MmAllocatePhysicalMemoryEx] guest=0x29D96000 size=0x2100 align=0x1000 flags=0x00000404
[RtlLeaveCriticalSection] guest=0x82A52D34
[KeGetCurrentProcessType] -> 1 (USER)
[RtlEnterCriticalSection] guest=0x82A52D34
[KeGetCurrentProcessType] -> 1 (USER)
[RtlEnterCriticalSection] guest=0x30000610
[RtlLeaveCriticalSection] guest=0x30000610
[RtlLeaveCriticalSection] guest=0x82A52D34
[RtlEnterCriticalSection] guest=0x82A52D34
[MmAllocatePhysicalMemoryEx] guest=0x29D99000 size=0x174 align=0x1000 flags=0x00000004
[RtlLeaveCriticalSection] guest=0x82A52D34
[RtlEnterCriticalSection] guest=0x82A52D34
[KeGetCurrentProcessType] -> 1 (USER)
[RtlEnterCriticalSection] guest=0x30000610
[RtlLeaveCriticalSection] guest=0x30000610
[RtlLeaveCriticalSection] guest=0x82A52D34
[THREAD WAKE] id=9 object=300042CC status=00000102
[KeGetCurrentProcessType] -> 1 (USER)
[RtlEnterCriticalSection] guest=0x30004DE0
[RtlLeaveCriticalSection] guest=0x30004DE0
[THREAD WAIT] id=9 object=300042CC kind=1 reason=3 alertable=0 timeout_ms=30 LR=8238E21C
[THREAD WAKE] id=8 object=70118018 status=00000000
[RtlEnterCriticalSection] guest=0x82A52D34
[NtSetTimerEx] handle=00020034 object=70118018 type=0 due=-100000 routine=00000000 unk_one=1 context=00000000 resume=0 period_ms=0 unk_zero=0
[MmAllocatePhysicalMemoryEx] guest=0x29D9A000 size=0x30 align=0x1000 flags=0x00000404
[RtlLeaveCriticalSection] guest=0x82A52D34
[THREAD WAIT] id=8 object=70118018 kind=2 reason=3 alertable=0 timeout_ms=4294967295 LR=825B4B28
[RtlEnterCriticalSection] guest=0x82A52D34
[KeGetCurrentProcessType] -> 1 (USER)
[RtlEnterCriticalSection] guest=0x30000610
[RtlLeaveCriticalSection] guest=0x30000610
[RtlLeaveCriticalSection] guest=0x82A52D34
[RtlEnterCriticalSection] guest=0x82A52D34
[KeGetCurrentProcessType] -> 1 (USER)
[RtlEnterCriticalSection] guest=0x30000610
[RtlLeaveCriticalSection] guest=0x30000610
[RtlLeaveCriticalSection] guest=0x82A52D34
[RtlEnterCriticalSection] guest=0x82A52D34
[MmAllocatePhysicalMemoryEx] guest=0x29D9B000 size=0x180 align=0x1000 flags=0x00000004
[RtlLeaveCriticalSection] guest=0x82A52D34
[RtlEnterCriticalSection] guest=0x82A52D34
[KeGetCurrentProcessType] -> 1 (USER)
[RtlEnterCriticalSection] guest=0x30000610
[RtlLeaveCriticalSection] guest=0x30000610
[RtlLeaveCriticalSection] guest=0x82A52D34
[RtlEnterCriticalSection] guest=0x82A52D34
[MmAllocatePhysicalMemoryEx] guest=0x29D9C000 size=0x114 align=0x1000 flags=0x00000404
[RtlLeaveCriticalSection] guest=0x82A52D34
[RtlEnterCriticalSection] guest=0x82A52D34
[KeGetCurrentProcessType] -> 1 (USER)
[RtlEnterCriticalSection] guest=0x30000610
[RtlLeaveCriticalSection] guest=0x30000610
[RtlLeaveCriticalSection] guest=0x82A52D34
[RtlEnterCriticalSection] guest=0x82A52D34
[KeGetCurrentProcessType] -> 1 (USER)
[RtlEnterCriticalSection] guest=0x30000610
[RtlLeaveCriticalSection] guest=0x30000610
[RtlLeaveCriticalSection] guest=0x82A52D34
[RtlEnterCriticalSection] guest=0x82A52D34
[MmAllocatePhysicalMemoryEx] guest=0x29D9D000 size=0x12C align=0x1000 flags=0x00000004
[RtlLeaveCriticalSection] guest=0x82A52D34
[RtlEnterCriticalSection] guest=0x82A52D34
[KeGetCurrentProcessType] -> 1 (USER)
[RtlEnterCriticalSection] guest=0x30000610
[RtlLeaveCriticalSection] guest=0x30000610
[RtlLeaveCriticalSection] guest=0x82A52D34
[RtlEnterCriticalSection] guest=0x82A52D34
[MmAllocatePhysicalMemoryEx] guest=0x29D9E000 size=0x6C align=0x1000 flags=0x00000404
[RtlLeaveCriticalSection] guest=0x82A52D34
[RtlEnterCriticalSection] guest=0x82A52D34
[KeGetCurrentProcessType] -> 1 (USER)
[RtlEnterCriticalSection] guest=0x30000610
[RtlLeaveCriticalSection] guest=0x30000610
[RtlLeaveCriticalSection] guest=0x82A52D34
[62980 VDISPATCH] tid=1 LR=823629FC r3=82A59EB0 [r3]=82039428(committed) [[r3]+0]=8220F660(committed) r30=820385B0 r31=82A59E98 target=8220F660\n[62980 VDISPATCH] tid=1 LR=823629FC r3=82A59ED0 [r3]=820398F4(committed) [[r3]+0]=8220F9F8(committed) r30=820385C0 r31=82A59E98 target=8220F9F8\n[62980 VDISPATCH] tid=1 LR=823629FC r3=82A5A3F8 [r3]=820398F8(committed) [[r3]+0]=82208E28(committed) r30=820385D0 r31=82A59E98 target=82208E28\n[62980 VDISPATCH] tid=1 LR=823629FC r3=82A5A920 [r3]=8203942C(committed) [[r3]+0]=8220D4F8(committed) r30=820385E0 r31=82A59E98 target=8220D4F8\n[62980 VDISPATCH] tid=1 LR=823629FC r3=82A5A998 [r3]=8203943C(committed) [[r3]+0]=8220D840(committed) r30=820385F0 r31=82A59E98 target=8220D840\n[62980 VDISPATCH] tid=1 LR=823629FC r3=82A5A9C0 [r3]=82039440(committed) [[r3]+0]=82205B50(committed) r30=82038600 r31=82A59E98 target=82205B50\n[62980 VDISPATCH] tid=1 LR=823629FC r3=82A5A9D8 [r3]=82039444(committed) [[r3]+0]=82206500(committed) r30=82038610 r31=82A59E98 target=82206500\n[62980 VDISPATCH] tid=1 LR=823629FC r3=82A5A9F8 [r3]=82039448(committed) [[r3]+0]=82205FE8(committed) r30=82038620 r31=82A59E98 target=82205FE8\n[62980 VDISPATCH] tid=1 LR=823629FC r3=82A5AA58 [r3]=8203944C(committed) [[r3]+0]=82205F28(committed) r30=82038630 r31=82A59E98 target=82205F28\n[62980 VDISPATCH] tid=1 LR=823629FC r3=82A5AAB0 [r3]=82039450(committed) [[r3]+0]=82205540(committed) r30=82038640 r31=82A59E98 target=82205540\n[62980 VDISPATCH] tid=1 LR=823629FC r3=82A5AB10 [r3]=82039454(committed) [[r3]+0]=822056B8(committed) r30=82038650 r31=82A59E98 target=822056B8\n[62980 VDISPATCH] tid=1 LR=823629FC r3=82A5AB30 [r3]=82039458(committed) [[r3]+0]=822059B0(committed) r30=82038660 r31=82A59E98 target=822059B0\n[62980 VDISPATCH] tid=1 LR=823629FC r3=82A5AB50 [r3]=8203945C(committed) [[r3]+0]=82213900(committed) r30=82038670 r31=82A59E98 target=82213900\n[62980 VDISPATCH] tid=1 LR=823629FC r3=82A5AC60 [r3]=82039460(committed) [[r3]+0]=82206230(committed) r30=82038680 r31=82A59E98 target=82206230\n[62980 VDISPATCH] tid=1 LR=823629FC r3=82A5AC80 [r3]=82039464(committed) [[r3]+0]=82205170(committed) r30=82038690 r31=82A59E98 target=82205170\n[62980 VDISPATCH] tid=1 LR=823629FC r3=82A5ACA0 [r3]=82039468(committed) [[r3]+0]=822052A8(committed) r30=820386A0 r31=82A59E98 target=822052A8\n[62980 VDISPATCH] tid=1 LR=823629FC r3=82A5AD90 [r3]=82039480(committed) [[r3]+0]=8220ED30(committed) r30=820386B0 r31=82A59E98 target=8220ED30\n[LOOKUP] Missing target=0x8220ED30 LR=0x823629FC; include its real implementation in the slice
