=== Burnout Revenge graphics_init_test ===
base = 000002CAEF370000
Imagem carregada: 14286848 bytes
[LOOKUP] 823EE808 slot before commit: State=0x2000 Protect=0x0
[LOOKUP] committed [0x82DA0000,0x8383AFD0), 6491 mappings
[RtlInitializeCriticalSection] guest=0x70006000
[IMPORT] KeDebugMonitorData slot=820007CC variable=70005000 value=0

r13/KPCR        = 0x70000000
current thread  = 0x70001000
thread id       = 0x00000001
graphics object = 0x71000000
config          = 0x71010000
stack           = 0x720FF000
flags           = 0x00000000

global SYSTEM @8200079C = 0x70003000
global USER   @820007A0 = 0x70002000

heap antes @82D4809C = 0x00000000
Inicializando heap...
[NtAllocateVirtualMemory] base*=0x00000000 size*=0x00100000 type=0x60002000 protect=0x00000004 r7=0x00000000
  RESERVE guest=0x30000000 size=0x100000
[NtAllocateVirtualMemory] base*=0x30000000 size*=0x00010000 type=0x60001000 protect=0x00000004 r7=0x00000000
  COMMIT guest=0x30000000 host=000002CB1F370000 size=0x10000
[KeGetCurrentProcessType] -> 1 (USER)
[RtlInitializeCriticalSection] guest=0x30000610
heap depois @82D4809C = 0x30000000 r3=0x00000001
heap +20   = 0x00040002
heap +24   = 0x00000000
heap +1408 = 0x30000610
[HARNESS] teste heap 30002FC1 host=000002CB1F372FC1 valor=0x00
[XGetVideoMode] out=720FEFB0 bytes=48 1280x720 progressive 60Hz
[MmAllocatePhysicalMemoryEx] guest=0x10000000 size=0x10000 align=0x1000 flags=0x00000404
[MmAllocatePhysicalMemoryEx] guest=0x10010000 size=0x72C000 align=0x1000 flags=0x20000404
[XGetVideoMode] out=720FEBF0 bytes=48 1280x720 progressive 60Hz
[RtlInitializeCriticalSection] guest=0x82A52D34
[RtlEnterCriticalSection] guest=0x82A52D34
[KeGetCurrentProcessType] -> 1 (USER)
[RtlEnterCriticalSection] guest=0x30000610
[RtlLeaveCriticalSection] guest=0x30000610
[RtlLeaveCriticalSection] guest=0x82A52D34
[KeGetCurrentProcessType] -> 1 (USER)
[KeGetCurrentProcessType] -> 1 (USER)
[ExGetXConfigSetting] category=3 setting=10 buffer=0x30004410 size=4 required=0x720FEAC0
  -> XCONFIG_USER_VIDEO_FLAGS = 0x00040000
[RtlInitializeCriticalSection] guest=0x30003DE0
[VdInitializeEngines] r3=0x09710000 callback=0x8238CE28 arg=0x00000000 pfp=0x00000000 me=0x00000000
[KeGetCurrentProcessType] -> 1 (USER)
[ExRegisterTitleTerminateNotification] registration=0x82699B50 create=1 routine=0x8238CE48 priority=0x6E800000
[VdSetGraphicsInterruptCallback] callback=0x82381BC8 context=0x30000700
[Xenos MMIO READ32] reg=0x3C04 -> 0x0000000E
[RtlEnterCriticalSection] guest=0x82A52D34
[RtlLeaveCriticalSection] guest=0x82A52D34
[RtlEnterCriticalSection] guest=0x82A52D34
[RtlLeaveCriticalSection] guest=0x82A52D34
[VdSetSystemCommandBufferGpuIdentifierAddress] address=0x00000000
[RtlEnterCriticalSection] guest=0x82A52D34
[RtlLeaveCriticalSection] guest=0x82A52D34
[RtlEnterCriticalSection] guest=0x82A52D34
[RtlLeaveCriticalSection] guest=0x82A52D34
[RtlEnterCriticalSection] guest=0x82A52D34
[RtlLeaveCriticalSection] guest=0x82A52D34
[RtlEnterCriticalSection] guest=0x82A52D34
[MmAllocatePhysicalMemoryEx] guest=0x1073C000 size=0x60 align=0x1000 flags=0x00000004
[RtlLeaveCriticalSection] guest=0x82A52D34
[RtlEnterCriticalSection] guest=0x82A52D34
[MmAllocatePhysicalMemoryEx] guest=0x1073D000 size=0x20 align=0x1000 flags=0x00000204
[RtlLeaveCriticalSection] guest=0x82A52D34
[RtlEnterCriticalSection] guest=0x82A52D34
[MmAllocatePhysicalMemoryEx] guest=0x1073E000 size=0x12C0 align=0x1000 flags=0x00000404
[RtlLeaveCriticalSection] guest=0x82A52D34
[MmGetPhysicalAddress] guest=0x10000000
[GPU INIT] ring=10000000 bytes=00010000
[VdInitializeRingBuffer] physical=0x10000000 sizeArg=13
[GPU WB] address=1073C03C block_log2=7
[VdEnableRingBufferRPtrWriteBack] address=0x1073C03C
[VdSetSystemCommandBufferGpuIdentifierAddress] address=0x1073C008
[KiApcNormalRoutineNop] r3=0x720FE980 r4=0x00000013
[THREAD CREATED] id=2 handle=00020000 object=70100018 startup=00000000 worker=8238E168 argument=300032AC suspended=0 stack=[73001000,73009000)
[THREAD PRIORITY] id=2 increment=17 previous=0
[Xenos MMIO READ32] reg=0x3C00 -> 0x00000000
[Xenos MMIO READ32] reg=0x3C04 -> 0x0000000E
[VdQueryVideoMode] out=720FE9F0 bytes=48 1280x720 progressive 60Hz
[VdCallGraphicsNotificationRoutines] type=1 args=0x720FE8B0 scale 1280x720 -> 1280x720
[INDIRECT] tid=1 call target=0x823EE808 LR=0x8238CF98
[THREAD START] id=2 startup=00000000 worker=8238E168 KPCR=70101000 TLS=70102000 SP=73008F00 LR=00000000 r3=300032AC r4=00000000
[INDIRECT] tid=2 call target=0x8238E168 LR=0x00000000
[INDIRECT] tid=1 returned target=0x823EE808 caller=0x8238CF98
[INDIRECT] tid=1 call target=0x823EE808 LR=0x8238CF98
[INDIRECT] tid=1 returned target=0x823EE808 caller=0x8238CF98
[INDIRECT] tid=1 call target=0x823EE808 LR=0x8238CF98
[INDIRECT] tid=1 returned target=0x823EE808 caller=0x8238CF98
[INDIRECT] tid=1 call target=0x823EE808 LR=0x8238CF98
[INDIRECT] tid=1 returned target=0x823EE808 caller=0x8238CF98
[INDIRECT] tid=1 call target=0x823EE808 LR=0x8238CF98
[INDIRECT] tid=1 returned target=0x823EE808 caller=0x8238CF98
[INDIRECT] tid=1 call target=0x823EE808 LR=0x8238CF98
[INDIRECT] tid=1 returned target=0x823EE808 caller=0x8238CF98
[INDIRECT] tid=1 call target=0x823EE808 LR=0x8238CF98
[INDIRECT] tid=1 returned target=0x823EE808 caller=0x8238CF98
[INDIRECT] tid=1 call target=0x823EE808 LR=0x8238CF98
[INDIRECT] tid=1 returned target=0x823EE808 caller=0x8238CF98
[INDIRECT] tid=1 call target=0x823EE808 LR=0x8238CF98
[INDIRECT] tid=1 returned target=0x823EE808 caller=0x8238CF98
[INDIRECT] tid=1 call target=0x823EE808 LR=0x8238CF98
[INDIRECT] tid=1 returned target=0x823EE808 caller=0x8238CF98
[INDIRECT] tid=1 call target=0x8237B758 LR=0x8238CF98
[OBJECT] embedded event object=300032CC type=0 mode=notification state=0
[THREAD WAIT] id=2 object=300032CC kind=1 reason=3 alertable=0 timeout_ms=30 LR=8238E21C
[INDIRECT] tid=1 returned target=0x8237B758 caller=0x8238CF98
[INDIRECT] tid=1 call target=0x8237B7E0 LR=0x8238CF98
[INDIRECT] tid=1 returned target=0x8237B7E0 caller=0x8238CF98
[INDIRECT] tid=1 call target=0x8237B7A8 LR=0x8238CF98
[INDIRECT] tid=1 returned target=0x8237B7A8 caller=0x8238CF98
[INDIRECT] tid=1 call target=0x8237B0A0 LR=0x8238CF98
[INDIRECT] tid=1 returned target=0x8237B0A0 caller=0x8238CF98
[INDIRECT] tid=1 call target=0x8237B068 LR=0x8238CF98
[INDIRECT] tid=1 returned target=0x8237B068 caller=0x8238CF98
[INDIRECT] tid=1 call target=0x8237B120 LR=0x8238CF98
[INDIRECT] tid=1 returned target=0x8237B120 caller=0x8238CF98
[INDIRECT] tid=1 call target=0x8237B4F0 LR=0x8238CF98
[INDIRECT] tid=1 returned target=0x8237B4F0 caller=0x8238CF98
[INDIRECT] tid=1 call target=0x8237B638 LR=0x8238CF98
[INDIRECT] tid=1 returned target=0x8237B638 caller=0x8238CF98
[INDIRECT] tid=1 call target=0x8237B258 LR=0x8238CF98
[INDIRECT] tid=1 returned target=0x8237B258 caller=0x8238CF98
[INDIRECT] tid=1 call target=0x8237B2F0 LR=0x8238CF98
[INDIRECT] tid=1 returned target=0x8237B2F0 caller=0x8238CF98
[INDIRECT] tid=1 call target=0x8237B1C0 LR=0x8238CF98
[INDIRECT] tid=1 returned target=0x8237B1C0 caller=0x8238CF98
[INDIRECT] tid=1 call target=0x8237B400 LR=0x8238CF98
[INDIRECT] tid=1 returned target=0x8237B400 caller=0x8238CF98
[INDIRECT] tid=1 call target=0x8237B478 LR=0x8238CF98
[INDIRECT] tid=1 returned target=0x8237B478 caller=0x8238CF98
[INDIRECT] tid=1 call target=0x8237B388 LR=0x8238CF98
[INDIRECT] tid=1 returned target=0x8237B388 caller=0x8238CF98
[INDIRECT] tid=1 call target=0x8237B0D8 LR=0x8238CF98
[INDIRECT] tid=1 returned target=0x8237B0D8 caller=0x8238CF98
[INDIRECT] tid=1 call target=0x8237B590 LR=0x8238CF98
[INDIRECT] tid=1 returned target=0x8237B590 caller=0x8238CF98
[INDIRECT] tid=1 call target=0x8237B600 LR=0x8238CF98
[INDIRECT] tid=1 returned target=0x8237B600 caller=0x8238CF98
[INDIRECT] tid=1 call target=0x8237B828 LR=0x8238CF98
[INDIRECT] tid=1 returned target=0x8237B828 caller=0x8238CF98
[INDIRECT] tid=1 call target=0x8237B878 LR=0x8238CF98
[INDIRECT] tid=1 returned target=0x8237B878 caller=0x8238CF98
[INDIRECT] tid=1 call target=0x8237B8F8 LR=0x8238CF98
[INDIRECT] tid=1 returned target=0x8237B8F8 caller=0x8238CF98
[INDIRECT] tid=1 call target=0x8237B940 LR=0x8238CF98
[INDIRECT] tid=1 returned target=0x8237B940 caller=0x8238CF98
[INDIRECT] tid=1 call target=0x8237B988 LR=0x8238CF98
[INDIRECT] tid=1 returned target=0x8237B988 caller=0x8238CF98
[INDIRECT] tid=1 call target=0x8237B8C0 LR=0x8238CF98
[INDIRECT] tid=1 returned target=0x8237B8C0 caller=0x8238CF98
[INDIRECT] tid=1 call target=0x8237BAC0 LR=0x8238CF98
[INDIRECT] tid=1 returned target=0x8237BAC0 caller=0x8238CF98
[INDIRECT] tid=1 call target=0x8237BAE8 LR=0x8238CF98
[INDIRECT] tid=1 returned target=0x8237BAE8 caller=0x8238CF98
[INDIRECT] tid=1 call target=0x8237BB10 LR=0x8238CF98
[INDIRECT] tid=1 returned target=0x8237BB10 caller=0x8238CF98
[INDIRECT] tid=1 call target=0x8237B9F8 LR=0x8238CF98
[INDIRECT] tid=1 returned target=0x8237B9F8 caller=0x8238CF98
[INDIRECT] tid=1 call target=0x8237BA40 LR=0x8238CF98
[INDIRECT] tid=1 returned target=0x8237BA40 caller=0x8238CF98
[INDIRECT] tid=1 call target=0x8237BA88 LR=0x8238CF98
[INDIRECT] tid=1 returned target=0x8237BA88 caller=0x8238CF98
[INDIRECT] tid=1 call target=0x8237B9C0 LR=0x8238CF98
[INDIRECT] tid=1 returned target=0x8237B9C0 caller=0x8238CF98
[INDIRECT] tid=1 call target=0x8237BB38 LR=0x8238CF98
[INDIRECT] tid=1 returned target=0x8237BB38 caller=0x8238CF98
[INDIRECT] tid=1 call target=0x8237BB60 LR=0x8238CF98
[INDIRECT] tid=1 returned target=0x8237BB60 caller=0x8238CF98
[INDIRECT] tid=1 call target=0x8237BB88 LR=0x8238CF98
[INDIRECT] tid=1 returned target=0x8237BB88 caller=0x8238CF98
[INDIRECT] tid=1 call target=0x8237BBB0 LR=0x8238CF98
[INDIRECT] tid=1 returned target=0x8237BBB0 caller=0x8238CF98
[INDIRECT] tid=1 call target=0x8237BEF8 LR=0x8238CF98
[INDIRECT] tid=1 returned target=0x8237BEF8 caller=0x8238CF98
[INDIRECT] tid=1 call target=0x8237BF50 LR=0x8238CF98
[INDIRECT] tid=1 returned target=0x8237BF50 caller=0x8238CF98
[INDIRECT] tid=1 call target=0x8237BEE8 LR=0x8238CF98
[INDIRECT] tid=1 returned target=0x8237BEE8 caller=0x8238CF98
[INDIRECT] tid=1 call target=0x8237BFA0 LR=0x8238CF98
[INDIRECT] tid=1 returned target=0x8237BFA0 caller=0x8238CF98
[INDIRECT] tid=1 call target=0x8237BD60 LR=0x8238CF98
[INDIRECT] tid=1 returned target=0x8237BD60 caller=0x8238CF98
[INDIRECT] tid=1 call target=0x8237BD98 LR=0x8238CF98
[INDIRECT] tid=1 returned target=0x8237BD98 caller=0x8238CF98
[INDIRECT] tid=1 call target=0x8237DDC0 LR=0x8238CF98
[INDIRECT] tid=1 returned target=0x8237DDC0 caller=0x8238CF98
[INDIRECT] tid=1 call target=0x8237BBF8 LR=0x8238CF98
[INDIRECT] tid=1 returned target=0x8237BBF8 caller=0x8238CF98
[INDIRECT] tid=1 call target=0x8237BCB8 LR=0x8238CF98
[INDIRECT] tid=1 returned target=0x8237BCB8 caller=0x8238CF98
[INDIRECT] tid=1 call target=0x8237BDC8 LR=0x8238CF98
[INDIRECT] tid=1 returned target=0x8237BDC8 caller=0x8238CF98
[INDIRECT] tid=1 call target=0x8237BE10 LR=0x8238CF98
[INDIRECT] tid=1 returned target=0x8237BE10 caller=0x8238CF98
[INDIRECT] tid=1 call target=0x8237BE58 LR=0x8238CF98
[INDIRECT] tid=1 returned target=0x8237BE58 caller=0x8238CF98
[INDIRECT] tid=1 call target=0x8237BEA0 LR=0x8238CF98
[INDIRECT] tid=1 returned target=0x8237BEA0 caller=0x8238CF98
[INDIRECT] tid=1 call target=0x8237C380 LR=0x8238CF98
[INDIRECT] tid=1 returned target=0x8237C380 caller=0x8238CF98
[INDIRECT] tid=1 call target=0x8237C740 LR=0x8238CF98
[INDIRECT] tid=1 returned target=0x8237C740 caller=0x8238CF98
[INDIRECT] tid=1 call target=0x8237C6E0 LR=0x8238CF98
[INDIRECT] tid=1 returned target=0x8237C6E0 caller=0x8238CF98
[INDIRECT] tid=1 call target=0x8237C710 LR=0x8238CF98
[INDIRECT] tid=1 returned target=0x8237C710 caller=0x8238CF98
[INDIRECT] tid=1 call target=0x8237BFF0 LR=0x8238CF98
[INDIRECT] tid=1 returned target=0x8237BFF0 caller=0x8238CF98
[INDIRECT] tid=1 call target=0x8237C020 LR=0x8238CF98
[INDIRECT] tid=1 returned target=0x8237C020 caller=0x8238CF98
[INDIRECT] tid=1 call target=0x8237C050 LR=0x8238CF98
[INDIRECT] tid=1 returned target=0x8237C050 caller=0x8238CF98
[RtlEnterCriticalSection] guest=0x82A52D34
[RtlLeaveCriticalSection] guest=0x82A52D34
[GPU SUBMIT] RPTR=00000000 WPTR=00000016 ring=10000000
[GPU PACKET] depth=0 addr=10000000 header=C0114800 type=3 opcode=48 count=18 data= 000003FF 00000000 00000000 00000000 00000080 00000100 00000180 00000200 00000280 00000300 00000380 00010800 00000007 00000000 00000000 00000000 00000000 00000000
[GPU PACKET] depth=0 addr=1000004C header=C0013F00 type=3 opcode=3F count=2 data= 10049680 0000000B
[GPU IB] parent=1000004C raw=0x10049680 physical=10049680 guest=0x10049680 length=11
[GPU PACKET] depth=1 addr=10049680 header=00000A31 type=0 opcode=0A count=1 data= 01000000
[GPU PACKET] depth=1 addr=10049688 header=00010A2F type=0 opcode=0A count=2 data= 0072C000 10010000
[GPU PACKET] depth=1 addr=10049694 header=C0043C00 type=3 opcode=3C count=5 data= 00000003 00000A31 00000000 80000000 00000008
[GPU PACKET] depth=0 addr=10000000 header=C0114800 type=3 opcode=48 count=18 data= 000003FF 00000000 00000000 00000000 00000080 00000100 00000180 00000200 00000280 00000300 00000380 00010800 00000007 00000000 00000000 00000000 00000000 00000000
[GPU PACKET] depth=0 addr=1000004C header=C0013F00 type=3 opcode=3F count=2 data= 10049680 0000000B
[GPU IB] parent=1000004C raw=0x10049680 physical=10049680 guest=0x10049680 length=11
[GPU PACKET] depth=1 addr=10049680 header=00000A31 type=0 opcode=0A count=1 data= 01000000
[GPU REG] index=0A31 COHER_STATUS_HOST value=01000000
[GPU PACKET] depth=1 addr=10049688 header=00010A2F type=0 opcode=0A count=2 data= 0072C000 10010000
[GPU REG] index=0A2F COHER_SIZE_HOST value=0072C000
[GPU REG] index=0A30 COHER_BASE_HOST value=10010000
[GPU PACKET] depth=1 addr=10049694 header=C0043C00 type=3 opcode=3C count=5 data= 00000003 00000A31 00000000 80000000 00000008
[GPU COHERENT] base=10010000 size=0072C000 status=01000000
[GPU CONSUMED] RPTR=00000016 writeback=1073C03C
[GPU SUBMIT] RPTR=00000016 WPTR=00000019 ring=10000000
[GPU PACKET] depth=0 addr=10000058 header=C0013F00 type=3 opcode=3F count=2 data= 10010000 00000159
[GPU IB] parent=10000058 raw=0x10010000 physical=10010000 guest=0x10010000 length=345
[THREAD WAKE] id=2 object=300032CC status=00000102
[KeGetCurrentProcessType] -> 1 (USER)
[RtlEnterCriticalSection] guest=0x30003DE0
[RtlLeaveCriticalSection] guest=0x30003DE0
[THREAD WAIT] id=2 object=300032CC kind=1 reason=3 alertable=0 timeout_ms=30 LR=8238E21C
[GPU PACKET] depth=1 addr=10010000 header=00000D02 type=0 opcode=0D count=1 data= 00010800
[GPU PACKET] depth=1 addr=10010008 header=00030A02 type=0 opcode=0A count=4 data= C0100000 07F00000 C0000000 00100000
[GPU PACKET] depth=1 addr=1001001C header=000001DD type=0 opcode=01 count=1 data= 1073D000
[GPU PACKET] depth=1 addr=10010024 header=000001DC type=0 opcode=01 count=1 data= 00020033
[GPU PACKET] depth=1 addr=1001002C header=000005C8 type=0 opcode=05 count=1 data= 00020000
[GPU PACKET] depth=1 addr=10010034 header=00000D04 type=0 opcode=0D count=1 data= 00000000
[GPU PACKET] depth=1 addr=1001003C header=C0025800 type=3 opcode=58 count=3 data= 00000003 C0000102 7F100000
[GPU PACKET] depth=1 addr=1001004C header=00000D01 type=0 opcode=0D count=1 data= 04000000
[GPU PACKET] depth=1 addr=10010054 header=C0022100 type=3 opcode=21 count=3 data= 00000081 FFFFFFFF 80010000
[GPU PACKET] depth=1 addr=10010064 header=C0022100 type=3 opcode=21 count=3 data= 00000082 FFFFFFFF 00000000
[GPU PACKET] depth=1 addr=10010074 header=00000C85 type=0 opcode=0C count=1 data= 0000000F
[GPU PACKET] depth=1 addr=1001007C header=0000057C type=0 opcode=05 count=1 data= 0BADF00D
[GPU PACKET] depth=1 addr=10010084 header=00022080 type=0 opcode=20 count=3 data= 00000000 00000000 00000000
[GPU PACKET] depth=1 addr=10010094 header=000005C8 type=0 opcode=05 count=1 data= 00020000
[GPU PACKET] depth=1 addr=1001009C header=00000F01 type=0 opcode=0F count=1 data= 0000200E
[GPU PACKET] depth=1 addr=100100A4 header=000005C8 type=0 opcode=05 count=1 data= 00020000
[GPU PACKET] depth=1 addr=100100AC header=00000D00 type=0 opcode=0D count=1 data= 00040401
[GPU PACKET] depth=1 addr=100100B4 header=00000D00 type=0 opcode=0D count=1 data= 00040401
[GPU PACKET] depth=1 addr=100100BC header=00000D00 type=0 opcode=0D count=1 data= 00040401
[GPU PACKET] depth=1 addr=100100C4 header=00000D00 type=0 opcode=0D count=1 data= 00040401
[GPU PACKET] depth=1 addr=100100CC header=00000D00 type=0 opcode=0D count=1 data= 00040401
[GPU PACKET] depth=1 addr=100100D4 header=00000D00 type=0 opcode=0D count=1 data= 00040401
[GPU PACKET] depth=1 addr=100100DC header=00000D00 type=0 opcode=0D count=1 data= 00040401
[GPU PACKET] depth=1 addr=100100E4 header=00000D00 type=0 opcode=0D count=1 data= 00040401
[GPU PACKET] depth=1 addr=100100EC header=00000D00 type=0 opcode=0D count=1 data= 00040400
[GPU PACKET] depth=1 addr=100100F4 header=000F2000 type=0 opcode=20 count=16 data= 00000000 00000000 00000000 00000000 00000000 00000000 00000000 00000000 00000000 00000000 00000000 00000000 00000000 00000000 00000000 20002000
[GPU PACKET] depth=1 addr=10010138 header=00142100 type=0 opcode=21 count=21 data= 00FFFFFF 00000000 00000000 0000FFFF 00000000 3F800000 3F800000 3F800000 3F800000 00000000 00000000 00000000 00FFFF00 00FFFF00 00000000 00000000 00000000 00000000 00000000 00000000 00000000
[GPU PACKET] depth=1 addr=10010190 header=00042180 type=0 opcode=21 count=5 data= 00000000 00000000 00000000 00000000 00000000
[GPU PACKET] depth=1 addr=100101A8 header=000B2200 type=0 opcode=22 count=12 data= 00700734 00010001 87000007 00000000 00080000 00018006 0000043F 00000000 00000004 00010001 00010001 00010001
[GPU PACKET] depth=1 addr=100101DC header=00072380 type=0 opcode=23 count=8 data= 00000000 00000000 00000000 00000000 00000000 00000000 00000000 00000000
[GPU PACKET] depth=1 addr=10010200 header=00142280 type=0 opcode=22 count=21 data= 00080008 04000010 00000008 00000000 00000000 00000001 3F800000 3F800000 0000000E 00000000 00000000 00000000 00000000 00000000 00000000 00000000 00000000 00000000 00000000 00000000 00000000
[GPU PACKET] depth=1 addr=10010258 header=00252300 type=0 opcode=23 count=38 data= 00000000 00000000 00000004 40000000 3F800000 40000000 3F800000 000FF000 000FF100 00000000 00000000 00000000 00000000 00000000 00000000 00000000 00000000 00000000 0000FFFF 00000000 00000000 00000000 0000000E 00000010 00000000 00000000 00000000 00000000 00000000 00000000 00000000 00000000 00000000 00000000 00000000 00000000 00000002 00000000
[GPU PACKET] depth=1 addr=100102F4 header=C01C2B00 type=3 opcode=2B count=29 data= 00000000 0000001B 30052003 00001200 C4000000 00001005 00001200 C2000000 00001006 10071200 22000000 30081000 00393A88 00000007 00080000 40263688 00000300 C80F8000 00000000 C2000000 C80F803E 00000000 C2010100 C8000000 00000000 02000000 00000000 00000000 00000000
[GPU PACKET] depth=1 addr=1001036C header=C00A2B00 type=3 opcode=2B count=11 data= 00000001 00000009 00000000 1001C400 22000000 C80F8000 00000000 C2000000 00000000 00000000 00000000
[GPU PACKET] depth=1 addr=1001039C header=00012180 type=0 opcode=21 count=2 data= 1001000E 00000000
[GPU PACKET] depth=1 addr=100103A8 header=00022100 type=0 opcode=21 count=3 data= 0000FFFF 00000000 00000000
[GPU PACKET] depth=1 addr=100103B8 header=00022204 type=0 opcode=22 count=3 data= 00010000 00010000 00000300
[GPU PACKET] depth=1 addr=100103C8 header=00002312 type=0 opcode=23 count=1 data= 0000FFFF
[GPU PACKET] depth=1 addr=100103D0 header=C0015000 type=3 opcode=50 count=2 data= FFFFFFFF 00000000
[GPU PACKET] depth=1 addr=100103DC header=00002200 type=0 opcode=22 count=1 data= 00000000
[GPU PACKET] depth=1 addr=100103E4 header=00002203 type=0 opcode=22 count=1 data= 00000000
[GPU PACKET] depth=1 addr=100103EC header=00002208 type=0 opcode=22 count=1 data= 00000004
[GPU PACKET] depth=1 addr=100103F4 header=00002104 type=0 opcode=21 count=1 data= 00000000
[GPU PACKET] depth=1 addr=100103FC header=00002280 type=0 opcode=22 count=1 data= 00080008
[GPU PACKET] depth=1 addr=10010404 header=00002302 type=0 opcode=23 count=1 data= 00000004
[GPU PACKET] depth=1 addr=1001040C header=00022080 type=0 opcode=20 count=3 data= 00000000 00000000 00100010
[GPU PACKET] depth=1 addr=1001041C header=00054800 type=0 opcode=48 count=6 data= 10049637 1000001E 00000000 00000000 00000000 00000000
[GPU PACKET] depth=1 addr=10010438 header=00025000 type=0 opcode=50 count=3 data= 00000000 00000000 00000000
[GPU PACKET] depth=1 addr=10010448 header=C0003600 type=3 opcode=36 count=1 data= 00010081
[GPU PACKET] depth=1 addr=10010450 header=C0003600 type=3 opcode=36 count=1 data= 00010081
[GPU PACKET] depth=1 addr=10010458 header=C0003600 type=3 opcode=36 count=1 data= 00010081
[GPU PACKET] depth=1 addr=10010460 header=C0003600 type=3 opcode=36 count=1 data= 00010081
[GPU PACKET] depth=1 addr=10010468 header=C0003600 type=3 opcode=36 count=1 data= 00010081
[GPU PACKET] depth=1 addr=10010470 header=C0003600 type=3 opcode=36 count=1 data= 00010081
[GPU PACKET] depth=1 addr=10010478 header=C0003600 type=3 opcode=36 count=1 data= 00010081
[GPU PACKET] depth=1 addr=10010480 header=C0003600 type=3 opcode=36 count=1 data= 00010081
[GPU PACKET] depth=1 addr=10010488 header=C0003600 type=3 opcode=36 count=1 data= 00010081
[GPU PACKET] depth=1 addr=10010490 header=C0003600 type=3 opcode=36 count=1 data= 00010081
[GPU PACKET] depth=1 addr=10010498 header=C0003600 type=3 opcode=36 count=1 data= 00010081
[GPU PACKET] depth=1 addr=100104A0 header=C0003600 type=3 opcode=36 count=1 data= 00010081
[GPU PACKET] depth=1 addr=100104A8 header=00054800 type=0 opcode=48 count=6 data= 10049653 1000001E 00000000 00000000 00000000 00000000
[GPU PACKET] depth=1 addr=100104C4 header=00025000 type=0 opcode=50 count=3 data= 00000000 00000000 00000000
[GPU PACKET] depth=1 addr=100104D4 header=C0003600 type=3 opcode=36 count=1 data= 00010081
[GPU PACKET] depth=1 addr=100104DC header=C0003600 type=3 opcode=36 count=1 data= 00010081
[GPU PACKET] depth=1 addr=100104E4 header=C0003600 type=3 opcode=36 count=1 data= 00010081
[GPU PACKET] depth=1 addr=100104EC header=C0003600 type=3 opcode=36 count=1 data= 00010081
[GPU PACKET] depth=1 addr=100104F4 header=C0003600 type=3 opcode=36 count=1 data= 00010081
[GPU PACKET] depth=1 addr=100104FC header=C0003600 type=3 opcode=36 count=1 data= 00010081
[GPU PACKET] depth=1 addr=10010504 header=C0003600 type=3 opcode=36 count=1 data= 00010081
[GPU PACKET] depth=1 addr=1001050C header=C0003600 type=3 opcode=36 count=1 data= 00010081
[GPU PACKET] depth=1 addr=10010514 header=C0003600 type=3 opcode=36 count=1 data= 00010081
[GPU PACKET] depth=1 addr=1001051C header=C0003600 type=3 opcode=36 count=1 data= 00010081
[GPU PACKET] depth=1 addr=10010524 header=C0003600 type=3 opcode=36 count=1 data= 00010081
[GPU PACKET] depth=1 addr=1001052C header=C0003600 type=3 opcode=36 count=1 data= 00010081
[GPU PACKET] depth=1 addr=10010534 header=00022080 type=0 opcode=20 count=3 data= 00000000 00000000 00000000
[GPU PACKET] depth=1 addr=10010544 header=C0025800 type=3 opcode=58 count=3 data= 00000003 1073C006 10010540
[GPU PACKET] depth=1 addr=10010554 header=C0025800 type=3 opcode=58 count=3 data= 00000003 1073C002 00000003
[GPU PACKET] depth=0 addr=10000058 header=C0013F00 type=3 opcode=3F count=2 data= 10010000 00000159
[GPU IB] parent=10000058 raw=0x10010000 physical=10010000 guest=0x10010000 length=345
[THREAD WAKE] id=2 object=300032CC status=00000102
[KeGetCurrentProcessType] -> 1 (USER)
[RtlEnterCriticalSection] guest=0x30003DE0
[RtlLeaveCriticalSection] guest=0x30003DE0
[THREAD WAIT] id=2 object=300032CC kind=1 reason=3 alertable=0 timeout_ms=30 LR=8238E21C
[GPU PACKET] depth=1 addr=10010000 header=00000D02 type=0 opcode=0D count=1 data= 00010800
[GPU REG] index=0D02 SQ_INST_STORE_MANAGMENT value=00010800
[GPU PACKET] depth=1 addr=10010008 header=00030A02 type=0 opcode=0A count=4 data= C0100000 07F00000 C0000000 00100000
[GPU REG] index=0A02 UNKNOWN_0A02 value=C0100000
[GPU REG] index=0A03 UNKNOWN_0A03 value=07F00000
[GPU REG] index=0A04 UNKNOWN_0A04 value=C0000000
[GPU REG] index=0A05 UNKNOWN_0A05 value=00100000
[GPU PACKET] depth=1 addr=1001001C header=000001DD type=0 opcode=01 count=1 data= 1073D000
[GPU REG] index=01DD SCRATCH_ADDR value=1073D000
[GPU PACKET] depth=1 addr=10010024 header=000001DC type=0 opcode=01 count=1 data= 00020033
[GPU REG] index=01DC SCRATCH_UMSK value=00020033
[GPU PACKET] depth=1 addr=1001002C header=000005C8 type=0 opcode=05 count=1 data= 00020000
[GPU REG] index=05C8 WAIT_UNTIL value=00020000
[GPU PACKET] depth=1 addr=10010034 header=00000D04 type=0 opcode=0D count=1 data= 00000000
[GPU REG] index=0D04 SQ_EO_RT value=00000000
[GPU PACKET] depth=1 addr=1001003C header=C0025800 type=3 opcode=58 count=3 data= 00000003 C0000102 7F100000
[GPU EVENT] type=3 address=C0000102 value=7F100000 packet=1001003C
[GPU REG] index=21F9 VGT_EVENT_INITIATOR value=00000003
[GPU MEMORY] physical=00000100 endian=2 value=7F100000
[GPU PACKET] depth=1 addr=1001004C header=00000D01 type=0 opcode=0D count=1 data= 04000000
[GPU REG] index=0D01 SQ_FLOW_CONTROL value=04000000
[GPU PACKET] depth=1 addr=10010054 header=C0022100 type=3 opcode=21 count=3 data= 00000081 FFFFFFFF 80010000
[GPU REG] index=0081 UNNAMED_STATE value=80010000
[GPU PACKET] depth=1 addr=10010064 header=C0022100 type=3 opcode=21 count=3 data= 00000082 FFFFFFFF 00000000
[GPU REG] index=0082 UNNAMED_STATE value=00000000
[GPU PACKET] depth=1 addr=10010074 header=00000C85 type=0 opcode=0C count=1 data= 0000000F
[GPU REG] index=0C85 PA_CL_ENHANCE value=0000000F
[GPU PACKET] depth=1 addr=1001007C header=0000057C type=0 opcode=05 count=1 data= 0BADF00D
[GPU REG] index=057C CALLBACK_ADDRESS value=0BADF00D
[GPU MEMORY] physical=1073D010 endian=2 value=0BADF00D
[GPU PACKET] depth=1 addr=10010084 header=00022080 type=0 opcode=20 count=3 data= 00000000 00000000 00000000
[GPU REG] index=2080 PA_SC_WINDOW_OFFSET value=00000000
[GPU REG] index=2081 PA_SC_WINDOW_SCISSOR_TL value=00000000
[GPU REG] index=2082 PA_SC_WINDOW_SCISSOR_BR value=00000000
[GPU PACKET] depth=1 addr=10010094 header=000005C8 type=0 opcode=05 count=1 data= 00020000
[GPU REG] index=05C8 WAIT_UNTIL value=00020000
[GPU PACKET] depth=1 addr=1001009C header=00000F01 type=0 opcode=0F count=1 data= 0000200E
[GPU REG] index=0F01 RB_BC_CONTROL value=0000200E
[GPU PACKET] depth=1 addr=100100A4 header=000005C8 type=0 opcode=05 count=1 data= 00020000
[GPU REG] index=05C8 WAIT_UNTIL value=00020000
[GPU PACKET] depth=1 addr=100100AC header=00000D00 type=0 opcode=0D count=1 data= 00040401
[GPU REG] index=0D00 SQ_GPR_MANAGEMENT value=00040401
[GPU PACKET] depth=1 addr=100100B4 header=00000D00 type=0 opcode=0D count=1 data= 00040401
[GPU REG] index=0D00 SQ_GPR_MANAGEMENT value=00040401
[GPU PACKET] depth=1 addr=100100BC header=00000D00 type=0 opcode=0D count=1 data= 00040401
[GPU REG] index=0D00 SQ_GPR_MANAGEMENT value=00040401
[GPU PACKET] depth=1 addr=100100C4 header=00000D00 type=0 opcode=0D count=1 data= 00040401
[GPU REG] index=0D00 SQ_GPR_MANAGEMENT value=00040401
[GPU PACKET] depth=1 addr=100100CC header=00000D00 type=0 opcode=0D count=1 data= 00040401
[GPU REG] index=0D00 SQ_GPR_MANAGEMENT value=00040401
[GPU PACKET] depth=1 addr=100100D4 header=00000D00 type=0 opcode=0D count=1 data= 00040401
[GPU REG] index=0D00 SQ_GPR_MANAGEMENT value=00040401
[GPU PACKET] depth=1 addr=100100DC header=00000D00 type=0 opcode=0D count=1 data= 00040401
[GPU REG] index=0D00 SQ_GPR_MANAGEMENT value=00040401
[GPU PACKET] depth=1 addr=100100E4 header=00000D00 type=0 opcode=0D count=1 data= 00040401
[GPU REG] index=0D00 SQ_GPR_MANAGEMENT value=00040401
[GPU PACKET] depth=1 addr=100100EC header=00000D00 type=0 opcode=0D count=1 data= 00040400
[GPU REG] index=0D00 SQ_GPR_MANAGEMENT value=00040400
[GPU PACKET] depth=1 addr=100100F4 header=000F2000 type=0 opcode=20 count=16 data= 00000000 00000000 00000000 00000000 00000000 00000000 00000000 00000000 00000000 00000000 00000000 00000000 00000000 00000000 00000000 20002000
[GPU REG] index=2000 RB_SURFACE_INFO value=00000000
[GPU REG] index=2001 RB_COLOR_INFO value=00000000
[GPU REG] index=2002 RB_DEPTH_INFO value=00000000
[GPU REG] index=2003 RB_COLOR1_INFO value=00000000
[GPU REG] index=2004 RB_COLOR2_INFO value=00000000
[GPU REG] index=2005 RB_COLOR3_INFO value=00000000
[GPU REG] index=2006 COHER_DEST_BASE_0 value=00000000
[GPU REG] index=2007 COHER_DEST_BASE_1 value=00000000
[GPU REG] index=2008 COHER_DEST_BASE_2 value=00000000
[GPU REG] index=2009 COHER_DEST_BASE_3 value=00000000
[GPU REG] index=200A COHER_DEST_BASE_4 value=00000000
[GPU REG] index=200B COHER_DEST_BASE_5 value=00000000
[GPU REG] index=200C COHER_DEST_BASE_6 value=00000000
[GPU REG] index=200D COHER_DEST_BASE_7 value=00000000
[GPU REG] index=200E PA_SC_SCREEN_SCISSOR_TL value=00000000
[GPU REG] index=200F PA_SC_SCREEN_SCISSOR_BR value=20002000
[GPU PACKET] depth=1 addr=10010138 header=00142100 type=0 opcode=21 count=21 data= 00FFFFFF 00000000 00000000 0000FFFF 00000000 3F800000 3F800000 3F800000 3F800000 00000000 00000000 00000000 00FFFF00 00FFFF00 00000000 00000000 00000000 00000000 00000000 00000000 00000000
[GPU REG] index=2100 VGT_MAX_VTX_INDX value=00FFFFFF
[GPU REG] index=2101 VGT_MIN_VTX_INDX value=00000000
[GPU REG] index=2102 VGT_INDX_OFFSET value=00000000
[GPU REG] index=2103 VGT_MULTI_PRIM_IB_RESET_INDX value=0000FFFF
[GPU REG] index=2104 RB_COLOR_MASK value=00000000
[GPU REG] index=2105 RB_BLEND_RED value=3F800000
[GPU REG] index=2106 RB_BLEND_GREEN value=3F800000
[GPU REG] index=2107 RB_BLEND_BLUE value=3F800000
[GPU REG] index=2108 RB_BLEND_ALPHA value=3F800000
[GPU REG] index=2109 RB_FOG_COLOR_RED value=00000000
[GPU REG] index=210A RB_FOG_COLOR_GREEN value=00000000
[GPU REG] index=210B RB_FOG_COLOR_BLUE value=00000000
[GPU REG] index=210C RB_STENCILREFMASK_BF value=00FFFF00
[GPU REG] index=210D RB_STENCILREFMASK value=00FFFF00
[GPU REG] index=210E RB_ALPHA_REF value=00000000
[GPU REG] index=210F PA_CL_VPORT_XSCALE value=00000000
[GPU REG] index=2110 PA_CL_VPORT_XOFFSET value=00000000
[GPU REG] index=2111 PA_CL_VPORT_YSCALE value=00000000
[GPU REG] index=2112 PA_CL_VPORT_YOFFSET value=00000000
[GPU REG] index=2113 PA_CL_VPORT_ZSCALE value=00000000
[GPU REG] index=2114 PA_CL_VPORT_ZOFFSET value=00000000
[GPU PACKET] depth=1 addr=10010190 header=00042180 type=0 opcode=21 count=5 data= 00000000 00000000 00000000 00000000 00000000
[GPU REG] index=2180 SQ_PROGRAM_CNTL value=00000000
[GPU REG] index=2181 SQ_CONTEXT_MISC value=00000000
[GPU REG] index=2182 SQ_INTERPOLATOR_CNTL value=00000000
[GPU REG] index=2183 SQ_WRAPPING_0 value=00000000
[GPU REG] index=2184 SQ_WRAPPING_1 value=00000000
[GPU PACKET] depth=1 addr=100101A8 header=000B2200 type=0 opcode=22 count=12 data= 00700734 00010001 87000007 00000000 00080000 00018006 0000043F 00000000 00000004 00010001 00010001 00010001
[GPU REG] index=2200 RB_DEPTHCONTROL value=00700734
[GPU REG] index=2201 RB_BLENDCONTROL0 value=00010001
[GPU REG] index=2202 RB_COLORCONTROL value=87000007
[GPU REG] index=2203 RB_HIZCONTROL value=00000000
[GPU REG] index=2204 PA_CL_CLIP_CNTL value=00080000
[GPU REG] index=2205 PA_SU_SC_MODE_CNTL value=00018006
[GPU REG] index=2206 PA_CL_VTE_CNTL value=0000043F
[GPU REG] index=2207 VGT_CURRENT_BIN_ID_MIN value=00000000
[GPU REG] index=2208 RB_MODECONTROL value=00000004
[GPU REG] index=2209 RB_BLENDCONTROL1 value=00010001
[GPU REG] index=220A RB_BLENDCONTROL2 value=00010001
[GPU REG] index=220B RB_BLENDCONTROL3 value=00010001
[GPU PACKET] depth=1 addr=100101DC header=00072380 type=0 opcode=23 count=8 data= 00000000 00000000 00000000 00000000 00000000 00000000 00000000 00000000
[GPU REG] index=2380 PA_SU_POLY_OFFSET_FRONT_SCALE value=00000000
[GPU REG] index=2381 PA_SU_POLY_OFFSET_FRONT_OFFSET value=00000000
[GPU REG] index=2382 PA_SU_POLY_OFFSET_BACK_SCALE value=00000000
[GPU REG] index=2383 PA_SU_POLY_OFFSET_BACK_OFFSET value=00000000
[THREAD WAKE] id=2 object=300032CC status=00000102
[GPU REG] index=2384 PA_CL_POINT_X_RAD value=00000000
[GPU REG] index=2385 PA_CL_POINT_Y_RAD value=00000000
[KeGetCurrentProcessType] -> 1 (USER)
[RtlEnterCriticalSection] guest=0x30003DE0
[GPU REG] index=2386 PA_CL_POINT_SIZE value=00000000
[RtlLeaveCriticalSection] guest=0x30003DE0
[THREAD WAIT] id=2 object=300032CC kind=1 reason=3 alertable=0 timeout_ms=30 LR=8238E21C
[GPU REG] index=2387 PA_CL_POINT_CULL_RAD value=00000000
[GPU PACKET] depth=1 addr=10010200 header=00142280 type=0 opcode=22 count=21 data= 00080008 04000010 00000008 00000000 00000000 00000001 3F800000 3F800000 0000000E 00000000 00000000 00000000 00000000 00000000 00000000 00000000 00000000 00000000 00000000 00000000 00000000
[GPU REG] index=2280 PA_SU_POINT_SIZE value=00080008
[GPU REG] index=2281 PA_SU_POINT_MINMAX value=04000010
[GPU REG] index=2282 PA_SU_LINE_CNTL value=00000008
[GPU REG] index=2283 PA_SC_LINE_STIPPLE value=00000000
[GPU REG] index=2284 VGT_OUTPUT_PATH_CNTL value=00000000
[GPU REG] index=2285 VGT_HOS_CNTL value=00000001
[GPU REG] index=2286 VGT_HOS_MAX_TESS_LEVEL value=3F800000
[GPU REG] index=2287 VGT_HOS_MIN_TESS_LEVEL value=3F800000
[GPU REG] index=2288 VGT_HOS_REUSE_DEPTH value=0000000E
[GPU REG] index=2289 VGT_GROUP_PRIM_TYPE value=00000000
[GPU REG] index=228A VGT_GROUP_FIRST_DECR value=00000000
[GPU REG] index=228B VGT_GROUP_DECR value=00000000
[GPU REG] index=228C VGT_GROUP_VECT_0_CNTL value=00000000
[GPU REG] index=228D VGT_GROUP_VECT_1_CNTL value=00000000
[GPU REG] index=228E VGT_GROUP_VECT_0_FMT_CNTL value=00000000
[GPU REG] index=228F VGT_GROUP_VECT_1_FMT_CNTL value=00000000
[GPU REG] index=2290 UNKNOWN_2290 value=00000000
[GPU REG] index=2291 UNKNOWN_2291 value=00000000
[GPU REG] index=2292 PA_SC_MPASS_PS_CNTL value=00000000
[GPU REG] index=2293 PA_SC_VIZ_QUERY value=00000000
[GPU REG] index=2294 VGT_ENHANCE value=00000000
[GPU PACKET] depth=1 addr=10010258 header=00252300 type=0 opcode=23 count=38 data= 00000000 00000000 00000004 40000000 3F800000 40000000 3F800000 000FF000 000FF100 00000000 00000000 00000000 00000000 00000000 00000000 00000000 00000000 00000000 0000FFFF 00000000 00000000 00000000 0000000E 00000010 00000000 00000000 00000000 00000000 00000000 00000000 00000000 00000000 00000000 00000000 00000000 00000000 00000002 00000000
[GPU REG] index=2300 PA_SC_LINE_CNTL value=00000000
[GPU REG] index=2301 PA_SC_AA_CONFIG value=00000000
[GPU REG] index=2302 PA_SU_VTX_CNTL value=00000004
[GPU REG] index=2303 PA_CL_GB_VERT_CLIP_ADJ value=40000000
[GPU REG] index=2304 PA_CL_GB_VERT_DISC_ADJ value=3F800000
[GPU REG] index=2305 PA_CL_GB_HORZ_CLIP_ADJ value=40000000
[GPU REG] index=2306 PA_CL_GB_HORZ_DISC_ADJ value=3F800000
[GPU REG] index=2307 SQ_VS_CONST value=000FF000
[GPU REG] index=2308 SQ_PS_CONST value=000FF100
[GPU REG] index=2309 SQ_DEBUG_MISC_0 value=00000000
[GPU REG] index=230A SQ_DEBUG_MISC_1 value=00000000
[GPU REG] index=230B UNKNOWN_230B value=00000000
[GPU REG] index=230C UNKNOWN_230C value=00000000
[GPU REG] index=230D UNKNOWN_230D value=00000000
[GPU REG] index=230E UNKNOWN_230E value=00000000
[GPU REG] index=230F UNKNOWN_230F value=00000000
[GPU REG] index=2310 UNKNOWN_2310 value=00000000
[GPU REG] index=2311 UNKNOWN_2311 value=00000000
[GPU REG] index=2312 PA_SC_AA_MASK value=0000FFFF
[GPU REG] index=2313 UNKNOWN_2313 value=00000000
[GPU REG] index=2314 UNKNOWN_2314 value=00000000
[GPU REG] index=2315 SQ_CF_PROGRAM_SIZE value=00000000
[GPU REG] index=2316 VGT_VERTEX_REUSE_BLOCK_CNTL value=0000000E
[GPU REG] index=2317 VGT_OUT_DEALLOC_CNTL value=00000010
[GPU REG] index=2318 RB_COPY_CONTROL value=00000000
[GPU COPY STATE] RB_COPY_CONTROL=00000000 packet=10010258
[GPU REG] index=2319 RB_COPY_DEST_BASE value=00000000
[GPU COPY STATE] RB_COPY_DEST_BASE=00000000 packet=10010258
[GPU REG] index=231A RB_COPY_DEST_PITCH value=00000000
[GPU COPY STATE] RB_COPY_DEST_PITCH=00000000 packet=10010258
[GPU REG] index=231B RB_COPY_DEST_INFO value=00000000
[GPU COPY STATE] RB_COPY_DEST_INFO=00000000 packet=10010258
[GPU REG] index=231C RB_HIZ_CLEAR value=00000000
[GPU COPY STATE] RB_HIZ_CLEAR=00000000 packet=10010258
[GPU REG] index=231D RB_DEPTH_CLEAR value=00000000
[GPU COPY STATE] RB_DEPTH_CLEAR=00000000 packet=10010258
[GPU REG] index=231E RB_COLOR_CLEAR value=00000000
[GPU COPY STATE] RB_COLOR_CLEAR=00000000 packet=10010258
[GPU REG] index=231F RB_COLOR_CLEAR_LO value=00000000
[GPU COPY STATE] RB_COLOR_CLEAR_LO=00000000 packet=10010258
[GPU REG] index=2320 RB_COPY_FUNC value=00000000
[GPU COPY STATE] RB_COPY_FUNC=00000000 packet=10010258
[GPU REG] index=2321 RB_COPY_REF value=00000000
[GPU COPY STATE] RB_COPY_REF=00000000 packet=10010258
[GPU REG] index=2322 RB_COPY_MASK value=00000000
[GPU COPY STATE] RB_COPY_MASK=00000000 packet=10010258
[GPU REG] index=2323 RB_COPY_SURFACE_SLICE value=00000000
[GPU COPY STATE] RB_COPY_SURFACE_SLICE=00000000 packet=10010258
[GPU REG] index=2324 RB_SAMPLE_COUNT_CTL value=00000002
[GPU REG] index=2325 RB_SAMPLE_COUNT_ADDR value=00000000
[GPU PACKET] depth=1 addr=100102F4 header=C01C2B00 type=3 opcode=2B count=29 data= 00000000 0000001B 30052003 00001200 C4000000 00001005 00001200 C2000000 00001006 10071200 22000000 30081000 00393A88 00000007 00080000 40263688 00000300 C80F8000 00000000 C2000000 C80F803E 00000000 C2010100 C8000000 00000000 02000000 00000000 00000000 00000000
[GPU SHADER] stage=0 dwords=27 no_memexport=1
[GPU PACKET] depth=1 addr=1001036C header=C00A2B00 type=3 opcode=2B count=11 data= 00000001 00000009 00000000 1001C400 22000000 C80F8000 00000000 C2000000 00000000 00000000 00000000
[GPU SHADER] stage=1 dwords=9 no_memexport=1
[GPU PACKET] depth=1 addr=1001039C header=00012180 type=0 opcode=21 count=2 data= 1001000E 00000000
[GPU REG] index=2180 SQ_PROGRAM_CNTL value=1001000E
[GPU REG] index=2181 SQ_CONTEXT_MISC value=00000000
[GPU PACKET] depth=1 addr=100103A8 header=00022100 type=0 opcode=21 count=3 data= 0000FFFF 00000000 00000000
[GPU REG] index=2100 VGT_MAX_VTX_INDX value=0000FFFF
[GPU REG] index=2101 VGT_MIN_VTX_INDX value=00000000
[GPU REG] index=2102 VGT_INDX_OFFSET value=00000000
[GPU PACKET] depth=1 addr=100103B8 header=00022204 type=0 opcode=22 count=3 data= 00010000 00010000 00000300
[GPU REG] index=2204 PA_CL_CLIP_CNTL value=00010000
[GPU REG] index=2205 PA_SU_SC_MODE_CNTL value=00010000
[GPU REG] index=2206 PA_CL_VTE_CNTL value=00000300
[GPU PACKET] depth=1 addr=100103C8 header=00002312 type=0 opcode=23 count=1 data= 0000FFFF
[GPU REG] index=2312 PA_SC_AA_MASK value=0000FFFF
[GPU PACKET] depth=1 addr=100103D0 header=C0015000 type=3 opcode=50 count=2 data= FFFFFFFF 00000000
[GPU PACKET] depth=1 addr=100103DC header=00002200 type=0 opcode=22 count=1 data= 00000000
[GPU REG] index=2200 RB_DEPTHCONTROL value=00000000
[GPU PACKET] depth=1 addr=100103E4 header=00002203 type=0 opcode=22 count=1 data= 00000000
[GPU REG] index=2203 RB_HIZCONTROL value=00000000
[GPU PACKET] depth=1 addr=100103EC header=00002208 type=0 opcode=22 count=1 data= 00000004
[GPU REG] index=2208 RB_MODECONTROL value=00000004
[GPU PACKET] depth=1 addr=100103F4 header=00002104 type=0 opcode=21 count=1 data= 00000000
[GPU REG] index=2104 RB_COLOR_MASK value=00000000
[GPU PACKET] depth=1 addr=100103FC header=00002280 type=0 opcode=22 count=1 data= 00080008
[GPU REG] index=2280 PA_SU_POINT_SIZE value=00080008
[GPU PACKET] depth=1 addr=10010404 header=00002302 type=0 opcode=23 count=1 data= 00000004
[GPU REG] index=2302 PA_SU_VTX_CNTL value=00000004
[GPU PACKET] depth=1 addr=1001040C header=00022080 type=0 opcode=20 count=3 data= 00000000 00000000 00100010
[GPU REG] index=2080 PA_SC_WINDOW_OFFSET value=00000000
[GPU REG] index=2081 PA_SC_WINDOW_SCISSOR_TL value=00000000
[GPU REG] index=2082 PA_SC_WINDOW_SCISSOR_BR value=00100010
[GPU PACKET] depth=1 addr=1001041C header=00054800 type=0 opcode=48 count=6 data= 10049637 1000001E 00000000 00000000 00000000 00000000
[GPU REG] index=4800 SHADER_CONSTANT_FETCH_00_0 value=10049637
[GPU REG] index=4801 SHADER_CONSTANT_FETCH_00_1 value=1000001E
[GPU REG] index=4802 SHADER_CONSTANT_FETCH_00_2 value=00000000
[GPU REG] index=4803 SHADER_CONSTANT_FETCH_00_3 value=00000000
[GPU REG] index=4804 SHADER_CONSTANT_FETCH_00_4 value=00000000
[GPU REG] index=4805 SHADER_CONSTANT_FETCH_00_5 value=00000000
[GPU PACKET] depth=1 addr=10010438 header=00025000 type=0 opcode=50 count=3 data= 00000000 00000000 00000000
[GPU REG] index=5000 SHADER_CONSTANT_FLUSH_FETCH_0 value=00000000
[GPU REG] index=5001 SHADER_CONSTANT_FLUSH_FETCH_1 value=00000000
[GPU REG] index=5002 SHADER_CONSTANT_FLUSH_FETCH_2 value=00000000
[GPU PACKET] depth=1 addr=10010448 header=C0003600 type=3 opcode=36 count=1 data= 00010081
[GPU DRAW] number=1 initiator=00010081 color_mask=00000000 depth=00000000
[GPU DRAW] masked color/depth, no shader memory exports: no framebuffer writes
[GPU PACKET] depth=1 addr=10010450 header=C0003600 type=3 opcode=36 count=1 data= 00010081
[GPU DRAW] number=2 initiator=00010081 color_mask=00000000 depth=00000000
[GPU DRAW] masked color/depth, no shader memory exports: no framebuffer writes
[GPU PACKET] depth=1 addr=10010458 header=C0003600 type=3 opcode=36 count=1 data= 00010081
[GPU DRAW] number=3 initiator=00010081 color_mask=00000000 depth=00000000
[GPU DRAW] masked color/depth, no shader memory exports: no framebuffer writes
[GPU PACKET] depth=1 addr=10010460 header=C0003600 type=3 opcode=36 count=1 data= 00010081
[GPU DRAW] number=4 initiator=00010081 color_mask=00000000 depth=00000000
[GPU DRAW] masked color/depth, no shader memory exports: no framebuffer writes
[GPU PACKET] depth=1 addr=10010468 header=C0003600 type=3 opcode=36 count=1 data= 00010081
[GPU DRAW] number=5 initiator=00010081 color_mask=00000000 depth=00000000
[GPU DRAW] masked color/depth, no shader memory exports: no framebuffer writes
[GPU PACKET] depth=1 addr=10010470 header=C0003600 type=3 opcode=36 count=1 data= 00010081
[GPU DRAW] number=6 initiator=00010081 color_mask=00000000 depth=00000000
[GPU DRAW] masked color/depth, no shader memory exports: no framebuffer writes
[GPU PACKET] depth=1 addr=10010478 header=C0003600 type=3 opcode=36 count=1 data= 00010081
[GPU DRAW] number=7 initiator=00010081 color_mask=00000000 depth=00000000
[GPU DRAW] masked color/depth, no shader memory exports: no framebuffer writes
[GPU PACKET] depth=1 addr=10010480 header=C0003600 type=3 opcode=36 count=1 data= 00010081
[GPU DRAW] number=8 initiator=00010081 color_mask=00000000 depth=00000000
[GPU DRAW] masked color/depth, no shader memory exports: no framebuffer writes
[GPU PACKET] depth=1 addr=10010488 header=C0003600 type=3 opcode=36 count=1 data= 00010081
[GPU DRAW] number=9 initiator=00010081 color_mask=00000000 depth=00000000
[GPU DRAW] masked color/depth, no shader memory exports: no framebuffer writes
[GPU PACKET] depth=1 addr=10010490 header=C0003600 type=3 opcode=36 count=1 data= 00010081
[GPU DRAW] number=10 initiator=00010081 color_mask=00000000 depth=00000000
[GPU DRAW] masked color/depth, no shader memory exports: no framebuffer writes
[GPU PACKET] depth=1 addr=10010498 header=C0003600 type=3 opcode=36 count=1 data= 00010081
[GPU DRAW] number=11 initiator=00010081 color_mask=00000000 depth=00000000
[GPU DRAW] masked color/depth, no shader memory exports: no framebuffer writes
[GPU PACKET] depth=1 addr=100104A0 header=C0003600 type=3 opcode=36 count=1 data= 00010081
[GPU DRAW] number=12 initiator=00010081 color_mask=00000000 depth=00000000
[GPU DRAW] masked color/depth, no shader memory exports: no framebuffer writes
[GPU PACKET] depth=1 addr=100104A8 header=00054800 type=0 opcode=48 count=6 data= 10049653 1000001E 00000000 00000000 00000000 00000000
[GPU REG] index=4800 SHADER_CONSTANT_FETCH_00_0 value=10049653
[GPU REG] index=4801 SHADER_CONSTANT_FETCH_00_1 value=1000001E
[GPU REG] index=4802 SHADER_CONSTANT_FETCH_00_2 value=00000000
[GPU REG] index=4803 SHADER_CONSTANT_FETCH_00_3 value=00000000
[GPU REG] index=4804 SHADER_CONSTANT_FETCH_00_4 value=00000000
[GPU REG] index=4805 SHADER_CONSTANT_FETCH_00_5 value=00000000
[GPU PACKET] depth=1 addr=100104C4 header=00025000 type=0 opcode=50 count=3 data= 00000000 00000000 00000000
[GPU REG] index=5000 SHADER_CONSTANT_FLUSH_FETCH_0 value=00000000
[GPU REG] index=5001 SHADER_CONSTANT_FLUSH_FETCH_1 value=00000000
[GPU REG] index=5002 SHADER_CONSTANT_FLUSH_FETCH_2 value=00000000
[GPU PACKET] depth=1 addr=100104D4 header=C0003600 type=3 opcode=36 count=1 data= 00010081
[GPU DRAW] number=13 initiator=00010081 color_mask=00000000 depth=00000000
[GPU DRAW] masked color/depth, no shader memory exports: no framebuffer writes
[GPU PACKET] depth=1 addr=100104DC header=C0003600 type=3 opcode=36 count=1 data= 00010081
[GPU DRAW] number=14 initiator=00010081 color_mask=00000000 depth=00000000
[GPU DRAW] masked color/depth, no shader memory exports: no framebuffer writes
[GPU PACKET] depth=1 addr=100104E4 header=C0003600 type=3 opcode=36 count=1 data= 00010081
[GPU DRAW] number=15 initiator=00010081 color_mask=00000000 depth=00000000
[GPU DRAW] masked color/depth, no shader memory exports: no framebuffer writes
[GPU PACKET] depth=1 addr=100104EC header=C0003600 type=3 opcode=36 count=1 data= 00010081
[GPU DRAW] number=16 initiator=00010081 color_mask=00000000 depth=00000000
[GPU DRAW] masked color/depth, no shader memory exports: no framebuffer writes
[GPU PACKET] depth=1 addr=100104F4 header=C0003600 type=3 opcode=36 count=1 data= 00010081
[GPU DRAW] number=17 initiator=00010081 color_mask=00000000 depth=00000000
[GPU DRAW] masked color/depth, no shader memory exports: no framebuffer writes
[GPU PACKET] depth=1 addr=100104FC header=C0003600 type=3 opcode=36 count=1 data= 00010081
[GPU DRAW] number=18 initiator=00010081 color_mask=00000000 depth=00000000
[GPU DRAW] masked color/depth, no shader memory exports: no framebuffer writes
[GPU PACKET] depth=1 addr=10010504 header=C0003600 type=3 opcode=36 count=1 data= 00010081
[GPU DRAW] number=19 initiator=00010081 color_mask=00000000 depth=00000000
[GPU DRAW] masked color/depth, no shader memory exports: no framebuffer writes
[GPU PACKET] depth=1 addr=1001050C header=C0003600 type=3 opcode=36 count=1 data= 00010081
[GPU DRAW] number=20 initiator=00010081 color_mask=00000000 depth=00000000
[GPU DRAW] masked color/depth, no shader memory exports: no framebuffer writes
[GPU PACKET] depth=1 addr=10010514 header=C0003600 type=3 opcode=36 count=1 data= 00010081
[GPU DRAW] number=21 initiator=00010081 color_mask=00000000 depth=00000000
[GPU DRAW] masked color/depth, no shader memory exports: no framebuffer writes
[GPU PACKET] depth=1 addr=1001051C header=C0003600 type=3 opcode=36 count=1 data= 00010081[THREAD WAKE] id=2 object=300032CC status=00000102
[KeGetCurrentProcessType] -> 1 (USER)
[RtlEnterCriticalSection] guest=0x30003DE0
[RtlLeaveCriticalSection] guest=0x30003DE0
[THREAD WAIT] id=2 object=300032CC kind=1 reason=3 alertable=0 timeout_ms=30 LR=8238E21C

[GPU DRAW] number=22 initiator=00010081 color_mask=00000000 depth=00000000
[GPU DRAW] masked color/depth, no shader memory exports: no framebuffer writes
[GPU PACKET] depth=1 addr=10010524 header=C0003600 type=3 opcode=36 count=1 data= 00010081
[GPU DRAW] number=23 initiator=00010081 color_mask=00000000 depth=00000000
[GPU DRAW] masked color/depth, no shader memory exports: no framebuffer writes
[GPU PACKET] depth=1 addr=1001052C header=C0003600 type=3 opcode=36 count=1 data= 00010081
[GPU DRAW] number=24 initiator=00010081 color_mask=00000000 depth=00000000
[GPU DRAW] masked color/depth, no shader memory exports: no framebuffer writes
[GPU PACKET] depth=1 addr=10010534 header=00022080 type=0 opcode=20 count=3 data= 00000000 00000000 00000000
[GPU REG] index=2080 PA_SC_WINDOW_OFFSET value=00000000
[GPU REG] index=2081 PA_SC_WINDOW_SCISSOR_TL value=00000000
[GPU REG] index=2082 PA_SC_WINDOW_SCISSOR_BR value=00000000
[GPU PACKET] depth=1 addr=10010544 header=C0025800 type=3 opcode=58 count=3 data= 00000003 1073C006 10010540
[GPU EVENT] type=3 address=1073C006 value=10010540 packet=10010544
[GPU REG] index=21F9 VGT_EVENT_INITIATOR value=00000003
[GPU MEMORY] physical=1073C004 endian=2 value=10010540
[GPU PACKET] depth=1 addr=10010554 header=C0025800 type=3 opcode=58 count=3 data= 00000003 1073C002 00000003
[GPU EVENT] type=3 address=1073C002 value=00000003 packet=10010554
[GPU REG] index=21F9 VGT_EVENT_INITIATOR value=00000003
[GPU MEMORY] physical=1073C000 endian=2 value=00000003
[GPU CONSUMED] RPTR=00000019 writeback=1073C03C
[KeQueryPerformanceFrequency] 50000000 Hz LR=825AF900
[VdGetGraphicsAsicID] emulated ASIC 0x11 LR=8238D5AC
[KeEnterCriticalRegion] thread=70001000 APC disable=-1
[RtlEnterCriticalSection] guest=0x70006000
[GPU EDRAM] allocated 10 MiB; software storage needs no electrical retraining
[VdRetrainEDRAMWorker] software EDRAM ready
[VdRetrainEDRAM] no hardware training commands required
[RtlLeaveCriticalSection] guest=0x70006000
[KeLeaveCriticalRegion] thread=70001000 APC disable=0; no queued APCs
[VdIsHSIOTrainingSucceeded] software EDRAM ready=1
[RtlEnterCriticalSection] guest=0x82A52D34
[KeGetCurrentProcessType] -> 1 (USER)
[RtlEnterCriticalSection] guest=0x30000610
[RtlLeaveCriticalSection] guest=0x30000610
[RtlLeaveCriticalSection] guest=0x82A52D34
[RtlEnterCriticalSection] guest=0x82A52D34
[KeGetCurrentProcessType] -> 1 (USER)
[RtlEnterCriticalSection] guest=0x30000610
[RtlLeaveCriticalSection] guest=0x30000610
[RtlLeaveCriticalSection] guest=0x82A52D34
[RtlEnterCriticalSection] guest=0x82A52D34
[KeGetCurrentProcessType] -> 1 (USER)
[RtlEnterCriticalSection] guest=0x30000610
[RtlLeaveCriticalSection] guest=0x30000610
[RtlLeaveCriticalSection] guest=0x82A52D34
[RtlEnterCriticalSection] guest=0x82A52D34
[KeGetCurrentProcessType] -> 1 (USER)
[RtlEnterCriticalSection] guest=0x30000610
[RtlLeaveCriticalSection] guest=0x30000610
[RtlLeaveCriticalSection] guest=0x82A52D34
[RtlEnterCriticalSection] guest=0x82A52D34
[MmAllocatePhysicalMemoryEx] guest=0x10740000 size=0x398000 align=0x1000 flags=0x00000404
[RtlLeaveCriticalSection] guest=0x82A52D34
[RtlEnterCriticalSection] guest=0x82A52D34
[KeGetCurrentProcessType] -> 1 (USER)
[RtlEnterCriticalSection] guest=0x30000610
[RtlLeaveCriticalSection] guest=0x30000610
[RtlLeaveCriticalSection] guest=0x82A52D34
[RtlEnterCriticalSection] guest=0x82A52D34
[MmAllocatePhysicalMemoryEx] guest=0x10AD8000 size=0x398000 align=0x1000 flags=0x00000404
[RtlLeaveCriticalSection] guest=0x82A52D34
[RtlEnterCriticalSection] guest=0x82A52D34
[KeGetCurrentProcessType] -> 1 (USER)
[RtlEnterCriticalSection] guest=0x30000610
[RtlLeaveCriticalSection] guest=0x30000610
[RtlLeaveCriticalSection] guest=0x82A52D34
[RtlEnterCriticalSection] guest=0x82A52D34
[MmAllocatePhysicalMemoryEx] guest=0x10E70000 size=0x398000 align=0x1000 flags=0x00000404
[RtlLeaveCriticalSection] guest=0x82A52D34
[RtlEnterCriticalSection] guest=0x82A52D34
[KeGetCurrentProcessType] -> 1 (USER)
[RtlEnterCriticalSection] guest=0x30000610
[RtlLeaveCriticalSection] guest=0x30000610
[RtlLeaveCriticalSection] guest=0x82A52D34
[RtlEnterCriticalSection] guest=0x82A52D34
[KeGetCurrentProcessType] -> 1 (USER)
[RtlEnterCriticalSection] guest=0x30000610
[RtlLeaveCriticalSection] guest=0x30000610
[RtlLeaveCriticalSection] guest=0x82A52D34
[RtlEnterCriticalSection] guest=0x82A52D34
[MmAllocatePhysicalMemoryEx] guest=0x11208000 size=0x398000 align=0x1000 flags=0x00000404
[RtlLeaveCriticalSection] guest=0x82A52D34
[RtlEnterCriticalSection] guest=0x82A52D34
[KeGetCurrentProcessType] -> 1 (USER)
[RtlEnterCriticalSection] guest=0x30000610
[RtlLeaveCriticalSection] guest=0x30000610
[RtlLeaveCriticalSection] guest=0x82A52D34
[RtlEnterCriticalSection] guest=0x82A52D34
[KeGetCurrentProcessType] -> 1 (USER)
[RtlEnterCriticalSection] guest=0x30000610
[RtlLeaveCriticalSection] guest=0x30000610
[RtlLeaveCriticalSection] guest=0x82A52D34
[RtlEnterCriticalSection] guest=0x82A52D34
[KeGetCurrentProcessType] -> 1 (USER)
[RtlEnterCriticalSection] guest=0x30000610
[RtlLeaveCriticalSection] guest=0x30000610
[RtlLeaveCriticalSection] guest=0x82A52D34
[RtlEnterCriticalSection] guest=0x82A52D34
[MmAllocatePhysicalMemoryEx] guest=0x115A0000 size=0x12C000 align=0x1000 flags=0x00000404
[RtlLeaveCriticalSection] guest=0x82A52D34
[RtlEnterCriticalSection] guest=0x82A52D34
[KeGetCurrentProcessType] -> 1 (USER)
[RtlEnterCriticalSection] guest=0x30000610
[RtlLeaveCriticalSection] guest=0x30000610
[RtlLeaveCriticalSection] guest=0x82A52D34
[RtlEnterCriticalSection] guest=0x82A52D34
[MmAllocatePhysicalMemoryEx] guest=0x116CC000 size=0x398000 align=0x1000 flags=0x00000404
[RtlLeaveCriticalSection] guest=0x82A52D34
[RtlEnterCriticalSection] guest=0x82A52D34
[KeGetCurrentProcessType] -> 1 (USER)
[RtlEnterCriticalSection] guest=0x30000610
[RtlLeaveCriticalSection] guest=0x30000610
[RtlLeaveCriticalSection] guest=0x82A52D34
[RtlEnterCriticalSection] guest=0x82A52D34
[MmAllocatePhysicalMemoryEx] guest=0x11A64000 size=0x9C align=0x1000 flags=0x00000004
[RtlLeaveCriticalSection] guest=0x82A52D34
[RtlEnterCriticalSection] guest=0x82A52D34
[KeGetCurrentProcessType] -> 1 (USER)
[RtlEnterCriticalSection] guest=0x30000610
[RtlLeaveCriticalSection] guest=0x30000610
[RtlLeaveCriticalSection] guest=0x82A52D34
[RtlEnterCriticalSection] guest=0x82A52D34
[MmAllocatePhysicalMemoryEx] guest=0x11A65000 size=0x3C align=0x1000 flags=0x00000404
[RtlLeaveCriticalSection] guest=0x82A52D34
[RtlEnterCriticalSection] guest=0x82A52D34
[KeGetCurrentProcessType] -> 1 (USER)
[RtlEnterCriticalSection] guest=0x30000610
[RtlLeaveCriticalSection] guest=0x30000610
[RtlLeaveCriticalSection] guest=0x82A52D34
[RtlEnterCriticalSection] guest=0x82A52D34
[KeGetCurrentProcessType] -> 1 (USER)
[RtlEnterCriticalSection] guest=0x30000610
[RtlLeaveCriticalSection] guest=0x30000610
[RtlLeaveCriticalSection] guest=0x82A52D34
[RtlEnterCriticalSection] guest=0x82A52D34
[MmAllocatePhysicalMemoryEx] guest=0x11A66000 size=0x9C align=0x1000 flags=0x00000004
[RtlLeaveCriticalSection] guest=0x82A52D34
[RtlEnterCriticalSection] guest=0x82A52D34
[KeGetCurrentProcessType] -> 1 (USER)
[RtlEnterCriticalSection] guest=0x30000610
[RtlLeaveCriticalSection] guest=0x30000610
[RtlLeaveCriticalSection] guest=0x82A52D34
[RtlEnterCriticalSection] guest=0x82A52D34
[MmAllocatePhysicalMemoryEx] guest=0x11A67000 size=0x24 align=0x1000 flags=0x00000404
[RtlLeaveCriticalSection] guest=0x82A52D34
[RtlEnterCriticalSection] guest=0x82A52D34
[KeGetCurrentProcessType] -> 1 (USER)
[RtlEnterCriticalSection] guest=0x30000610
[RtlLeaveCriticalSection] guest=0x30000610
[RtlLeaveCriticalSection] guest=0x82A52D34
[RtlEnterCriticalSection] guest=0x82A52D34
[KeGetCurrentProcessType] -> 1 (USER)
[RtlEnterCriticalSection] guest=0x30000610
[RtlLeaveCriticalSection] guest=0x30000610
[RtlLeaveCriticalSection] guest=0x82A52D34
[RtlEnterCriticalSection] guest=0x82A52D34
[MmAllocatePhysicalMemoryEx] guest=0x11A68000 size=0xD8 align=0x1000 flags=0x00000004
[RtlLeaveCriticalSection] guest=0x82A52D34
[RtlEnterCriticalSection] guest=0x82A52D34
[KeGetCurrentProcessType] -> 1 (USER)
[RtlEnterCriticalSection] guest=0x30000610
[RtlLeaveCriticalSection] guest=0x30000610
[RtlLeaveCriticalSection] guest=0x82A52D34
[RtlEnterCriticalSection] guest=0x82A52D34
[MmAllocatePhysicalMemoryEx] guest=0x11A69000 size=0xFC align=0x1000 flags=0x00000404
[RtlLeaveCriticalSection] guest=0x82A52D34
[RtlEnterCriticalSection] guest=0x82A52D34
[KeGetCurrentProcessType] -> 1 (USER)
[RtlEnterCriticalSection] guest=0x30000610
[RtlLeaveCriticalSection] guest=0x30000610
[RtlLeaveCriticalSection] guest=0x82A52D34
[RtlEnterCriticalSection] guest=0x82A52D34
[KeGetCurrentProcessType] -> 1 (USER)
[RtlEnterCriticalSection] guest=0x30000610
[RtlLeaveCriticalSection] guest=0x30000610
[RtlLeaveCriticalSection] guest=0x82A52D34
[RtlEnterCriticalSection] guest=0x82A52D34
[MmAllocatePhysicalMemoryEx] guest=0x11A6A000 size=0xD8 align=0x1000 flags=0x00000004
[RtlLeaveCriticalSection] guest=0x82A52D34
[RtlEnterCriticalSection] guest=0x82A52D34
[KeGetCurrentProcessType] -> 1 (USER)
[RtlEnterCriticalSection] guest=0x30000610
[RtlLeaveCriticalSection] guest=0x30000610
[RtlLeaveCriticalSection] guest=0x82A52D34
[RtlEnterCriticalSection] guest=0x82A52D34
[MmAllocatePhysicalMemoryEx] guest=0x11A6B000 size=0xCC align=0x1000 flags=0x00000404
[RtlLeaveCriticalSection] guest=0x82A52D34
[RtlEnterCriticalSection] guest=0x82A52D34
[KeGetCurrentProcessType] -> 1 (USER)
[RtlEnterCriticalSection] guest=0x30000610
[RtlLeaveCriticalSection] guest=0x30000610
[RtlLeaveCriticalSection] guest=0x82A52D34
[RtlEnterCriticalSection] guest=0x82A52D34
[KeGetCurrentProcessType] -> 1 (USER)
[RtlEnterCriticalSection] guest=0x30000610
[RtlLeaveCriticalSection] guest=0x30000610
[RtlLeaveCriticalSection] guest=0x82A52D34
[RtlEnterCriticalSection] guest=0x82A52D34
[MmAllocatePhysicalMemoryEx] guest=0x11A6C000 size=0x24C align=0x1000 flags=0x00000004
[RtlLeaveCriticalSection] guest=0x82A52D34
[RtlEnterCriticalSection] guest=0x82A52D34
[KeGetCurrentProcessType] -> 1 (USER)
[RtlEnterCriticalSection] guest=0x30000610
[RtlLeaveCriticalSection] guest=0x30000610
[RtlLeaveCriticalSection] guest=0x82A52D34
[RtlEnterCriticalSection] guest=0x82A52D34
[MmAllocatePhysicalMemoryEx] guest=0x11A6D000 size=0x168 align=0x1000 flags=0x00000404
[RtlLeaveCriticalSection] guest=0x82A52D34
[RtlEnterCriticalSection] guest=0x82A52D34
[KeGetCurrentProcessType] -> 1 (USER)
[RtlEnterCriticalSection] guest=0x30000610
[RtlLeaveCriticalSection] guest=0x30000610
[RtlLeaveCriticalSection] guest=0x82A52D34
[RtlEnterCriticalSection] guest=0x82A52D34
[KeGetCurrentProcessType] -> 1 (USER)
[RtlEnterCriticalSection] guest=0x30000610
[RtlLeaveCriticalSection] guest=0x30000610
[RtlLeaveCriticalSection] guest=0x82A52D34
[RtlEnterCriticalSection] guest=0x82A52D34
[MmAllocatePhysicalMemoryEx] guest=0x11A6E000 size=0x390 align=0x1000 flags=0x00000004
[RtlLeaveCriticalSection] guest=0x82A52D34
[RtlEnterCriticalSection] guest=0x82A52D34
[KeGetCurrentProcessType] -> 1 (USER)
[RtlEnterCriticalSection] guest=0x30000610
[RtlLeaveCriticalSection] guest=0x30000610
[RtlLeaveCriticalSection] guest=0x82A52D34
[RtlEnterCriticalSection] guest=0x82A52D34
[MmAllocatePhysicalMemoryEx] guest=0x11A6F000 size=0x168 align=0x1000 flags=0x00000404
[RtlLeaveCriticalSection] guest=0x82A52D34
[RtlEnterCriticalSection] guest=0x82A52D34
[KeGetCurrentProcessType] -> 1 (USER)
[RtlEnterCriticalSection] guest=0x30000610
[RtlLeaveCriticalSection] guest=0x30000610
[RtlLeaveCriticalSection] guest=0x82A52D34
[RtlEnterCriticalSection] guest=0x82A52D34
[KeGetCurrentProcessType] -> 1 (USER)
[RtlEnterCriticalSection] guest=0x30000610
[RtlLeaveCriticalSection] guest=0x30000610
[RtlLeaveCriticalSection] guest=0x82A52D34
[RtlEnterCriticalSection] guest=0x82A52D34
[MmAllocatePhysicalMemoryEx] guest=0x11A70000 size=0x240 align=0x1000 flags=0x00000004
[RtlLeaveCriticalSection] guest=0x82A52D34
[RtlEnterCriticalSection] guest=0x82A52D34
[KeGetCurrentProcessType] -> 1 (USER)
[RtlEnterCriticalSection] guest=0x30000610
[RtlLeaveCriticalSection] guest=0x30000610
[RtlLeaveCriticalSection] guest=0x82A52D34
[RtlEnterCriticalSection] guest=0x82A52D34
[MmAllocatePhysicalMemoryEx] guest=0x11A71000 size=0x5B8 align=0x1000 flags=0x00000404
[RtlLeaveCriticalSection] guest=0x82A52D34
[RtlEnterCriticalSection] guest=0x82A52D34
[KeGetCurrentProcessType] -> 1 (USER)
[RtlEnterCriticalSection] guest=0x30000610
[RtlLeaveCriticalSection] guest=0x30000610
[RtlLeaveCriticalSection] guest=0x82A52D34
[RtlEnterCriticalSection] guest=0x82A52D34
[KeGetCurrentProcessType] -> 1 (USER)
[RtlEnterCriticalSection] guest=0x30000610
[RtlLeaveCriticalSection] guest=0x30000610
[RtlLeaveCriticalSection] guest=0x82A52D34
[RtlEnterCriticalSection] guest=0x82A52D34
[MmAllocatePhysicalMemoryEx] guest=0x11A72000 size=0x3A8 align=0x1000 flags=0x00000004
[RtlLeaveCriticalSection] guest=0x82A52D34
[RtlEnterCriticalSection] guest=0x82A52D34
[KeGetCurrentProcessType] -> 1 (USER)
[RtlEnterCriticalSection] guest=0x30000610
[RtlLeaveCriticalSection] guest=0x30000610
[RtlLeaveCriticalSection] guest=0x82A52D34
[RtlEnterCriticalSection] guest=0x82A52D34
[MmAllocatePhysicalMemoryEx] guest=0x11A73000 size=0x5B8 align=0x1000 flags=0x00000404
[RtlLeaveCriticalSection] guest=0x82A52D34
[RtlEnterCriticalSection] guest=0x82A52D34
[KeGetCurrentProcessType] -> 1 (USER)
[RtlEnterCriticalSection] guest=0x30000610
[RtlLeaveCriticalSection] guest=0x30000610
[RtlLeaveCriticalSection] guest=0x82A52D34
[RtlEnterCriticalSection] guest=0x82A52D34
[KeGetCurrentProcessType] -> 1 (USER)
[RtlEnterCriticalSection] guest=0x30000610
[RtlLeaveCriticalSection] guest=0x30000610
[RtlLeaveCriticalSection] guest=0x82A52D34
[RtlEnterCriticalSection] guest=0x82A52D34
[MmAllocatePhysicalMemoryEx] guest=0x11A74000 size=0x24C align=0x1000 flags=0x00000004
[RtlLeaveCriticalSection] guest=0x82A52D34
[RtlEnterCriticalSection] guest=0x82A52D34
[KeGetCurrentProcessType] -> 1 (USER)
[RtlEnterCriticalSection] guest=0x30000610
[RtlLeaveCriticalSection] guest=0x30000610
[RtlLeaveCriticalSection] guest=0x82A52D34
[RtlEnterCriticalSection] guest=0x82A52D34
[MmAllocatePhysicalMemoryEx] guest=0x11A75000 size=0x5AC align=0x1000 flags=0x00000404
[RtlLeaveCriticalSection] guest=0x82A52D34
[RtlEnterCriticalSection] guest=0x82A52D34
[KeGetCurrentProcessType] -> 1 (USER)
[RtlEnterCriticalSection] guest=0x30000610
[RtlLeaveCriticalSection] guest=0x30000610
[RtlLeaveCriticalSection] guest=0x82A52D34
[RtlEnterCriticalSection] guest=0x82A52D34
[KeGetCurrentProcessType] -> 1 (USER)
[RtlEnterCriticalSection] guest=0x30000610
[RtlLeaveCriticalSection] guest=0x30000610
[RtlLeaveCriticalSection] guest=0x82A52D34
[RtlEnterCriticalSection] guest=0x82A52D34
[MmAllocatePhysicalMemoryEx] guest=0x11A76000 size=0x390 align=0x1000 flags=0x00000004
[RtlLeaveCriticalSection] guest=0x82A52D34
[RtlEnterCriticalSection] guest=0x82A52D34
[KeGetCurrentProcessType] -> 1 (USER)
[RtlEnterCriticalSection] guest=0x30000610
[RtlLeaveCriticalSection] guest=0x30000610
[RtlLeaveCriticalSection] guest=0x82A52D34
[RtlEnterCriticalSection] guest=0x82A52D34
[MmAllocatePhysicalMemoryEx] guest=0x11A77000 size=0x5AC align=0x1000 flags=0x00000404
[RtlLeaveCriticalSection] guest=0x82A52D34
[RtlEnterCriticalSection] guest=0x82A52D34
[KeGetCurrentProcessType] -> 1 (USER)
[RtlEnterCriticalSection] guest=0x30000610
[RtlLeaveCriticalSection] guest=0x30000610
[RtlLeaveCriticalSection] guest=0x82A52D34
[RtlEnterCriticalSection] guest=0x82A52D34
[KeGetCurrentProcessType] -> 1 (USER)
[RtlEnterCriticalSection] guest=0x30000610
[RtlLeaveCriticalSection] guest=0x30000610
[RtlLeaveCriticalSection] guest=0x82A52D34
[RtlEnterCriticalSection] guest=0x82A52D34
[MmAllocatePhysicalMemoryEx] guest=0x11A78000 size=0x180 align=0x1000 flags=0x00000004
[RtlLeaveCriticalSection] guest=0x82A52D34
[RtlEnterCriticalSection] guest=0x82A52D34
[KeGetCurrentProcessType] -> 1 (USER)
[RtlEnterCriticalSection] guest=0x30000610
[RtlLeaveCriticalSection] guest=0x30000610
[RtlLeaveCriticalSection] guest=0x82A52D34
[RtlEnterCriticalSection] guest=0x82A52D34
[MmAllocatePhysicalMemoryEx] guest=0x11A79000 size=0x300 align=0x1000 flags=0x00000404
[RtlLeaveCriticalSection] guest=0x82A52D34
[RtlEnterCriticalSection] guest=0x82A52D34
[KeGetCurrentProcessType] -> 1 (USER)
[RtlEnterCriticalSection] guest=0x30000610
[RtlLeaveCriticalSection] guest=0x30000610
[RtlLeaveCriticalSection] guest=0x82A52D34
[RtlEnterCriticalSection] guest=0x82A52D34
[KeGetCurrentProcessType] -> 1 (USER)
[RtlEnterCriticalSection] guest=0x30000610
[RtlLeaveCriticalSection] guest=0x30000610
[RtlLeaveCriticalSection] guest=0x82A52D34
[RtlEnterCriticalSection] guest=0x82A52D34
[MmAllocatePhysicalMemoryEx] guest=0x11A7A000 size=0x2D0 align=0x1000 flags=0x00000004
[RtlLeaveCriticalSection] guest=0x82A52D34
[RtlEnterCriticalSection] guest=0x82A52D34
[KeGetCurrentProcessType] -> 1 (USER)
[RtlEnterCriticalSection] guest=0x30000610
[RtlLeaveCriticalSection] guest=0x30000610
[RtlLeaveCriticalSection] guest=0x82A52D34
[RtlEnterCriticalSection] guest=0x82A52D34
[MmAllocatePhysicalMemoryEx] guest=0x11A7B000 size=0x300 align=0x1000 flags=0x00000404
[RtlLeaveCriticalSection] guest=0x82A52D34
[RtlEnterCriticalSection] guest=0x82A52D34
[KeGetCurrentProcessType] -> 1 (USER)
[RtlEnterCriticalSection] guest=0x30000610
[RtlLeaveCriticalSection] guest=0x30000610
[RtlLeaveCriticalSection] guest=0x82A52D34
[RtlEnterCriticalSection] guest=0x82A52D34
[KeGetCurrentProcessType] -> 1 (USER)
[RtlEnterCriticalSection] guest=0x30000610
[RtlLeaveCriticalSection] guest=0x30000610
[RtlLeaveCriticalSection] guest=0x82A52D34
[RtlEnterCriticalSection] guest=0x82A52D34
[MmAllocatePhysicalMemoryEx] guest=0x11A7C000 size=0x1B0 align=0x1000 flags=0x00000004
[RtlLeaveCriticalSection] guest=0x82A52D34
[RtlEnterCriticalSection] guest=0x82A52D34
[KeGetCurrentProcessType] -> 1 (USER)
[RtlEnterCriticalSection] guest=0x30000610
[RtlLeaveCriticalSection] guest=0x30000610
[RtlLeaveCriticalSection] guest=0x82A52D34
[RtlEnterCriticalSection] guest=0x82A52D34
[MmAllocatePhysicalMemoryEx] guest=0x11A7D000 size=0x18C align=0x1000 flags=0x00000404
[RtlLeaveCriticalSection] guest=0x82A52D34
[RtlEnterCriticalSection] guest=0x82A52D34
[KeGetCurrentProcessType] -> 1 (USER)
[RtlEnterCriticalSection] guest=0x30000610
[RtlLeaveCriticalSection] guest=0x30000610
[RtlLeaveCriticalSection] guest=0x82A52D34
[RtlEnterCriticalSection] guest=0x82A52D34
[KeGetCurrentProcessType] -> 1 (USER)
[RtlEnterCriticalSection] guest=0x30000610
[RtlLeaveCriticalSection] guest=0x30000610
[RtlLeaveCriticalSection] guest=0x82A52D34
[RtlEnterCriticalSection] guest=0x82A52D34
[MmAllocatePhysicalMemoryEx] guest=0x11A7E000 size=0x30C align=0x1000 flags=0x00000004
[RtlLeaveCriticalSection] guest=0x82A52D34
[RtlEnterCriticalSection] guest=0x82A52D34
[KeGetCurrentProcessType] -> 1 (USER)
[RtlEnterCriticalSection] guest=0x30000610
[RtlLeaveCriticalSection] guest=0x30000610
[RtlLeaveCriticalSection] guest=0x82A52D34
[RtlEnterCriticalSection] guest=0x82A52D34
[MmAllocatePhysicalMemoryEx] guest=0x11A7F000 size=0x18C align=0x1000 flags=0x00000404
[RtlLeaveCriticalSection] guest=0x82A52D34
[RtlEnterCriticalSection] guest=0x82A52D34
[KeGetCurrentProcessType] -> 1 (USER)
[RtlEnterCriticalSection] guest=0x30000610
[RtlLeaveCriticalSection] guest=0x30000610
[RtlLeaveCriticalSection] guest=0x82A52D34
[RtlEnterCriticalSection] guest=0x82A52D34
[KeGetCurrentProcessType] -> 1 (USER)
[RtlEnterCriticalSection] guest=0x30000610
[RtlLeaveCriticalSection] guest=0x30000610
[RtlLeaveCriticalSection] guest=0x82A52D34
[RtlEnterCriticalSection] guest=0x82A52D34
[MmAllocatePhysicalMemoryEx] guest=0x11A80000 size=0xCC align=0x1000 flags=0x00000004
[RtlLeaveCriticalSection] guest=0x82A52D34
[THREAD WAKE] id=2 object=300032CC status=00000102
[KeGetCurrentProcessType] -> 1 (USER)
[RtlEnterCriticalSection] guest=0x30003DE0
[RtlLeaveCriticalSection] guest=0x30003DE0
[THREAD WAIT] id=2 object=300032CC kind=1 reason=3 alertable=0 timeout_ms=30 LR=8238E21C
[RtlEnterCriticalSection] guest=0x82A52D34
[KeGetCurrentProcessType] -> 1 (USER)
[RtlEnterCriticalSection] guest=0x30000610
[RtlLeaveCriticalSection] guest=0x30000610
[RtlLeaveCriticalSection] guest=0x82A52D34
[RtlEnterCriticalSection] guest=0x82A52D34
[MmAllocatePhysicalMemoryEx] guest=0x11A81000 size=0xF0 align=0x1000 flags=0x00000404
[RtlLeaveCriticalSection] guest=0x82A52D34
[RtlEnterCriticalSection] guest=0x82A52D34
[KeGetCurrentProcessType] -> 1 (USER)
[RtlEnterCriticalSection] guest=0x30000610
[RtlLeaveCriticalSection] guest=0x30000610
[RtlLeaveCriticalSection] guest=0x82A52D34
[RtlEnterCriticalSection] guest=0x82A52D34
[KeGetCurrentProcessType] -> 1 (USER)
[RtlEnterCriticalSection] guest=0x30000610
[RtlLeaveCriticalSection] guest=0x30000610
[RtlLeaveCriticalSection] guest=0x82A52D34
[RtlEnterCriticalSection] guest=0x82A52D34
[MmAllocatePhysicalMemoryEx] guest=0x11A82000 size=0x18C align=0x1000 flags=0x00000004
[RtlLeaveCriticalSection] guest=0x82A52D34
[RtlEnterCriticalSection] guest=0x82A52D34
[KeGetCurrentProcessType] -> 1 (USER)
[RtlEnterCriticalSection] guest=0x30000610
[RtlLeaveCriticalSection] guest=0x30000610
[RtlLeaveCriticalSection] guest=0x82A52D34
[RtlEnterCriticalSection] guest=0x82A52D34
[MmAllocatePhysicalMemoryEx] guest=0x11A83000 size=0xF0 align=0x1000 flags=0x00000404
[RtlLeaveCriticalSection] guest=0x82A52D34
[RtlEnterCriticalSection] guest=0x82A52D34
[KeGetCurrentProcessType] -> 1 (USER)
[RtlEnterCriticalSection] guest=0x30000610
[RtlLeaveCriticalSection] guest=0x30000610
[RtlLeaveCriticalSection] guest=0x82A52D34
[RtlEnterCriticalSection] guest=0x82A52D34
[KeGetCurrentProcessType] -> 1 (USER)
[RtlEnterCriticalSection] guest=0x30000610
[RtlLeaveCriticalSection] guest=0x30000610
[RtlLeaveCriticalSection] guest=0x82A52D34
[RtlEnterCriticalSection] guest=0x82A52D34
[MmAllocatePhysicalMemoryEx] guest=0x11A84000 size=0x1B0 align=0x1000 flags=0x00000004
[RtlLeaveCriticalSection] guest=0x82A52D34
[RtlEnterCriticalSection] guest=0x82A52D34
[KeGetCurrentProcessType] -> 1 (USER)
[RtlEnterCriticalSection] guest=0x30000610
[RtlLeaveCriticalSection] guest=0x30000610
[RtlLeaveCriticalSection] guest=0x82A52D34
[RtlEnterCriticalSection] guest=0x82A52D34
[MmAllocatePhysicalMemoryEx] guest=0x11A85000 size=0x288 align=0x1000 flags=0x00000404
[RtlLeaveCriticalSection] guest=0x82A52D34
[RtlEnterCriticalSection] guest=0x82A52D34
[KeGetCurrentProcessType] -> 1 (USER)
[RtlEnterCriticalSection] guest=0x30000610
[RtlLeaveCriticalSection] guest=0x30000610
[RtlLeaveCriticalSection] guest=0x82A52D34
[RtlEnterCriticalSection] guest=0x82A52D34
[KeGetCurrentProcessType] -> 1 (USER)
[RtlEnterCriticalSection] guest=0x30000610
[RtlLeaveCriticalSection] guest=0x30000610
[RtlLeaveCriticalSection] guest=0x82A52D34
[RtlEnterCriticalSection] guest=0x82A52D34
[MmAllocatePhysicalMemoryEx] guest=0x11A86000 size=0x1B0 align=0x1000 flags=0x00000004
[RtlLeaveCriticalSection] guest=0x82A52D34
[RtlEnterCriticalSection] guest=0x82A52D34
[KeGetCurrentProcessType] -> 1 (USER)
[RtlEnterCriticalSection] guest=0x30000610
[RtlLeaveCriticalSection] guest=0x30000610
[RtlLeaveCriticalSection] guest=0x82A52D34
[RtlEnterCriticalSection] guest=0x82A52D34
[MmAllocatePhysicalMemoryEx] guest=0x11A87000 size=0x2F4 align=0x1000 flags=0x00000404
[RtlLeaveCriticalSection] guest=0x82A52D34
[RtlEnterCriticalSection] guest=0x82A52D34
[KeGetCurrentProcessType] -> 1 (USER)
[RtlEnterCriticalSection] guest=0x30000610
[RtlLeaveCriticalSection] guest=0x30000610
[RtlLeaveCriticalSection] guest=0x82A52D34
[RtlEnterCriticalSection] guest=0x82A52D34
[KeGetCurrentProcessType] -> 1 (USER)
[RtlEnterCriticalSection] guest=0x30000610
[RtlLeaveCriticalSection] guest=0x30000610
[RtlLeaveCriticalSection] guest=0x82A52D34
[RtlEnterCriticalSection] guest=0x82A52D34
[MmAllocatePhysicalMemoryEx] guest=0x11A88000 size=0x30C align=0x1000 flags=0x00000004
[RtlLeaveCriticalSection] guest=0x82A52D34
[RtlEnterCriticalSection] guest=0x82A52D34
[KeGetCurrentProcessType] -> 1 (USER)
[RtlEnterCriticalSection] guest=0x30000610
[RtlLeaveCriticalSection] guest=0x30000610
[RtlLeaveCriticalSection] guest=0x82A52D34
[RtlEnterCriticalSection] guest=0x82A52D34
[MmAllocatePhysicalMemoryEx] guest=0x11A89000 size=0x288 align=0x1000 flags=0x00000404
[RtlLeaveCriticalSection] guest=0x82A52D34
[RtlEnterCriticalSection] guest=0x82A52D34
[KeGetCurrentProcessType] -> 1 (USER)
[RtlEnterCriticalSection] guest=0x30000610
[RtlLeaveCriticalSection] guest=0x30000610
[RtlLeaveCriticalSection] guest=0x82A52D34
[RtlEnterCriticalSection] guest=0x82A52D34
[KeGetCurrentProcessType] -> 1 (USER)
[RtlEnterCriticalSection] guest=0x30000610
[RtlLeaveCriticalSection] guest=0x30000610
[RtlLeaveCriticalSection] guest=0x82A52D34
[RtlEnterCriticalSection] guest=0x82A52D34
[MmAllocatePhysicalMemoryEx] guest=0x11A8A000 size=0x30C align=0x1000 flags=0x00000004
[RtlLeaveCriticalSection] guest=0x82A52D34
[RtlEnterCriticalSection] guest=0x82A52D34
[KeGetCurrentProcessType] -> 1 (USER)
[RtlEnterCriticalSection] guest=0x30000610
[RtlLeaveCriticalSection] guest=0x30000610
[RtlLeaveCriticalSection] guest=0x82A52D34
[RtlEnterCriticalSection] guest=0x82A52D34
[MmAllocatePhysicalMemoryEx] guest=0x11A8B000 size=0x2F4 align=0x1000 flags=0x00000404
[RtlLeaveCriticalSection] guest=0x82A52D34
[RtlEnterCriticalSection] guest=0x82A52D34
[KeGetCurrentProcessType] -> 1 (USER)
[RtlEnterCriticalSection] guest=0x30000610
[RtlLeaveCriticalSection] guest=0x30000610
[RtlLeaveCriticalSection] guest=0x82A52D34
[RtlEnterCriticalSection] guest=0x82A52D34
[KeGetCurrentProcessType] -> 1 (USER)
[RtlEnterCriticalSection] guest=0x30000610
[NtAllocateVirtualMemory] base*=0x30010000 size*=0x00010000 type=0x60001000 protect=0x00000004 r7=0x00000000
  COMMIT guest=0x30010000 host=000002CB1F380000 size=0x10000
[RtlLeaveCriticalSection] guest=0x30000610
[RtlLeaveCriticalSection] guest=0x82A52D34
[RtlEnterCriticalSection] guest=0x82A52D34
[MmAllocatePhysicalMemoryEx] guest=0x11A8C000 size=0x30C align=0x1000 flags=0x00000004
[RtlLeaveCriticalSection] guest=0x82A52D34
[RtlEnterCriticalSection] guest=0x82A52D34
[KeGetCurrentProcessType] -> 1 (USER)
[RtlEnterCriticalSection] guest=0x30000610
[RtlLeaveCriticalSection] guest=0x30000610
[RtlLeaveCriticalSection] guest=0x82A52D34
[RtlEnterCriticalSection] guest=0x82A52D34
[MmAllocatePhysicalMemoryEx] guest=0x11A8D000 size=0x33C align=0x1000 flags=0x00000404
[RtlLeaveCriticalSection] guest=0x82A52D34
[RtlEnterCriticalSection] guest=0x82A52D34
[KeGetCurrentProcessType] -> 1 (USER)
[RtlEnterCriticalSection] guest=0x30000610
[RtlLeaveCriticalSection] guest=0x30000610
[RtlLeaveCriticalSection] guest=0x82A52D34
[RtlEnterCriticalSection] guest=0x82A52D34
[KeGetCurrentProcessType] -> 1 (USER)
[RtlEnterCriticalSection] guest=0x30000610
[RtlLeaveCriticalSection] guest=0x30000610
[RtlLeaveCriticalSection] guest=0x82A52D34
[RtlEnterCriticalSection] guest=0x82A52D34
[MmAllocatePhysicalMemoryEx] guest=0x11A8E000 size=0x1B0 align=0x1000 flags=0x00000004
[RtlLeaveCriticalSection] guest=0x82A52D34
[RtlEnterCriticalSection] guest=0x82A52D34
[KeGetCurrentProcessType] -> 1 (USER)
[RtlEnterCriticalSection] guest=0x30000610
[RtlLeaveCriticalSection] guest=0x30000610
[RtlLeaveCriticalSection] guest=0x82A52D34
[RtlEnterCriticalSection] guest=0x82A52D34
[MmAllocatePhysicalMemoryEx] guest=0x11A8F000 size=0x33C align=0x1000 flags=0x00000404
[RtlLeaveCriticalSection] guest=0x82A52D34
[RtlEnterCriticalSection] guest=0x82A52D34
[KeGetCurrentProcessType] -> 1 (USER)
[RtlEnterCriticalSection] guest=0x30000610
[RtlLeaveCriticalSection] guest=0x30000610
[RtlLeaveCriticalSection] guest=0x82A52D34
[RtlEnterCriticalSection] guest=0x82A52D34
[KeGetCurrentProcessType] -> 1 (USER)
[RtlEnterCriticalSection] guest=0x30000610
[RtlLeaveCriticalSection] guest=0x30000610
[RtlLeaveCriticalSection] guest=0x82A52D34
[RtlEnterCriticalSection] guest=0x82A52D34
[MmAllocatePhysicalMemoryEx] guest=0x11A90000 size=0x288 align=0x1000 flags=0x00000004
[RtlLeaveCriticalSection] guest=0x82A52D34
[RtlEnterCriticalSection] guest=0x82A52D34
[KeGetCurrentProcessType] -> 1 (USER)
[RtlEnterCriticalSection] guest=0x30000610
[RtlLeaveCriticalSection] guest=0x30000610
[RtlLeaveCriticalSection] guest=0x82A52D34
[RtlEnterCriticalSection] guest=0x82A52D34
[MmAllocatePhysicalMemoryEx] guest=0x11A91000 size=0x3E4 align=0x1000 flags=0x00000404
[RtlLeaveCriticalSection] guest=0x82A52D34
[RtlEnterCriticalSection] guest=0x82A52D34
[KeGetCurrentProcessType] -> 1 (USER)
[RtlEnterCriticalSection] guest=0x30000610
[RtlLeaveCriticalSection] guest=0x30000610
[RtlLeaveCriticalSection] guest=0x82A52D34
[RtlEnterCriticalSection] guest=0x82A52D34
[KeGetCurrentProcessType] -> 1 (USER)
[RtlEnterCriticalSection] guest=0x30000610
[RtlLeaveCriticalSection] guest=0x30000610
[RtlLeaveCriticalSection] guest=0x82A52D34
[RtlEnterCriticalSection] guest=0x82A52D34
[MmAllocatePhysicalMemoryEx] guest=0x11A92000 size=0x138 align=0x1000 flags=0x00000004
[RtlLeaveCriticalSection] guest=0x82A52D34
[RtlEnterCriticalSection] guest=0x82A52D34
[KeGetCurrentProcessType] -> 1 (USER)
[RtlEnterCriticalSection] guest=0x30000610
[RtlLeaveCriticalSection] guest=0x30000610
[RtlLeaveCriticalSection] guest=0x82A52D34
[RtlEnterCriticalSection] guest=0x82A52D34
[MmAllocatePhysicalMemoryEx] guest=0x11A93000 size=0x3E4 align=0x1000 flags=0x00000404
[RtlLeaveCriticalSection] guest=0x82A52D34
[RtlEnterCriticalSection] guest=0x82A52D34
[KeGetCurrentProcessType] -> 1 (USER)
[RtlEnterCriticalSection] guest=0x30000610
[RtlLeaveCriticalSection] guest=0x30000610
[RtlLeaveCriticalSection] guest=0x82A52D34
[RtlEnterCriticalSection] guest=0x82A52D34
[KeGetCurrentProcessType] -> 1 (USER)
[RtlEnterCriticalSection] guest=0x30000610
[RtlLeaveCriticalSection] guest=0x30000610
[RtlLeaveCriticalSection] guest=0x82A52D34
[RtlEnterCriticalSection] guest=0x82A52D34
[MmAllocatePhysicalMemoryEx] guest=0x11A94000 size=0x2DC align=0x1000 flags=0x00000004
[RtlLeaveCriticalSection] guest=0x82A52D34
[RtlEnterCriticalSection] guest=0x82A52D34
[KeGetCurrentProcessType] -> 1 (USER)
[RtlEnterCriticalSection] guest=0x30000610
[RtlLeaveCriticalSection] guest=0x30000610
[RtlLeaveCriticalSection] guest=0x82A52D34
[RtlEnterCriticalSection] guest=0x82A52D34
[MmAllocatePhysicalMemoryEx] guest=0x11A95000 size=0x480 align=0x1000 flags=0x00000404
[RtlLeaveCriticalSection] guest=0x82A52D34
[RtlEnterCriticalSection] guest=0x82A52D34
[KeGetCurrentProcessType] -> 1 (USER)
[RtlEnterCriticalSection] guest=0x30000610
[RtlLeaveCriticalSection] guest=0x30000610
[RtlLeaveCriticalSection] guest=0x82A52D34
[RtlEnterCriticalSection] guest=0x82A52D34
[KeGetCurrentProcessType] -> 1 (USER)
[RtlEnterCriticalSection] guest=0x30000610
[RtlLeaveCriticalSection] guest=0x30000610
[RtlLeaveCriticalSection] guest=0x82A52D34
[RtlEnterCriticalSection] guest=0x82A52D34
[MmAllocatePhysicalMemoryEx] guest=0x11A96000 size=0x18C align=0x1000 flags=0x00000004
[RtlLeaveCriticalSection] guest=0x82A52D34
[RtlEnterCriticalSection] guest=0x82A52D34
[KeGetCurrentProcessType] -> 1 (USER)
[RtlEnterCriticalSection] guest=0x30000610
[RtlLeaveCriticalSection] guest=0x30000610
[RtlLeaveCriticalSection] guest=0x82A52D34
[RtlEnterCriticalSection] guest=0x82A52D34
[MmAllocatePhysicalMemoryEx] guest=0x11A97000 size=0x480 align=0x1000 flags=0x00000404
[RtlLeaveCriticalSection] guest=0x82A52D34
[RtlEnterCriticalSection] guest=0x82A52D34
[KeGetCurrentProcessType] -> 1 (USER)
[RtlEnterCriticalSection] guest=0x30000610
[RtlLeaveCriticalSection] guest=0x30000610
[RtlLeaveCriticalSection] guest=0x82A52D34
[RtlEnterCriticalSection] guest=0x82A52D34
[KeGetCurrentProcessType] -> 1 (USER)
[RtlEnterCriticalSection] guest=0x30000610
[RtlLeaveCriticalSection] guest=0x30000610
[RtlLeaveCriticalSection] guest=0x82A52D34
[RtlEnterCriticalSection] guest=0x82A52D34
[MmAllocatePhysicalMemoryEx] guest=0x11A98000 size=0x15C align=0x1000 flags=0x00000004
[RtlLeaveCriticalSection] guest=0x82A52D34
[RtlEnterCriticalSection] guest=0x82A52D34
[KeGetCurrentProcessType] -> 1 (USER)
[RtlEnterCriticalSection] guest=0x30000610
[RtlLeaveCriticalSection] guest=0x30000610
[RtlLeaveCriticalSection] guest=0x82A52D34
[RtlEnterCriticalSection] guest=0x82A52D34
[MmAllocatePhysicalMemoryEx] guest=0x11A99000 size=0xE4 align=0x1000 flags=0x00000404
[RtlLeaveCriticalSection] guest=0x82A52D34
[RtlEnterCriticalSection] guest=0x82A52D34
[KeGetCurrentProcessType] -> 1 (USER)
[RtlEnterCriticalSection] guest=0x30000610
[RtlLeaveCriticalSection] guest=0x30000610
[RtlLeaveCriticalSection] guest=0x82A52D34
[RtlEnterCriticalSection] guest=0x82A52D34
[KeGetCurrentProcessType] -> 1 (USER)
[RtlEnterCriticalSection] guest=0x30000610
[RtlLeaveCriticalSection] guest=0x30000610
[RtlLeaveCriticalSection] guest=0x82A52D34
[RtlEnterCriticalSection] guest=0x82A52D34
[MmAllocatePhysicalMemoryEx] guest=0x11A9A000 size=0x2AC align=0x1000 flags=0x00000004
[RtlLeaveCriticalSection] guest=0x82A52D34
[RtlEnterCriticalSection] guest=0x82A52D34
[KeGetCurrentProcessType] -> 1 (USER)
[RtlEnterCriticalSection] guest=0x30000610
[RtlLeaveCriticalSection] guest=0x30000610
[RtlLeaveCriticalSection] guest=0x82A52D34
[RtlEnterCriticalSection] guest=0x82A52D34
[MmAllocatePhysicalMemoryEx] guest=0x11A9B000 size=0xE4 align=0x1000 flags=0x00000404
[RtlLeaveCriticalSection] guest=0x82A52D34
[RtlEnterCriticalSection] guest=0x82A52D34
[KeGetCurrentProcessType] -> 1 (USER)
[RtlEnterCriticalSection] guest=0x30000610
[RtlLeaveCriticalSection] guest=0x30000610
[RtlLeaveCriticalSection] guest=0x82A52D34
[RtlEnterCriticalSection] guest=0x82A52D34
[KeGetCurrentProcessType] -> 1 (USER)
[RtlEnterCriticalSection] guest=0x30000610
[RtlLeaveCriticalSection] guest=0x30000610
[RtlLeaveCriticalSection] guest=0x82A52D34
[RtlEnterCriticalSection] guest=0x82A52D34
[MmAllocatePhysicalMemoryEx] guest=0x11A9C000 size=0x174 align=0x1000 flags=0x00000004
[RtlLeaveCriticalSection] guest=0x82A52D34
[RtlEnterCriticalSection] guest=0x82A52D34
[KeGetCurrentProcessType] -> 1 (USER)
[RtlEnterCriticalSection] guest=0x30000610
[RtlLeaveCriticalSection] guest=0x30000610
[RtlLeaveCriticalSection] guest=0x82A52D34
[RtlEnterCriticalSection] guest=0x82A52D34
[MmAllocatePhysicalMemoryEx] guest=0x11A9D000 size=0x30C align=0x1000 flags=0x00000404
[RtlLeaveCriticalSection] guest=0x82A52D34
[THREAD WAKE] id=2 object=300032CC status=00000102
[KeGetCurrentProcessType] -> 1 (USER)
[RtlEnterCriticalSection] guest=0x30003DE0
[RtlLeaveCriticalSection] guest=0x30003DE0
[THREAD WAIT] id=2 object=300032CC kind=1 reason=3 alertable=0 timeout_ms=30 LR=8238E21C
[RtlEnterCriticalSection] guest=0x82A52D34
[KeGetCurrentProcessType] -> 1 (USER)
[RtlEnterCriticalSection] guest=0x30000610
[RtlLeaveCriticalSection] guest=0x30000610
[RtlLeaveCriticalSection] guest=0x82A52D34
[RtlEnterCriticalSection] guest=0x82A52D34
[KeGetCurrentProcessType] -> 1 (USER)
[RtlEnterCriticalSection] guest=0x30000610
[RtlLeaveCriticalSection] guest=0x30000610
[RtlLeaveCriticalSection] guest=0x82A52D34
[RtlEnterCriticalSection] guest=0x82A52D34
[MmAllocatePhysicalMemoryEx] guest=0x11A9E000 size=0x2C4 align=0x1000 flags=0x00000004
[RtlLeaveCriticalSection] guest=0x82A52D34
[RtlEnterCriticalSection] guest=0x82A52D34
[KeGetCurrentProcessType] -> 1 (USER)
[RtlEnterCriticalSection] guest=0x30000610
[RtlLeaveCriticalSection] guest=0x30000610
[RtlLeaveCriticalSection] guest=0x82A52D34
[RtlEnterCriticalSection] guest=0x82A52D34
[MmAllocatePhysicalMemoryEx] guest=0x11A9F000 size=0x30C align=0x1000 flags=0x00000404
[RtlLeaveCriticalSection] guest=0x82A52D34
[RtlEnterCriticalSection] guest=0x82A52D34
[KeGetCurrentProcessType] -> 1 (USER)
[RtlEnterCriticalSection] guest=0x30000610
[RtlLeaveCriticalSection] guest=0x30000610
[RtlLeaveCriticalSection] guest=0x82A52D34
[RtlEnterCriticalSection] guest=0x82A52D34
[KeGetCurrentProcessType] -> 1 (USER)
[RtlEnterCriticalSection] guest=0x30000610
[RtlLeaveCriticalSection] guest=0x30000610
[RtlLeaveCriticalSection] guest=0x82A52D34
[RtlEnterCriticalSection] guest=0x82A52D34
[MmAllocatePhysicalMemoryEx] guest=0x11AA0000 size=0x174 align=0x1000 flags=0x00000004
[RtlLeaveCriticalSection] guest=0x82A52D34
[RtlEnterCriticalSection] guest=0x82A52D34
[KeGetCurrentProcessType] -> 1 (USER)
[RtlEnterCriticalSection] guest=0x30000610
[RtlLeaveCriticalSection] guest=0x30000610
[RtlLeaveCriticalSection] guest=0x82A52D34
[RtlEnterCriticalSection] guest=0x82A52D34
[MmAllocatePhysicalMemoryEx] guest=0x11AA1000 size=0x300 align=0x1000 flags=0x00000404
[RtlLeaveCriticalSection] guest=0x82A52D34
[RtlEnterCriticalSection] guest=0x82A52D34
[KeGetCurrentProcessType] -> 1 (USER)
[RtlEnterCriticalSection] guest=0x30000610
[RtlLeaveCriticalSection] guest=0x30000610
[RtlLeaveCriticalSection] guest=0x82A52D34
[RtlEnterCriticalSection] guest=0x82A52D34
[KeGetCurrentProcessType] -> 1 (USER)
[RtlEnterCriticalSection] guest=0x30000610
[RtlLeaveCriticalSection] guest=0x30000610
[RtlLeaveCriticalSection] guest=0x82A52D34
[RtlEnterCriticalSection] guest=0x82A52D34
[MmAllocatePhysicalMemoryEx] guest=0x11AA2000 size=0x2C4 align=0x1000 flags=0x00000004
[RtlLeaveCriticalSection] guest=0x82A52D34
[RtlEnterCriticalSection] guest=0x82A52D34
[KeGetCurrentProcessType] -> 1 (USER)
[RtlEnterCriticalSection] guest=0x30000610
[RtlLeaveCriticalSection] guest=0x30000610
[RtlLeaveCriticalSection] guest=0x82A52D34
[RtlEnterCriticalSection] guest=0x82A52D34
[MmAllocatePhysicalMemoryEx] guest=0x11AA3000 size=0x300 align=0x1000 flags=0x00000404
[RtlLeaveCriticalSection] guest=0x82A52D34
[RtlEnterCriticalSection] guest=0x82A52D34
[KeGetCurrentProcessType] -> 1 (USER)
[RtlEnterCriticalSection] guest=0x30000610
[RtlLeaveCriticalSection] guest=0x30000610
[RtlLeaveCriticalSection] guest=0x82A52D34
[RtlEnterCriticalSection] guest=0x82A52D34
[KeGetCurrentProcessType] -> 1 (USER)
[RtlEnterCriticalSection] guest=0x30000610
[RtlLeaveCriticalSection] guest=0x30000610
[RtlLeaveCriticalSection] guest=0x82A52D34
[RtlEnterCriticalSection] guest=0x82A52D34
[MmAllocatePhysicalMemoryEx] guest=0x11AA4000 size=0x180 align=0x1000 flags=0x00000004
[RtlLeaveCriticalSection] guest=0x82A52D34
[RtlEnterCriticalSection] guest=0x82A52D34
[KeGetCurrentProcessType] -> 1 (USER)
[RtlEnterCriticalSection] guest=0x30000610
[RtlLeaveCriticalSection] guest=0x30000610
[RtlLeaveCriticalSection] guest=0x82A52D34
[RtlEnterCriticalSection] guest=0x82A52D34
[MmAllocatePhysicalMemoryEx] guest=0x11AA5000 size=0x354 align=0x1000 flags=0x00000404
[RtlLeaveCriticalSection] guest=0x82A52D34
[RtlEnterCriticalSection] guest=0x82A52D34
[KeGetCurrentProcessType] -> 1 (USER)
[RtlEnterCriticalSection] guest=0x30000610
[RtlLeaveCriticalSection] guest=0x30000610
[RtlLeaveCriticalSection] guest=0x82A52D34
[RtlEnterCriticalSection] guest=0x82A52D34
[KeGetCurrentProcessType] -> 1 (USER)
[RtlEnterCriticalSection] guest=0x30000610
[RtlLeaveCriticalSection] guest=0x30000610
[RtlLeaveCriticalSection] guest=0x82A52D34
[RtlEnterCriticalSection] guest=0x82A52D34
[MmAllocatePhysicalMemoryEx] guest=0x11AA6000 size=0x2D0 align=0x1000 flags=0x00000004
[RtlLeaveCriticalSection] guest=0x82A52D34
[RtlEnterCriticalSection] guest=0x82A52D34
[KeGetCurrentProcessType] -> 1 (USER)
[RtlEnterCriticalSection] guest=0x30000610
[RtlLeaveCriticalSection] guest=0x30000610
[RtlLeaveCriticalSection] guest=0x82A52D34
[RtlEnterCriticalSection] guest=0x82A52D34
[MmAllocatePhysicalMemoryEx] guest=0x11AA7000 size=0x354 align=0x1000 flags=0x00000404
[RtlLeaveCriticalSection] guest=0x82A52D34
[RtlEnterCriticalSection] guest=0x82A52D34
[KeGetCurrentProcessType] -> 1 (USER)
[RtlEnterCriticalSection] guest=0x30000610
[RtlLeaveCriticalSection] guest=0x30000610
[RtlLeaveCriticalSection] guest=0x82A52D34
[RtlEnterCriticalSection] guest=0x82A52D34
[KeGetCurrentProcessType] -> 1 (USER)
[RtlEnterCriticalSection] guest=0x30000610
[RtlLeaveCriticalSection] guest=0x30000610
[RtlLeaveCriticalSection] guest=0x82A52D34
[RtlEnterCriticalSection] guest=0x82A52D34
[MmAllocatePhysicalMemoryEx] guest=0x11AA8000 size=0x78 align=0x1000 flags=0x00000004
[RtlLeaveCriticalSection] guest=0x82A52D34
[RtlEnterCriticalSection] guest=0x82A52D34
[KeGetCurrentProcessType] -> 1 (USER)
[RtlEnterCriticalSection] guest=0x30000610
[RtlLeaveCriticalSection] guest=0x30000610
[RtlLeaveCriticalSection] guest=0x82A52D34
[RtlEnterCriticalSection] guest=0x82A52D34
[KeGetCurrentProcessType] -> 1 (USER)
[RtlEnterCriticalSection] guest=0x30000610
[RtlLeaveCriticalSection] guest=0x30000610
[RtlLeaveCriticalSection] guest=0x82A52D34
[RtlEnterCriticalSection] guest=0x82A52D34
[MmAllocatePhysicalMemoryEx] guest=0x11AA9000 size=0x150 align=0x1000 flags=0x00000004
[RtlLeaveCriticalSection] guest=0x82A52D34
[RtlEnterCriticalSection] guest=0x82A52D34
[KeGetCurrentProcessType] -> 1 (USER)
[RtlEnterCriticalSection] guest=0x30000610
[RtlLeaveCriticalSection] guest=0x30000610
[RtlLeaveCriticalSection] guest=0x82A52D34
[RtlEnterCriticalSection] guest=0x82A52D34
[KeGetCurrentProcessType] -> 1 (USER)
[RtlEnterCriticalSection] guest=0x30000610
[RtlLeaveCriticalSection] guest=0x30000610
[RtlLeaveCriticalSection] guest=0x82A52D34
[RtlEnterCriticalSection] guest=0x82A52D34
[MmAllocatePhysicalMemoryEx] guest=0x11AAA000 size=0x114 align=0x1000 flags=0x00000004
[RtlLeaveCriticalSection] guest=0x82A52D34
[RtlEnterCriticalSection] guest=0x82A52D34
[KeGetCurrentProcessType] -> 1 (USER)
[RtlEnterCriticalSection] guest=0x30000610
[RtlLeaveCriticalSection] guest=0x30000610
[RtlLeaveCriticalSection] guest=0x82A52D34
[RtlEnterCriticalSection] guest=0x82A52D34
[MmAllocatePhysicalMemoryEx] guest=0x11AAB000 size=0xFC align=0x1000 flags=0x00000404
[RtlLeaveCriticalSection] guest=0x82A52D34
[RtlEnterCriticalSection] guest=0x82A52D34
[KeGetCurrentProcessType] -> 1 (USER)
[RtlEnterCriticalSection] guest=0x30000610
[RtlLeaveCriticalSection] guest=0x30000610
[RtlLeaveCriticalSection] guest=0x82A52D34
[RtlEnterCriticalSection] guest=0x82A52D34
[KeGetCurrentProcessType] -> 1 (USER)
[RtlEnterCriticalSection] guest=0x30000610
[RtlLeaveCriticalSection] guest=0x30000610
[RtlLeaveCriticalSection] guest=0x82A52D34
[RtlEnterCriticalSection] guest=0x82A52D34
[MmAllocatePhysicalMemoryEx] guest=0x11AAC000 size=0xA8 align=0x1000 flags=0x00000004
[RtlLeaveCriticalSection] guest=0x82A52D34
[RtlEnterCriticalSection] guest=0x82A52D34
[KeGetCurrentProcessType] -> 1 (USER)
[RtlEnterCriticalSection] guest=0x30000610
[RtlLeaveCriticalSection] guest=0x30000610
[RtlLeaveCriticalSection] guest=0x82A52D34
[RtlEnterCriticalSection] guest=0x82A52D34
[MmAllocatePhysicalMemoryEx] guest=0x11AAD000 size=0x3C align=0x1000 flags=0x00000404
[RtlLeaveCriticalSection] guest=0x82A52D34
[RtlEnterCriticalSection] guest=0x82A52D34
[KeGetCurrentProcessType] -> 1 (USER)
[RtlEnterCriticalSection] guest=0x30000610
[RtlLeaveCriticalSection] guest=0x30000610
[RtlLeaveCriticalSection] guest=0x82A52D34
[RtlEnterCriticalSection] guest=0x82A52D34
[KeGetCurrentProcessType] -> 1 (USER)
[RtlEnterCriticalSection] guest=0x30000610
[RtlLeaveCriticalSection] guest=0x30000610
[RtlLeaveCriticalSection] guest=0x82A52D34
[RtlEnterCriticalSection] guest=0x82A52D34
[MmAllocatePhysicalMemoryEx] guest=0x11AAE000 size=0x150 align=0x1000 flags=0x00000004
[RtlLeaveCriticalSection] guest=0x82A52D34
[RtlEnterCriticalSection] guest=0x82A52D34
[KeGetCurrentProcessType] -> 1 (USER)
[RtlEnterCriticalSection] guest=0x30000610
[RtlLeaveCriticalSection] guest=0x30000610
[RtlLeaveCriticalSection] guest=0x82A52D34
[RtlEnterCriticalSection] guest=0x82A52D34
[MmAllocatePhysicalMemoryEx] guest=0x11AAF000 size=0x1E0 align=0x1000 flags=0x00000404
[RtlLeaveCriticalSection] guest=0x82A52D34
[RtlEnterCriticalSection] guest=0x82A52D34
[KeGetCurrentProcessType] -> 1 (USER)
[RtlEnterCriticalSection] guest=0x30000610
[RtlLeaveCriticalSection] guest=0x30000610
[RtlLeaveCriticalSection] guest=0x82A52D34
[RtlEnterCriticalSection] guest=0x82A52D34
[KeGetCurrentProcessType] -> 1 (USER)
[RtlEnterCriticalSection] guest=0x30000610
[RtlLeaveCriticalSection] guest=0x30000610
[RtlLeaveCriticalSection] guest=0x82A52D34
[RtlEnterCriticalSection] guest=0x82A52D34
[MmAllocatePhysicalMemoryEx] guest=0x11AB0000 size=0x114 align=0x1000 flags=0x00000004
[RtlLeaveCriticalSection] guest=0x82A52D34
[RtlEnterCriticalSection] guest=0x82A52D34
[KeGetCurrentProcessType] -> 1 (USER)
[RtlEnterCriticalSection] guest=0x30000610
[RtlLeaveCriticalSection] guest=0x30000610
[RtlLeaveCriticalSection] guest=0x82A52D34
[RtlEnterCriticalSection] guest=0x82A52D34
[MmAllocatePhysicalMemoryEx] guest=0x11AB1000 size=0xFC align=0x1000 flags=0x00000404
[RtlLeaveCriticalSection] guest=0x82A52D34
[RtlEnterCriticalSection] guest=0x82A52D34
[KeGetCurrentProcessType] -> 1 (USER)
[RtlEnterCriticalSection] guest=0x30000610
[RtlLeaveCriticalSection] guest=0x30000610
[RtlLeaveCriticalSection] guest=0x82A52D34
[RtlEnterCriticalSection] guest=0x82A52D34
[KeGetCurrentProcessType] -> 1 (USER)
[RtlEnterCriticalSection] guest=0x30000610
[RtlLeaveCriticalSection] guest=0x30000610
[RtlLeaveCriticalSection] guest=0x82A52D34
[RtlEnterCriticalSection] guest=0x82A52D34
[MmAllocatePhysicalMemoryEx] guest=0x11AB2000 size=0x138 align=0x1000 flags=0x00000004
[RtlLeaveCriticalSection] guest=0x82A52D34
[RtlEnterCriticalSection] guest=0x82A52D34
[KeGetCurrentProcessType] -> 1 (USER)
[RtlEnterCriticalSection] guest=0x30000610
[RtlLeaveCriticalSection] guest=0x30000610
[RtlLeaveCriticalSection] guest=0x82A52D34
[RtlEnterCriticalSection] guest=0x82A52D34
[MmAllocatePhysicalMemoryEx] guest=0x11AB3000 size=0x240 align=0x1000 flags=0x00000404
[RtlLeaveCriticalSection] guest=0x82A52D34
[RtlEnterCriticalSection] guest=0x82A52D34
[KeGetCurrentProcessType] -> 1 (USER)
[RtlEnterCriticalSection] guest=0x30000610
[RtlLeaveCriticalSection] guest=0x30000610
[RtlLeaveCriticalSection] guest=0x82A52D34
[RtlEnterCriticalSection] guest=0x82A52D34
[KeGetCurrentProcessType] -> 1 (USER)
[RtlEnterCriticalSection] guest=0x30000610
[RtlLeaveCriticalSection] guest=0x30000610
[RtlLeaveCriticalSection] guest=0x82A52D34
[RtlEnterCriticalSection] guest=0x82A52D34
[MmAllocatePhysicalMemoryEx] guest=0x11AB4000 size=0x108 align=0x1000 flags=0x00000004
[RtlLeaveCriticalSection] guest=0x82A52D34
[RtlEnterCriticalSection] guest=0x82A52D34
[KeGetCurrentProcessType] -> 1 (USER)
[RtlEnterCriticalSection] guest=0x30000610
[RtlLeaveCriticalSection] guest=0x30000610
[RtlLeaveCriticalSection] guest=0x82A52D34
[RtlEnterCriticalSection] guest=0x82A52D34
[MmAllocatePhysicalMemoryEx] guest=0x11AB5000 size=0xD8 align=0x1000 flags=0x00000404
[RtlLeaveCriticalSection] guest=0x82A52D34
[RtlEnterCriticalSection] guest=0x82A52D34
[KeGetCurrentProcessType] -> 1 (USER)
[RtlEnterCriticalSection] guest=0x30000610
[RtlLeaveCriticalSection] guest=0x30000610
[RtlLeaveCriticalSection] guest=0x82A52D34
[RtlEnterCriticalSection] guest=0x82A52D34
[KeGetCurrentProcessType] -> 1 (USER)
[RtlEnterCriticalSection] guest=0x30000610
[RtlLeaveCriticalSection] guest=0x30000610
[RtlLeaveCriticalSection] guest=0x82A52D34
[RtlEnterCriticalSection] guest=0x82A52D34
[MmAllocatePhysicalMemoryEx] guest=0x11AB6000 size=0xFC align=0x1000 flags=0x00000004
[RtlLeaveCriticalSection] guest=0x82A52D34
[RtlEnterCriticalSection] guest=0x82A52D34
[KeGetCurrentProcessType] -> 1 (USER)
[RtlEnterCriticalSection] guest=0x30000610
[RtlLeaveCriticalSection] guest=0x30000610
[RtlLeaveCriticalSection] guest=0x82A52D34
[RtlEnterCriticalSection] guest=0x82A52D34
[MmAllocatePhysicalMemoryEx] guest=0x11AB7000 size=0x138 align=0x1000 flags=0x00000404
[RtlLeaveCriticalSection] guest=0x82A52D34
[RtlEnterCriticalSection] guest=0x82A52D34
[KeGetCurrentProcessType] -> 1 (USER)
[RtlEnterCriticalSection] guest=0x30000610
[RtlLeaveCriticalSection] guest=0x30000610
[RtlLeaveCriticalSection] guest=0x82A52D34
[RtlEnterCriticalSection] guest=0x82A52D34
[KeGetCurrentProcessType] -> 1 (USER)
[RtlEnterCriticalSection] guest=0x30000610
[RtlLeaveCriticalSection] guest=0x30000610
[RtlLeaveCriticalSection] guest=0x82A52D34
[RtlEnterCriticalSection] guest=0x82A52D34
[MmAllocatePhysicalMemoryEx] guest=0x11AB8000 size=0xCC align=0x1000 flags=0x00000004
[RtlLeaveCriticalSection] guest=0x82A52D34
[RtlEnterCriticalSection] guest=0x82A52D34
[KeGetCurrentProcessType] -> 1 (USER)
[RtlEnterCriticalSection] guest=0x30000610
[RtlLeaveCriticalSection] guest=0x30000610
[RtlLeaveCriticalSection] guest=0x82A52D34
[RtlEnterCriticalSection] guest=0x82A52D34
[MmAllocatePhysicalMemoryEx] guest=0x11AB9000 size=0x54 align=0x1000 flags=0x00000404
[RtlLeaveCriticalSection] guest=0x82A52D34
[RtlEnterCriticalSection] guest=0x82A52D34
[KeGetCurrentProcessType] -> 1 (USER)
[RtlEnterCriticalSection] guest=0x30000610
[RtlLeaveCriticalSection] guest=0x30000610
[RtlLeaveCriticalSection] guest=0x82A52D34
[RtlEnterCriticalSection] guest=0x82A52D34
[KeGetCurrentProcessType] -> 1 (USER)
[RtlEnterCriticalSection] guest=0x30000610
[RtlLeaveCriticalSection] guest=0x30000610
[RtlLeaveCriticalSection] guest=0x82A52D34
[RtlEnterCriticalSection] guest=0x82A52D34
[MmAllocatePhysicalMemoryEx] guest=0x11ABA000 size=0xCC align=0x1000 flags=0x00000004
[RtlLeaveCriticalSection] guest=0x82A52D34
[RtlEnterCriticalSection] guest=0x82A52D34
[KeGetCurrentProcessType] -> 1 (USER)
[RtlEnterCriticalSection] guest=0x30000610
[RtlLeaveCriticalSection] guest=0x30000610
[RtlLeaveCriticalSection] guest=0x82A52D34
[RtlEnterCriticalSection] guest=0x82A52D34
[MmAllocatePhysicalMemoryEx] guest=0x11ABB000 size=0x54 align=0x1000 flags=0x00000404
[RtlLeaveCriticalSection] guest=0x82A52D34
[RtlEnterCriticalSection] guest=0x82A52D34
[KeGetCurrentProcessType] -> 1 (USER)
[RtlEnterCriticalSection] guest=0x30000610
[RtlLeaveCriticalSection] guest=0x30000610
[RtlLeaveCriticalSection] guest=0x82A52D34
[RtlEnterCriticalSection] guest=0x82A52D34
[KeGetCurrentProcessType] -> 1 (USER)
[RtlEnterCriticalSection] guest=0x30000610
[RtlLeaveCriticalSection] guest=0x30000610
[RtlLeaveCriticalSection] guest=0x82A52D34
[RtlEnterCriticalSection] guest=0x82A52D34
[MmAllocatePhysicalMemoryEx] guest=0x11ABC000 size=0xE4 align=0x1000 flags=0x00000004
[RtlLeaveCriticalSection] guest=0x82A52D34
[RtlEnterCriticalSection] guest=0x82A52D34
[KeGetCurrentProcessType] -> 1 (USER)
[RtlEnterCriticalSection] guest=0x30000610
[RtlLeaveCriticalSection] guest=0x30000610
[RtlLeaveCriticalSection] guest=0x82A52D34
[RtlEnterCriticalSection] guest=0x82A52D34
[MmAllocatePhysicalMemoryEx] guest=0x11ABD000 size=0x1A4 align=0x1000 flags=0x00000404
[RtlLeaveCriticalSection] guest=0x82A52D34
[RtlEnterCriticalSection] guest=0x82A52D34
[KeGetCurrentProcessType] -> 1 (USER)
[RtlEnterCriticalSection] guest=0x30000610
[RtlLeaveCriticalSection] guest=0x30000610
[RtlLeaveCriticalSection] guest=0x82A52D34
[RtlEnterCriticalSection] guest=0x82A52D34
[KeGetCurrentProcessType] -> 1 (USER)
[RtlEnterCriticalSection] guest=0x30000610
[RtlLeaveCriticalSection] guest=0x30000610
[RtlLeaveCriticalSection] guest=0x82A52D34
[RtlEnterCriticalSection] guest=0x82A52D34
[MmAllocatePhysicalMemoryEx] guest=0x11ABE000 size=0x1A4 align=0x1000 flags=0x00000004
[RtlLeaveCriticalSection] guest=0x82A52D34
[RtlEnterCriticalSection] guest=0x82A52D34
[KeGetCurrentProcessType] -> 1 (USER)
[RtlEnterCriticalSection] guest=0x30000610
[RtlLeaveCriticalSection] guest=0x30000610
[RtlLeaveCriticalSection] guest=0x82A52D34
[RtlEnterCriticalSection] guest=0x82A52D34
[MmAllocatePhysicalMemoryEx] guest=0x11ABF000 size=0xFC align=0x1000 flags=0x00000404
[RtlLeaveCriticalSection] guest=0x82A52D34
[RtlEnterCriticalSection] guest=0x82A52D34
[KeGetCurrentProcessType] -> 1 (USER)
[RtlEnterCriticalSection] guest=0x30000610
[RtlLeaveCriticalSection] guest=0x30000610
[RtlLeaveCriticalSection] guest=0x82A52D34
[RtlEnterCriticalSection] guest=0x82A52D34
[KeGetCurrentProcessType] -> 1 (USER)
[RtlEnterCriticalSection] guest=0x30000610
[RtlLeaveCriticalSection] guest=0x30000610
[RtlLeaveCriticalSection] guest=0x82A52D34
[RtlEnterCriticalSection] guest=0x82A52D34
[MmAllocatePhysicalMemoryEx] guest=0x11AC0000 size=0x1EC align=0x1000 flags=0x00000004
[RtlLeaveCriticalSection] guest=0x82A52D34
[RtlEnterCriticalSection] guest=0x82A52D34
[KeGetCurrentProcessType] -> 1 (USER)
[RtlEnterCriticalSection] guest=0x30000610
[RtlLeaveCriticalSection] guest=0x30000610
[RtlLeaveCriticalSection] guest=0x82A52D34
[RtlEnterCriticalSection] guest=0x82A52D34
[MmAllocatePhysicalMemoryEx] guest=0x11AC1000 size=0x120 align=0x1000 flags=0x00000404
[RtlLeaveCriticalSection] guest=0x82A52D34
[RtlEnterCriticalSection] guest=0x82A52D34
[KeGetCurrentProcessType] -> 1 (USER)
[RtlEnterCriticalSection] guest=0x30000610
[THREAD WAKE] id=2 object=300032CC status=00000102
[KeGetCurrentProcessType] -> 1 (USER)
[RtlEnterCriticalSection] guest=0x30003DE0
[RtlLeaveCriticalSection] guest=0x30003DE0
[THREAD WAIT] id=2 object=300032CC kind=1 reason=3 alertable=0 timeout_ms=30 LR=8238E21C
[RtlLeaveCriticalSection] guest=0x30000610
[RtlLeaveCriticalSection] guest=0x82A52D34
[RtlEnterCriticalSection] guest=0x82A52D34
[KeGetCurrentProcessType] -> 1 (USER)
[RtlEnterCriticalSection] guest=0x30000610
[RtlLeaveCriticalSection] guest=0x30000610
[RtlLeaveCriticalSection] guest=0x82A52D34
[RtlEnterCriticalSection] guest=0x82A52D34
[MmAllocatePhysicalMemoryEx] guest=0x11AC2000 size=0x1F8 align=0x1000 flags=0x00000004
[RtlLeaveCriticalSection] guest=0x82A52D34
[RtlEnterCriticalSection] guest=0x82A52D34
[KeGetCurrentProcessType] -> 1 (USER)
[RtlEnterCriticalSection] guest=0x30000610
[RtlLeaveCriticalSection] guest=0x30000610
[RtlLeaveCriticalSection] guest=0x82A52D34
[RtlEnterCriticalSection] guest=0x82A52D34
[MmAllocatePhysicalMemoryEx] guest=0x11AC3000 size=0x1EC align=0x1000 flags=0x00000404
[RtlLeaveCriticalSection] guest=0x82A52D34
[RtlEnterCriticalSection] guest=0x82A52D34
[KeGetCurrentProcessType] -> 1 (USER)
[RtlEnterCriticalSection] guest=0x30000610
[RtlLeaveCriticalSection] guest=0x30000610
[RtlLeaveCriticalSection] guest=0x82A52D34
[RtlEnterCriticalSection] guest=0x82A52D34
[KeGetCurrentProcessType] -> 1 (USER)
[RtlEnterCriticalSection] guest=0x30000610
[RtlLeaveCriticalSection] guest=0x30000610
[RtlLeaveCriticalSection] guest=0x82A52D34
[RtlEnterCriticalSection] guest=0x82A52D34
[MmAllocatePhysicalMemoryEx] guest=0x11AC4000 size=0x1A4 align=0x1000 flags=0x00000004
[RtlLeaveCriticalSection] guest=0x82A52D34
[RtlEnterCriticalSection] guest=0x82A52D34
[KeGetCurrentProcessType] -> 1 (USER)
[RtlEnterCriticalSection] guest=0x30000610
[RtlLeaveCriticalSection] guest=0x30000610
[RtlLeaveCriticalSection] guest=0x82A52D34
[RtlEnterCriticalSection] guest=0x82A52D34
[MmAllocatePhysicalMemoryEx] guest=0x11AC5000 size=0x108 align=0x1000 flags=0x00000404
[RtlLeaveCriticalSection] guest=0x82A52D34
[RtlEnterCriticalSection] guest=0x82A52D34
[KeGetCurrentProcessType] -> 1 (USER)
[RtlEnterCriticalSection] guest=0x30000610
[RtlLeaveCriticalSection] guest=0x30000610
[RtlLeaveCriticalSection] guest=0x82A52D34
[RtlEnterCriticalSection] guest=0x82A52D34
[KeGetCurrentProcessType] -> 1 (USER)
[RtlEnterCriticalSection] guest=0x30000610
[RtlLeaveCriticalSection] guest=0x30000610
[RtlLeaveCriticalSection] guest=0x82A52D34
[RtlEnterCriticalSection] guest=0x82A52D34
[MmAllocatePhysicalMemoryEx] guest=0x11AC6000 size=0x15C align=0x1000 flags=0x00000004
[RtlLeaveCriticalSection] guest=0x82A52D34
[RtlEnterCriticalSection] guest=0x82A52D34
[KeGetCurrentProcessType] -> 1 (USER)
[RtlEnterCriticalSection] guest=0x30000610
[RtlLeaveCriticalSection] guest=0x30000610
[RtlLeaveCriticalSection] guest=0x82A52D34
[RtlEnterCriticalSection] guest=0x82A52D34
[MmAllocatePhysicalMemoryEx] guest=0x11AC7000 size=0x54 align=0x1000 flags=0x00000404
[RtlLeaveCriticalSection] guest=0x82A52D34
[RtlEnterCriticalSection] guest=0x82A52D34
[KeGetCurrentProcessType] -> 1 (USER)
[RtlEnterCriticalSection] guest=0x30000610
[RtlLeaveCriticalSection] guest=0x30000610
[RtlLeaveCriticalSection] guest=0x82A52D34
[RtlEnterCriticalSection] guest=0x82A52D34
[KeGetCurrentProcessType] -> 1 (USER)
[RtlEnterCriticalSection] guest=0x30000610
[RtlLeaveCriticalSection] guest=0x30000610
[RtlLeaveCriticalSection] guest=0x82A52D34
[RtlEnterCriticalSection] guest=0x82A52D34
[MmAllocatePhysicalMemoryEx] guest=0x11AC8000 size=0x198 align=0x1000 flags=0x00000004
[RtlLeaveCriticalSection] guest=0x82A52D34
[RtlEnterCriticalSection] guest=0x82A52D34
[KeGetCurrentProcessType] -> 1 (USER)
[RtlEnterCriticalSection] guest=0x30000610
[RtlLeaveCriticalSection] guest=0x30000610
[RtlLeaveCriticalSection] guest=0x82A52D34
[RtlEnterCriticalSection] guest=0x82A52D34
[MmAllocatePhysicalMemoryEx] guest=0x11AC9000 size=0x90 align=0x1000 flags=0x00000404
[RtlLeaveCriticalSection] guest=0x82A52D34
[RtlEnterCriticalSection] guest=0x82A52D34
[KeGetCurrentProcessType] -> 1 (USER)
[RtlEnterCriticalSection] guest=0x30000610
[RtlLeaveCriticalSection] guest=0x30000610
[RtlLeaveCriticalSection] guest=0x82A52D34
[RtlEnterCriticalSection] guest=0x82A52D34
[KeGetCurrentProcessType] -> 1 (USER)
[RtlEnterCriticalSection] guest=0x30000610
[RtlLeaveCriticalSection] guest=0x30000610
[RtlLeaveCriticalSection] guest=0x82A52D34
[RtlEnterCriticalSection] guest=0x82A52D34
[MmAllocatePhysicalMemoryEx] guest=0x11ACA000 size=0x1A4 align=0x1000 flags=0x00000004
[RtlLeaveCriticalSection] guest=0x82A52D34
[RtlEnterCriticalSection] guest=0x82A52D34
[KeGetCurrentProcessType] -> 1 (USER)
[RtlEnterCriticalSection] guest=0x30000610
[RtlLeaveCriticalSection] guest=0x30000610
[RtlLeaveCriticalSection] guest=0x82A52D34
[RtlEnterCriticalSection] guest=0x82A52D34
[MmAllocatePhysicalMemoryEx] guest=0x11ACB000 size=0x174 align=0x1000 flags=0x00000404
[RtlLeaveCriticalSection] guest=0x82A52D34
[RtlEnterCriticalSection] guest=0x82A52D34
[KeGetCurrentProcessType] -> 1 (USER)
[RtlEnterCriticalSection] guest=0x30000610
[RtlLeaveCriticalSection] guest=0x30000610
[RtlLeaveCriticalSection] guest=0x82A52D34
[RtlEnterCriticalSection] guest=0x82A52D34
[KeGetCurrentProcessType] -> 1 (USER)
[RtlEnterCriticalSection] guest=0x30000610
[RtlLeaveCriticalSection] guest=0x30000610
[RtlLeaveCriticalSection] guest=0x82A52D34
[RtlEnterCriticalSection] guest=0x82A52D34
[MmAllocatePhysicalMemoryEx] guest=0x11ACC000 size=0x15C align=0x1000 flags=0x00000004
[RtlLeaveCriticalSection] guest=0x82A52D34
[RtlEnterCriticalSection] guest=0x82A52D34
[KeGetCurrentProcessType] -> 1 (USER)
[RtlEnterCriticalSection] guest=0x30000610
[RtlLeaveCriticalSection] guest=0x30000610
[RtlLeaveCriticalSection] guest=0x82A52D34
[RtlEnterCriticalSection] guest=0x82A52D34
[MmAllocatePhysicalMemoryEx] guest=0x11ACD000 size=0x60 align=0x1000 flags=0x00000404
[RtlLeaveCriticalSection] guest=0x82A52D34
[RtlEnterCriticalSection] guest=0x82A52D34
[KeGetCurrentProcessType] -> 1 (USER)
[RtlEnterCriticalSection] guest=0x30000610
[RtlLeaveCriticalSection] guest=0x30000610
[RtlLeaveCriticalSection] guest=0x82A52D34
[RtlEnterCriticalSection] guest=0x82A52D34
[KeGetCurrentProcessType] -> 1 (USER)
[RtlEnterCriticalSection] guest=0x30000610
[RtlLeaveCriticalSection] guest=0x30000610
[RtlLeaveCriticalSection] guest=0x82A52D34
[RtlEnterCriticalSection] guest=0x82A52D34
[MmAllocatePhysicalMemoryEx] guest=0x11ACE000 size=0xA8 align=0x1000 flags=0x00000004
[RtlLeaveCriticalSection] guest=0x82A52D34
[RtlEnterCriticalSection] guest=0x82A52D34
[KeGetCurrentProcessType] -> 1 (USER)
[RtlEnterCriticalSection] guest=0x30000610
[RtlLeaveCriticalSection] guest=0x30000610
[RtlLeaveCriticalSection] guest=0x82A52D34
[RtlEnterCriticalSection] guest=0x82A52D34
[MmAllocatePhysicalMemoryEx] guest=0x11ACF000 size=0x3C align=0x1000 flags=0x00000404
[RtlLeaveCriticalSection] guest=0x82A52D34
[RtlEnterCriticalSection] guest=0x82A52D34
[KeGetCurrentProcessType] -> 1 (USER)
[RtlEnterCriticalSection] guest=0x30000610
[RtlLeaveCriticalSection] guest=0x30000610
[RtlLeaveCriticalSection] guest=0x82A52D34
[RtlEnterCriticalSection] guest=0x82A52D34
[KeGetCurrentProcessType] -> 1 (USER)
[RtlEnterCriticalSection] guest=0x30000610
[RtlLeaveCriticalSection] guest=0x30000610
[RtlLeaveCriticalSection] guest=0x82A52D34
[RtlEnterCriticalSection] guest=0x82A52D34
[MmAllocatePhysicalMemoryEx] guest=0x11AD0000 size=0x78 align=0x1000 flags=0x00000004
[RtlLeaveCriticalSection] guest=0x82A52D34
[RtlEnterCriticalSection] guest=0x82A52D34
[KeGetCurrentProcessType] -> 1 (USER)
[RtlEnterCriticalSection] guest=0x30000610
[RtlLeaveCriticalSection] guest=0x30000610
[RtlLeaveCriticalSection] guest=0x82A52D34
[RtlEnterCriticalSection] guest=0x82A52D34
[MmAllocatePhysicalMemoryEx] guest=0x11AD1000 size=0x3C align=0x1000 flags=0x00000404
[RtlLeaveCriticalSection] guest=0x82A52D34
[RtlEnterCriticalSection] guest=0x82A52D34
[KeGetCurrentProcessType] -> 1 (USER)
[RtlEnterCriticalSection] guest=0x30000610
[RtlLeaveCriticalSection] guest=0x30000610
[RtlLeaveCriticalSection] guest=0x82A52D34
[RtlEnterCriticalSection] guest=0x82A52D34
[KeGetCurrentProcessType] -> 1 (USER)
[RtlEnterCriticalSection] guest=0x30000610
[RtlLeaveCriticalSection] guest=0x30000610
[RtlLeaveCriticalSection] guest=0x82A52D34
[RtlEnterCriticalSection] guest=0x82A52D34
[MmAllocatePhysicalMemoryEx] guest=0x11AD2000 size=0x84 align=0x1000 flags=0x00000004
[RtlLeaveCriticalSection] guest=0x82A52D34
[RtlEnterCriticalSection] guest=0x82A52D34
[KeGetCurrentProcessType] -> 1 (USER)
[RtlEnterCriticalSection] guest=0x30000610
[RtlLeaveCriticalSection] guest=0x30000610
[RtlLeaveCriticalSection] guest=0x82A52D34
[RtlEnterCriticalSection] guest=0x82A52D34
[MmAllocatePhysicalMemoryEx] guest=0x11AD3000 size=0x3C align=0x1000 flags=0x00000404
[RtlLeaveCriticalSection] guest=0x82A52D34
[RtlEnterCriticalSection] guest=0x82A52D34
[KeGetCurrentProcessType] -> 1 (USER)
[RtlEnterCriticalSection] guest=0x30000610
[RtlLeaveCriticalSection] guest=0x30000610
[RtlLeaveCriticalSection] guest=0x82A52D34
[RtlEnterCriticalSection] guest=0x82A52D34
[KeGetCurrentProcessType] -> 1 (USER)
[RtlEnterCriticalSection] guest=0x30000610
[NtAllocateVirtualMemory] base*=0x30020000 size*=0x00010000 type=0x60001000 protect=0x00000004 r7=0x00000000
  COMMIT guest=0x30020000 host=000002CB1F390000 size=0x10000
[RtlLeaveCriticalSection] guest=0x30000610
[RtlLeaveCriticalSection] guest=0x82A52D34
[RtlEnterCriticalSection] guest=0x82A52D34
[MmAllocatePhysicalMemoryEx] guest=0x11AD4000 size=0x90 align=0x1000 flags=0x00000004
[RtlLeaveCriticalSection] guest=0x82A52D34
[RtlEnterCriticalSection] guest=0x82A52D34
[KeGetCurrentProcessType] -> 1 (USER)
[RtlEnterCriticalSection] guest=0x30000610
[RtlLeaveCriticalSection] guest=0x30000610
[RtlLeaveCriticalSection] guest=0x82A52D34
[RtlEnterCriticalSection] guest=0x82A52D34
[MmAllocatePhysicalMemoryEx] guest=0x11AD5000 size=0x3C align=0x1000 flags=0x00000404
[RtlLeaveCriticalSection] guest=0x82A52D34
[RtlEnterCriticalSection] guest=0x82A52D34
[KeGetCurrentProcessType] -> 1 (USER)
[RtlEnterCriticalSection] guest=0x30000610
[RtlLeaveCriticalSection] guest=0x30000610
[RtlLeaveCriticalSection] guest=0x82A52D34
[RtlEnterCriticalSection] guest=0x82A52D34
[KeGetCurrentProcessType] -> 1 (USER)
[RtlEnterCriticalSection] guest=0x30000610
[RtlLeaveCriticalSection] guest=0x30000610
[RtlLeaveCriticalSection] guest=0x82A52D34
[RtlEnterCriticalSection] guest=0x82A52D34
[MmAllocatePhysicalMemoryEx] guest=0x11AD6000 size=0xE4 align=0x1000 flags=0x00000004
[RtlLeaveCriticalSection] guest=0x82A52D34
[RtlEnterCriticalSection] guest=0x82A52D34
[KeGetCurrentProcessType] -> 1 (USER)
[RtlEnterCriticalSection] guest=0x30000610
[RtlLeaveCriticalSection] guest=0x30000610
[RtlLeaveCriticalSection] guest=0x82A52D34
[RtlEnterCriticalSection] guest=0x82A52D34
[MmAllocatePhysicalMemoryEx] guest=0x11AD7000 size=0x60 align=0x1000 flags=0x00000404
[RtlLeaveCriticalSection] guest=0x82A52D34
[RtlEnterCriticalSection] guest=0x82A52D34
[KeGetCurrentProcessType] -> 1 (USER)
[RtlEnterCriticalSection] guest=0x30000610
[RtlLeaveCriticalSection] guest=0x30000610
[RtlLeaveCriticalSection] guest=0x82A52D34
[RtlEnterCriticalSection] guest=0x82A52D34
[KeGetCurrentProcessType] -> 1 (USER)
[RtlEnterCriticalSection] guest=0x30000610
[RtlLeaveCriticalSection] guest=0x30000610
[RtlLeaveCriticalSection] guest=0x82A52D34
[RtlEnterCriticalSection] guest=0x82A52D34
[MmAllocatePhysicalMemoryEx] guest=0x11AD8000 size=0x234 align=0x1000 flags=0x00000004
[RtlLeaveCriticalSection] guest=0x82A52D34
[RtlEnterCriticalSection] guest=0x82A52D34
[KeGetCurrentProcessType] -> 1 (USER)
[RtlEnterCriticalSection] guest=0x30000610
[RtlLeaveCriticalSection] guest=0x30000610
[RtlLeaveCriticalSection] guest=0x82A52D34
[RtlEnterCriticalSection] guest=0x82A52D34
[MmAllocatePhysicalMemoryEx] guest=0x11AD9000 size=0x2B8 align=0x1000 flags=0x00000404
[RtlLeaveCriticalSection] guest=0x82A52D34
[RtlEnterCriticalSection] guest=0x82A52D34
[KeGetCurrentProcessType] -> 1 (USER)
[RtlEnterCriticalSection] guest=0x30000610
[RtlLeaveCriticalSection] guest=0x30000610
[RtlLeaveCriticalSection] guest=0x82A52D34
[RtlEnterCriticalSection] guest=0x82A52D34
[KeGetCurrentProcessType] -> 1 (USER)
[RtlEnterCriticalSection] guest=0x30000610
[RtlLeaveCriticalSection] guest=0x30000610
[RtlLeaveCriticalSection] guest=0x82A52D34
[RtlEnterCriticalSection] guest=0x82A52D34
[MmAllocatePhysicalMemoryEx] guest=0x11ADA000 size=0x60 align=0x1000 flags=0x00000004
[RtlLeaveCriticalSection] guest=0x82A52D34
[RtlEnterCriticalSection] guest=0x82A52D34
[KeGetCurrentProcessType] -> 1 (USER)
[RtlEnterCriticalSection] guest=0x30000610
[RtlLeaveCriticalSection] guest=0x30000610
[RtlLeaveCriticalSection] guest=0x82A52D34
[RtlEnterCriticalSection] guest=0x82A52D34
[MmAllocatePhysicalMemoryEx] guest=0x11ADB000 size=0x3C align=0x1000 flags=0x00000404
[RtlLeaveCriticalSection] guest=0x82A52D34
[RtlEnterCriticalSection] guest=0x82A52D34
[KeGetCurrentProcessType] -> 1 (USER)
[RtlEnterCriticalSection] guest=0x30000610
[RtlLeaveCriticalSection] guest=0x30000610
[RtlLeaveCriticalSection] guest=0x82A52D34
[RtlEnterCriticalSection] guest=0x82A52D34
[KeGetCurrentProcessType] -> 1 (USER)
[RtlEnterCriticalSection] guest=0x30000610
[RtlLeaveCriticalSection] guest=0x30000610
[RtlLeaveCriticalSection] guest=0x82A52D34
[RtlEnterCriticalSection] guest=0x82A52D34
[MmAllocatePhysicalMemoryEx] guest=0x11ADC000 size=0x78 align=0x1000 flags=0x00000004
[RtlLeaveCriticalSection] guest=0x82A52D34
[RtlEnterCriticalSection] guest=0x82A52D34
[KeGetCurrentProcessType] -> 1 (USER)
[RtlEnterCriticalSection] guest=0x30000610
[RtlLeaveCriticalSection] guest=0x30000610
[RtlLeaveCriticalSection] guest=0x82A52D34
[RtlEnterCriticalSection] guest=0x82A52D34
[MmAllocatePhysicalMemoryEx] guest=0x11ADD000 size=0x6C align=0x1000 flags=0x00000404
[RtlLeaveCriticalSection] guest=0x82A52D34
[RtlEnterCriticalSection] guest=0x82A52D34
[KeGetCurrentProcessType] -> 1 (USER)
[RtlEnterCriticalSection] guest=0x30000610
[RtlLeaveCriticalSection] guest=0x30000610
[RtlLeaveCriticalSection] guest=0x82A52D34
[RtlEnterCriticalSection] guest=0x82A52D34
[KeGetCurrentProcessType] -> 1 (USER)
[RtlEnterCriticalSection] guest=0x30000610
[RtlLeaveCriticalSection] guest=0x30000610
[RtlLeaveCriticalSection] guest=0x82A52D34
[RtlEnterCriticalSection] guest=0x82A52D34
[MmAllocatePhysicalMemoryEx] guest=0x11ADE000 size=0x78 align=0x1000 flags=0x00000004
[RtlLeaveCriticalSection] guest=0x82A52D34
[RtlEnterCriticalSection] guest=0x82A52D34
[KeGetCurrentProcessType] -> 1 (USER)
[RtlEnterCriticalSection] guest=0x30000610
[RtlLeaveCriticalSection] guest=0x30000610
[RtlLeaveCriticalSection] guest=0x82A52D34
[RtlEnterCriticalSection] guest=0x82A52D34
[MmAllocatePhysicalMemoryEx] guest=0x11ADF000 size=0x84 align=0x1000 flags=0x00000004
[RtlLeaveCriticalSection] guest=0x82A52D34
[RtlEnterCriticalSection] guest=0x82A52D34
[KeGetCurrentProcessType] -> 1 (USER)
[RtlEnterCriticalSection] guest=0x30000610
[RtlLeaveCriticalSection] guest=0x30000610
[RtlLeaveCriticalSection] guest=0x82A52D34
[RtlEnterCriticalSection] guest=0x82A52D34
[MmAllocatePhysicalMemoryEx] guest=0x11AE0000 size=0x60 align=0x1000 flags=0x00000004
[RtlLeaveCriticalSection] guest=0x82A52D34
[RtlEnterCriticalSection] guest=0x82A52D34
[KeGetCurrentProcessType] -> 1 (USER)
[RtlEnterCriticalSection] guest=0x30000610
[RtlLeaveCriticalSection] guest=0x30000610
[RtlLeaveCriticalSection] guest=0x82A52D34
[RtlEnterCriticalSection] guest=0x82A52D34
[MmAllocatePhysicalMemoryEx] guest=0x11AE1000 size=0x6C align=0x1000 flags=0x00000004
[RtlLeaveCriticalSection] guest=0x82A52D34
[RtlEnterCriticalSection] guest=0x82A52D34
[KeGetCurrentProcessType] -> 1 (USER)
[RtlEnterCriticalSection] guest=0x30000610
[RtlLeaveCriticalSection] guest=0x30000610
[RtlLeaveCriticalSection] guest=0x82A52D34
[RtlEnterCriticalSection] guest=0x82A52D34
[MmAllocatePhysicalMemoryEx] guest=0x11AE2000 size=0x3C align=0x1000 flags=0x00000404
[RtlLeaveCriticalSection] guest=0x82A52D34
[RtlEnterCriticalSection] guest=0x82A52D34
[KeGetCurrentProcessType] -> 1 (USER)
[RtlEnterCriticalSection] guest=0x30000610
[RtlLeaveCriticalSection] guest=0x30000610
[RtlLeaveCriticalSection] guest=0x82A52D34
[RtlEnterCriticalSection] guest=0x82A52D34
[MmAllocatePhysicalMemoryEx] guest=0x11AE3000 size=0x24 align=0x1000 flags=0x00000404
[RtlLeaveCriticalSection] guest=0x82A52D34
[RtlEnterCriticalSection] guest=0x82A52D34
[THREAD WAKE] id=2 object=300032CC status=00000102
[KeGetCurrentProcessType] -> 1 (USER)
[RtlEnterCriticalSection] guest=0x30003DE0
[RtlLeaveCriticalSection] guest=0x30003DE0
[THREAD WAIT] id=2 object=300032CC kind=1 reason=3 alertable=0 timeout_ms=30 LR=8238E21C
[KeGetCurrentProcessType] -> 1 (USER)
[RtlEnterCriticalSection] guest=0x30000610
[RtlLeaveCriticalSection] guest=0x30000610
[RtlLeaveCriticalSection] guest=0x82A52D34
[RtlEnterCriticalSection] guest=0x82A52D34
[KeGetCurrentProcessType] -> 1 (USER)
[RtlEnterCriticalSection] guest=0x30000610
[RtlLeaveCriticalSection] guest=0x30000610
[RtlLeaveCriticalSection] guest=0x82A52D34
[RtlEnterCriticalSection] guest=0x82A52D34
[KeGetCurrentProcessType] -> 1 (USER)
[RtlEnterCriticalSection] guest=0x30000610
[RtlLeaveCriticalSection] guest=0x30000610
[RtlLeaveCriticalSection] guest=0x82A52D34
[RtlEnterCriticalSection] guest=0x82A52D34
[KeGetCurrentProcessType] -> 1 (USER)
[RtlEnterCriticalSection] guest=0x30000610
[RtlLeaveCriticalSection] guest=0x30000610
[RtlLeaveCriticalSection] guest=0x82A52D34
[RtlEnterCriticalSection] guest=0x82A52D34
[KeGetCurrentProcessType] -> 1 (USER)
[RtlEnterCriticalSection] guest=0x30000610
[RtlLeaveCriticalSection] guest=0x30000610
[RtlLeaveCriticalSection] guest=0x82A52D34
[RtlEnterCriticalSection] guest=0x82A52D34
[MmAllocatePhysicalMemoryEx] guest=0x11AE4000 size=0x78 align=0x1000 flags=0x00000004
[RtlLeaveCriticalSection] guest=0x82A52D34
[RtlEnterCriticalSection] guest=0x82A52D34
[KeGetCurrentProcessType] -> 1 (USER)
[RtlEnterCriticalSection] guest=0x30000610
[RtlLeaveCriticalSection] guest=0x30000610
[RtlLeaveCriticalSection] guest=0x82A52D34
[RtlEnterCriticalSection] guest=0x82A52D34
[MmAllocatePhysicalMemoryEx] guest=0x11AE5000 size=0x2D0 align=0x1000 flags=0x00000404
[RtlLeaveCriticalSection] guest=0x82A52D34
[RtlEnterCriticalSection] guest=0x82A52D34
[KeGetCurrentProcessType] -> 1 (USER)
[RtlEnterCriticalSection] guest=0x30000610
[RtlLeaveCriticalSection] guest=0x30000610
[RtlLeaveCriticalSection] guest=0x82A52D34
[RtlEnterCriticalSection] guest=0x82A52D34
[KeGetCurrentProcessType] -> 1 (USER)
[RtlEnterCriticalSection] guest=0x30000610
[RtlLeaveCriticalSection] guest=0x30000610
[RtlLeaveCriticalSection] guest=0x82A52D34
[RtlEnterCriticalSection] guest=0x82A52D34
[MmAllocatePhysicalMemoryEx] guest=0x11AE6000 size=0x78 align=0x1000 flags=0x00000004
[RtlLeaveCriticalSection] guest=0x82A52D34
[RtlEnterCriticalSection] guest=0x82A52D34
[KeGetCurrentProcessType] -> 1 (USER)
[RtlEnterCriticalSection] guest=0x30000610
[RtlLeaveCriticalSection] guest=0x30000610
[RtlLeaveCriticalSection] guest=0x82A52D34
[RtlEnterCriticalSection] guest=0x82A52D34
[MmAllocatePhysicalMemoryEx] guest=0x11AE7000 size=0x39C align=0x1000 flags=0x00000404
[RtlLeaveCriticalSection] guest=0x82A52D34
[RtlEnterCriticalSection] guest=0x82A52D34
[KeGetCurrentProcessType] -> 1 (USER)
[RtlEnterCriticalSection] guest=0x30000610
[RtlLeaveCriticalSection] guest=0x30000610
[RtlLeaveCriticalSection] guest=0x82A52D34
[RtlEnterCriticalSection] guest=0x82A52D34
[KeGetCurrentProcessType] -> 1 (USER)
[RtlEnterCriticalSection] guest=0x30000610
[RtlLeaveCriticalSection] guest=0x30000610
[RtlLeaveCriticalSection] guest=0x82A52D34
[RtlEnterCriticalSection] guest=0x82A52D34
[MmAllocatePhysicalMemoryEx] guest=0x11AE8000 size=0x78 align=0x1000 flags=0x00000004
[RtlLeaveCriticalSection] guest=0x82A52D34
[RtlEnterCriticalSection] guest=0x82A52D34
[KeGetCurrentProcessType] -> 1 (USER)
[RtlEnterCriticalSection] guest=0x30000610
[RtlLeaveCriticalSection] guest=0x30000610
[RtlLeaveCriticalSection] guest=0x82A52D34
[RtlEnterCriticalSection] guest=0x82A52D34
[MmAllocatePhysicalMemoryEx] guest=0x11AE9000 size=0x30C align=0x1000 flags=0x00000404
[RtlLeaveCriticalSection] guest=0x82A52D34
[RtlEnterCriticalSection] guest=0x82A52D34
[KeGetCurrentProcessType] -> 1 (USER)
[RtlEnterCriticalSection] guest=0x30000610
[RtlLeaveCriticalSection] guest=0x30000610
[RtlLeaveCriticalSection] guest=0x82A52D34
[RtlEnterCriticalSection] guest=0x82A52D34
[KeGetCurrentProcessType] -> 1 (USER)
[RtlEnterCriticalSection] guest=0x30000610
[RtlLeaveCriticalSection] guest=0x30000610
[RtlLeaveCriticalSection] guest=0x82A52D34
[RtlEnterCriticalSection] guest=0x82A52D34
[MmAllocatePhysicalMemoryEx] guest=0x11AEA000 size=0x114 align=0x1000 flags=0x00000004
[RtlLeaveCriticalSection] guest=0x82A52D34
[RtlEnterCriticalSection] guest=0x82A52D34
[KeGetCurrentProcessType] -> 1 (USER)
[RtlEnterCriticalSection] guest=0x30000610
[RtlLeaveCriticalSection] guest=0x30000610
[RtlLeaveCriticalSection] guest=0x82A52D34
[RtlEnterCriticalSection] guest=0x82A52D34
[MmAllocatePhysicalMemoryEx] guest=0x11AEB000 size=0x1F8 align=0x1000 flags=0x00000404
[RtlLeaveCriticalSection] guest=0x82A52D34
[RtlEnterCriticalSection] guest=0x82A52D34
[KeGetCurrentProcessType] -> 1 (USER)
[RtlEnterCriticalSection] guest=0x30000610
[RtlLeaveCriticalSection] guest=0x30000610
[RtlLeaveCriticalSection] guest=0x82A52D34
[RtlEnterCriticalSection] guest=0x82A52D34
[KeGetCurrentProcessType] -> 1 (USER)
[RtlEnterCriticalSection] guest=0x30000610
[RtlLeaveCriticalSection] guest=0x30000610
[RtlLeaveCriticalSection] guest=0x82A52D34
[RtlEnterCriticalSection] guest=0x82A52D34
[KeGetCurrentProcessType] -> 1 (USER)
[RtlEnterCriticalSection] guest=0x30000610
[RtlLeaveCriticalSection] guest=0x30000610
[RtlLeaveCriticalSection] guest=0x82A52D34
[RtlEnterCriticalSection] guest=0x82A52D34
[KeGetCurrentProcessType] -> 1 (USER)
[RtlEnterCriticalSection] guest=0x30000610
[RtlLeaveCriticalSection] guest=0x30000610
[RtlLeaveCriticalSection] guest=0x82A52D34
[RtlEnterCriticalSection] guest=0x82A52D34
[MmAllocatePhysicalMemoryEx] size=0 -> falha
[RtlLeaveCriticalSection] guest=0x82A52D34
[RtlEnterCriticalSection] guest=0x82A52D34
[KeGetCurrentProcessType] -> 1 (USER)
[RtlEnterCriticalSection] guest=0x30000610
[RtlLeaveCriticalSection] guest=0x30000610
[RtlLeaveCriticalSection] guest=0x82A52D34
[RtlEnterCriticalSection] guest=0x82A52D34
[KeGetCurrentProcessType] -> 1 (USER)
[RtlEnterCriticalSection] guest=0x30000610
[RtlLeaveCriticalSection] guest=0x30000610
[RtlLeaveCriticalSection] guest=0x82A52D34
[RtlEnterCriticalSection] guest=0x82A52D34
[MmAllocatePhysicalMemoryEx] size=0 -> falha
[RtlLeaveCriticalSection] guest=0x82A52D34
[RtlEnterCriticalSection] guest=0x82A52D34
[KeGetCurrentProcessType] -> 1 (USER)
[RtlEnterCriticalSection] guest=0x30000610
[RtlLeaveCriticalSection] guest=0x30000610
[RtlLeaveCriticalSection] guest=0x82A52D34
[RtlEnterCriticalSection] guest=0x82A52D34
[KeGetCurrentProcessType] -> 1 (USER)
[RtlEnterCriticalSection] guest=0x30000610
[RtlLeaveCriticalSection] guest=0x30000610
[RtlLeaveCriticalSection] guest=0x82A52D34
[RtlEnterCriticalSection] guest=0x82A52D34
[MmAllocatePhysicalMemoryEx] guest=0x11AEC000 size=0x60 align=0x1000 flags=0x00000004
[RtlLeaveCriticalSection] guest=0x82A52D34
[RtlEnterCriticalSection] guest=0x82A52D34
[KeGetCurrentProcessType] -> 1 (USER)
[RtlEnterCriticalSection] guest=0x30000610
[RtlLeaveCriticalSection] guest=0x30000610
[RtlLeaveCriticalSection] guest=0x82A52D34
[RtlEnterCriticalSection] guest=0x82A52D34
[MmAllocatePhysicalMemoryEx] guest=0x11AED000 size=0x48 align=0x1000 flags=0x00000404
[RtlLeaveCriticalSection] guest=0x82A52D34
[RtlEnterCriticalSection] guest=0x82A52D34
[KeGetCurrentProcessType] -> 1 (USER)
[RtlEnterCriticalSection] guest=0x30000610
[RtlLeaveCriticalSection] guest=0x30000610
[RtlLeaveCriticalSection] guest=0x82A52D34
[RtlEnterCriticalSection] guest=0x82A52D34
[KeGetCurrentProcessType] -> 1 (USER)
[RtlEnterCriticalSection] guest=0x30000610
[RtlLeaveCriticalSection] guest=0x30000610
[RtlLeaveCriticalSection] guest=0x82A52D34
[RtlEnterCriticalSection] guest=0x82A52D34
[MmAllocatePhysicalMemoryEx] guest=0x11AEE000 size=0x60 align=0x1000 flags=0x00000004
[RtlLeaveCriticalSection] guest=0x82A52D34
[RtlEnterCriticalSection] guest=0x82A52D34
[KeGetCurrentProcessType] -> 1 (USER)
[RtlEnterCriticalSection] guest=0x30000610
[RtlLeaveCriticalSection] guest=0x30000610
[RtlLeaveCriticalSection] guest=0x82A52D34
[RtlEnterCriticalSection] guest=0x82A52D34
[MmAllocatePhysicalMemoryEx] guest=0x11AEF000 size=0x54 align=0x1000 flags=0x00000404
[RtlLeaveCriticalSection] guest=0x82A52D34
[RtlEnterCriticalSection] guest=0x82A52D34
[KeGetCurrentProcessType] -> 1 (USER)
[RtlEnterCriticalSection] guest=0x30000610
[RtlLeaveCriticalSection] guest=0x30000610
[RtlLeaveCriticalSection] guest=0x82A52D34
[RtlEnterCriticalSection] guest=0x82A52D34
[KeGetCurrentProcessType] -> 1 (USER)
[RtlEnterCriticalSection] guest=0x30000610
[RtlLeaveCriticalSection] guest=0x30000610
[RtlLeaveCriticalSection] guest=0x82A52D34
[RtlEnterCriticalSection] guest=0x82A52D34
[MmAllocatePhysicalMemoryEx] guest=0x11AF0000 size=0x60 align=0x1000 flags=0x00000004
[RtlLeaveCriticalSection] guest=0x82A52D34
[RtlEnterCriticalSection] guest=0x82A52D34
[KeGetCurrentProcessType] -> 1 (USER)
[RtlEnterCriticalSection] guest=0x30000610
[RtlLeaveCriticalSection] guest=0x30000610
[RtlLeaveCriticalSection] guest=0x82A52D34
[RtlEnterCriticalSection] guest=0x82A52D34
[MmAllocatePhysicalMemoryEx] guest=0x11AF1000 size=0x48 align=0x1000 flags=0x00000404
[RtlLeaveCriticalSection] guest=0x82A52D34
[RtlEnterCriticalSection] guest=0x82A52D34
[KeGetCurrentProcessType] -> 1 (USER)
[RtlEnterCriticalSection] guest=0x30000610
[RtlLeaveCriticalSection] guest=0x30000610
[RtlLeaveCriticalSection] guest=0x82A52D34
[RtlEnterCriticalSection] guest=0x82A52D34
[KeGetCurrentProcessType] -> 1 (USER)
[RtlEnterCriticalSection] guest=0x30000610
[RtlLeaveCriticalSection] guest=0x30000610
[RtlLeaveCriticalSection] guest=0x82A52D34
[RtlEnterCriticalSection] guest=0x82A52D34
[MmAllocatePhysicalMemoryEx] guest=0x11AF2000 size=0x60 align=0x1000 flags=0x00000004
[RtlLeaveCriticalSection] guest=0x82A52D34
[RtlEnterCriticalSection] guest=0x82A52D34
[KeGetCurrentProcessType] -> 1 (USER)
[RtlEnterCriticalSection] guest=0x30000610
[RtlLeaveCriticalSection] guest=0x30000610
[RtlLeaveCriticalSection] guest=0x82A52D34
[RtlEnterCriticalSection] guest=0x82A52D34
[MmAllocatePhysicalMemoryEx] guest=0x11AF3000 size=0x6C align=0x1000 flags=0x00000404
[RtlLeaveCriticalSection] guest=0x82A52D34
[RtlEnterCriticalSection] guest=0x82A52D34
[KeGetCurrentProcessType] -> 1 (USER)
[RtlEnterCriticalSection] guest=0x30000610
[RtlLeaveCriticalSection] guest=0x30000610
[RtlLeaveCriticalSection] guest=0x82A52D34
[RtlEnterCriticalSection] guest=0x82A52D34
[KeGetCurrentProcessType] -> 1 (USER)
[RtlEnterCriticalSection] guest=0x30000610
[RtlLeaveCriticalSection] guest=0x30000610
[RtlLeaveCriticalSection] guest=0x82A52D34
[RtlEnterCriticalSection] guest=0x82A52D34
[MmAllocatePhysicalMemoryEx] guest=0x11AF4000 size=0x84 align=0x1000 flags=0x00000004
[RtlLeaveCriticalSection] guest=0x82A52D34
[RtlEnterCriticalSection] guest=0x82A52D34
[KeGetCurrentProcessType] -> 1 (USER)
[RtlEnterCriticalSection] guest=0x30000610
[RtlLeaveCriticalSection] guest=0x30000610
[RtlLeaveCriticalSection] guest=0x82A52D34
[RtlEnterCriticalSection] guest=0x82A52D34
[MmAllocatePhysicalMemoryEx] guest=0x11AF5000 size=0x78 align=0x1000 flags=0x00000404
[RtlLeaveCriticalSection] guest=0x82A52D34
[RtlEnterCriticalSection] guest=0x82A52D34
[KeGetCurrentProcessType] -> 1 (USER)
[RtlEnterCriticalSection] guest=0x30000610
[RtlLeaveCriticalSection] guest=0x30000610
[RtlLeaveCriticalSection] guest=0x82A52D34
[RtlEnterCriticalSection] guest=0x82A52D34
[KeGetCurrentProcessType] -> 1 (USER)
[RtlEnterCriticalSection] guest=0x30000610
[RtlLeaveCriticalSection] guest=0x30000610
[RtlLeaveCriticalSection] guest=0x82A52D34
[RtlEnterCriticalSection] guest=0x82A52D34
[MmAllocatePhysicalMemoryEx] guest=0x11AF6000 size=0x78 align=0x1000 flags=0x00000004
[RtlLeaveCriticalSection] guest=0x82A52D34
[RtlEnterCriticalSection] guest=0x82A52D34
[KeGetCurrentProcessType] -> 1 (USER)
[RtlEnterCriticalSection] guest=0x30000610
[RtlLeaveCriticalSection] guest=0x30000610
[RtlLeaveCriticalSection] guest=0x82A52D34
[RtlEnterCriticalSection] guest=0x82A52D34
[MmAllocatePhysicalMemoryEx] guest=0x11AF7000 size=0x3E4 align=0x1000 flags=0x00000404
[RtlLeaveCriticalSection] guest=0x82A52D34
[RtlEnterCriticalSection] guest=0x82A52D34
[KeGetCurrentProcessType] -> 1 (USER)
[RtlEnterCriticalSection] guest=0x30000610
[RtlLeaveCriticalSection] guest=0x30000610
[RtlLeaveCriticalSection] guest=0x82A52D34
[A818 CALLBACK] tid=1 outer=0 inner=0 r28=30000700 r29=30000AB8 slot=8237D1B8 target=8237D1B8 LR=8235A8C8
[A818 CALLBACK] tid=1 outer=0 inner=1 r28=30000700 r29=30000AB8 slot=8237D1B8 target=8237D1B8 LR=8235A8C8
[A818 CALLBACK] tid=1 outer=0 inner=2 r28=30000700 r29=30000AB8 slot=8237D1B8 target=8237D1B8 LR=8235A8C8
[A818 CALLBACK] tid=1 outer=0 inner=3 r28=30000700 r29=30000AB8 slot=8237D1B8 target=8237D1B8 LR=8235A8C8
[A818 CALLBACK] tid=1 outer=0 inner=4 r28=30000700 r29=30000AB8 slot=8237D1B8 target=8237D1B8 LR=8235A8C8
[A818 CALLBACK] tid=1 outer=0 inner=5 r28=30000700 r29=30000AB8 slot=8237D1B8 target=8237D1B8 LR=8235A8C8
[A818 CALLBACK] tid=1 outer=0 inner=6 r28=30000700 r29=30000AB8 slot=8237D1B8 target=8237D1B8 LR=8235A8C8
[A818 CALLBACK] tid=1 outer=0 inner=7 r28=30000700 r29=30000AB8 slot=8237D1B8 target=8237D1B8 LR=8235A8C8
[A818 CALLBACK] tid=1 outer=0 inner=8 r28=30000700 r29=30000AB8 slot=8237D1B8 target=8237D1B8 LR=8235A8C8
[A818 CALLBACK] tid=1 outer=0 inner=9 r28=30000700 r29=30000AB8 slot=8237D1B8 target=8237D1B8 LR=8235A8C8
[A818 CALLBACK] tid=1 outer=0 inner=10 r28=30000700 r29=30000AB8 slot=8237D1B8 target=8237D1B8 LR=8235A8C8
[A818 CALLBACK] tid=1 outer=0 inner=11 r28=30000700 r29=30000AB8 slot=8237D1B8 target=8237D1B8 LR=8235A8C8
[A818 CALLBACK] tid=1 outer=0 inner=12 r28=30000700 r29=30000AB8 slot=8237D1B8 target=8237D1B8 LR=8235A8C8
[A818 CALLBACK] tid=1 outer=0 inner=13 r28=30000700 r29=30000AB8 slot=8237D1B8 target=8237D1B8 LR=8235A8C8
[A818 CALLBACK] tid=1 outer=0 inner=14 r28=30000700 r29=30000AB8 slot=8237D1B8 target=8237D1B8 LR=8235A8C8
[A818 CALLBACK] tid=1 outer=0 inner=15 r28=30000700 r29=30000AB8 slot=8237D1B8 target=8237D1B8 LR=8235A8C8
[A818 CALLBACK] tid=1 outer=1 inner=0 r28=30000700 r29=30000ABC slot=8237D208 target=8237D208 LR=8235A8C8
[A818 CALLBACK] tid=1 outer=1 inner=1 r28=30000700 r29=30000ABC slot=8237D208 target=8237D208 LR=8235A8C8
[A818 CALLBACK] tid=1 outer=1 inner=2 r28=30000700 r29=30000ABC slot=8237D208 target=8237D208 LR=8235A8C8
[A818 CALLBACK] tid=1 outer=1 inner=3 r28=30000700 r29=30000ABC slot=8237D208 target=8237D208 LR=8235A8C8
[A818 CALLBACK] tid=1 outer=1 inner=4 r28=30000700 r29=30000ABC slot=8237D208 target=8237D208 LR=8235A8C8
[A818 CALLBACK] tid=1 outer=1 inner=5 r28=30000700 r29=30000ABC slot=8237D208 target=8237D208 LR=8235A8C8
[A818 CALLBACK] tid=1 outer=1 inner=6 r28=30000700 r29=30000ABC slot=8237D208 target=8237D208 LR=8235A8C8
[A818 CALLBACK] tid=1 outer=1 inner=7 r28=30000700 r29=30000ABC slot=8237D208 target=8237D208 LR=8235A8C8
[A818 CALLBACK] tid=1 outer=1 inner=8 r28=30000700 r29=30000ABC slot=8237D208 target=8237D208 LR=8235A8C8
[A818 CALLBACK] tid=1 outer=1 inner=9 r28=30000700 r29=30000ABC slot=8237D208 target=8237D208 LR=8235A8C8
[A818 CALLBACK] tid=1 outer=1 inner=10 r28=30000700 r29=30000ABC slot=8237D208 target=8237D208 LR=8235A8C8
[A818 CALLBACK] tid=1 outer=1 inner=11 r28=30000700 r29=30000ABC slot=8237D208 target=8237D208 LR=8235A8C8
[A818 CALLBACK] tid=1 outer=1 inner=12 r28=30000700 r29=30000ABC slot=8237D208 target=8237D208 LR=8235A8C8
[A818 CALLBACK] tid=1 outer=1 inner=13 r28=30000700 r29=30000ABC slot=8237D208 target=8237D208 LR=8235A8C8
[A818 CALLBACK] tid=1 outer=1 inner=14 r28=30000700 r29=30000ABC slot=8237D208 target=8237D208 LR=8235A8C8
[A818 CALLBACK] tid=1 outer=1 inner=15 r28=30000700 r29=30000ABC slot=8237D208 target=8237D208 LR=8235A8C8
[A818 CALLBACK] tid=1 outer=2 inner=0 r28=30000700 r29=30000AC0 slot=8237D258 target=8237D258 LR=8235A8C8
[A818 CALLBACK] tid=1 outer=2 inner=1 r28=30000700 r29=30000AC0 slot=8237D258 target=8237D258 LR=8235A8C8
[A818 CALLBACK] tid=1 outer=2 inner=2 r28=30000700 r29=30000AC0 slot=8237D258 target=8237D258 LR=8235A8C8
[A818 CALLBACK] tid=1 outer=2 inner=3 r28=30000700 r29=30000AC0 slot=8237D258 target=8237D258 LR=8235A8C8
[A818 CALLBACK] tid=1 outer=2 inner=4 r28=30000700 r29=30000AC0 slot=8237D258 target=8237D258 LR=8235A8C8
[A818 CALLBACK] tid=1 outer=2 inner=5 r28=30000700 r29=30000AC0 slot=8237D258 target=8237D258 LR=8235A8C8
[A818 CALLBACK] tid=1 outer=2 inner=6 r28=30000700 r29=30000AC0 slot=8237D258 target=8237D258 LR=8235A8C8
[A818 CALLBACK] tid=1 outer=2 inner=7 r28=30000700 r29=30000AC0 slot=8237D258 target=8237D258 LR=8235A8C8
[A818 CALLBACK] tid=1 outer=2 inner=8 r28=30000700 r29=30000AC0 slot=8237D258 target=8237D258 LR=8235A8C8
[A818 CALLBACK] tid=1 outer=2 inner=9 r28=30000700 r29=30000AC0 slot=8237D258 target=8237D258 LR=8235A8C8
[A818 CALLBACK] tid=1 outer=2 inner=10 r28=30000700 r29=30000AC0 slot=8237D258 target=8237D258 LR=8235A8C8
[A818 CALLBACK] tid=1 outer=2 inner=11 r28=30000700 r29=30000AC0 slot=8237D258 target=8237D258 LR=8235A8C8
[A818 CALLBACK] tid=1 outer=2 inner=12 r28=30000700 r29=30000AC0 slot=8237D258 target=8237D258 LR=8235A8C8
[A818 CALLBACK] tid=1 outer=2 inner=13 r28=30000700 r29=30000AC0 slot=8237D258 target=8237D258 LR=8235A8C8
[A818 CALLBACK] tid=1 outer=2 inner=14 r28=30000700 r29=30000AC0 slot=8237D258 target=8237D258 LR=8235A8C8
[A818 CALLBACK] tid=1 outer=2 inner=15 r28=30000700 r29=30000AC0 slot=8237D258 target=8237D258 LR=8235A8C8
[A818 CALLBACK] tid=1 outer=3 inner=0 r28=30000700 r29=30000AC4 slot=8237D160 target=8237D160 LR=8235A8C8
[A818 CALLBACK] tid=1 outer=3 inner=1 r28=30000700 r29=30000AC4 slot=8237D160 target=8237D160 LR=8235A8C8
[A818 CALLBACK] tid=1 outer=3 inner=2 r28=30000700 r29=30000AC4 slot=8237D160 target=8237D160 LR=8235A8C8
[A818 CALLBACK] tid=1 outer=3 inner=3 r28=30000700 r29=30000AC4 slot=8237D160 target=8237D160 LR=8235A8C8
[A818 CALLBACK] tid=1 outer=3 inner=4 r28=30000700 r29=30000AC4 slot=8237D160 target=8237D160 LR=8235A8C8
[A818 CALLBACK] tid=1 outer=3 inner=5 r28=30000700 r29=30000AC4 slot=8237D160 target=8237D160 LR=8235A8C8
[A818 CALLBACK] tid=1 outer=3 inner=6 r28=30000700 r29=30000AC4 slot=8237D160 target=8237D160 LR=8235A8C8
[A818 CALLBACK] tid=1 outer=3 inner=7 r28=30000700 r29=30000AC4 slot=8237D160 target=8237D160 LR=8235A8C8
[THREAD WAKE] id=2 object=300032CC status=00000102
[KeGetCurrentProcessType] -> 1 (USER)
[A818 CALLBACK] tid=1 outer=3 inner=8 r28=30000700 r29=30000AC4 slot=8237D160 target=8237D160 LR=8235A8C8
[A818 CALLBACK] tid=1 outer=3 inner=9 r28=30000700 r29=30000AC4 slot=8237D160 target=8237D160 LR=8235A8C8
[A818 CALLBACK] tid=1 outer=3 inner=10 r28=30000700 r29=30000AC4 slot=8237D160 target=8237D160 LR=8235A8C8
[A818 CALLBACK] tid=1 outer=3 inner=11 r28=30000700 r29=30000AC4 slot=8237D160 target=8237D160 LR=8235A8C8
[A818 CALLBACK] tid=1 outer=3 inner=12 r28=30000700 r29=30000AC4 slot=8237D160 target=8237D160 LR=8235A8C8
[A818 CALLBACK] tid=1 outer=3 inner=13 r28=30000700 r29=30000AC4 slot=8237D160 target=8237D160 LR=8235A8C8
[A818 CALLBACK] tid=1 outer=3 inner=14 r28=30000700 r29=30000AC4 slot=8237D160 target=8237D160 LR=8235A8C8
[A818 CALLBACK] tid=1 outer=3 inner=15 r28=30000700 r29=30000AC4 slot=8237D160 target=8237D160 LR=8235A8C8
[A818 CALLBACK] tid=1 outer=4 inner=0 r28=30000700 r29=30000AC8 slot=8237CC90 target=8237CC90 LR=8235A8C8
[A818 CALLBACK] tid=1 outer=4 inner=1 r28=30000700 r29=30000AC8 slot=8237CC90 target=8237CC90 LR=8235A8C8
[A818 CALLBACK] tid=1 outer=4 inner=2 r28=30000700 r29=30000AC8 slot=8237CC90 target=8237CC90 LR=8235A8C8
[A818 CALLBACK] tid=1 outer=4 inner=3 r28=30000700 r29=30000AC8 slot=8237CC90 target=8237CC90 LR=8235A8C8
[A818 CALLBACK] tid=1 outer=4 inner=4 r28=30000700 r29=30000AC8 slot=8237CC90 target=8237CC90 LR=8235A8C8
[A818 CALLBACK] tid=1 outer=4 inner=5 r28=30000700 r29=30000AC8 slot=8237CC90 target=8237CC90 LR=8235A8C8
[A818 CALLBACK] tid=1 outer=4 inner=6 r28=30000700 r29=30000AC8 slot=8237CC90 target=8237CC90 LR=8235A8C8
[A818 CALLBACK] tid=1 outer=4 inner=7 r28=30000700 r29=30000AC8 slot=8237CC90 target=8237CC90 LR=8235A8C8
[A818 CALLBACK] tid=1 outer=4 inner=8 r28=30000700 r29=30000AC8 slot=8237CC90 target=8237CC90 LR=8235A8C8
[A818 CALLBACK] tid=1 outer=4 inner=9 r28=30000700 r29=30000AC8 slot=8237CC90 target=8237CC90 LR=8235A8C8
[A818 CALLBACK] tid=1 outer=4 inner=10 r28=30000700 r29=30000AC8 slot=8237CC90 target=8237CC90 LR=8235A8C8
[A818 CALLBACK] tid=1 outer=4 inner=11 r28=30000700 r29=30000AC8 slot=8237CC90 target=8237CC90 LR=8235A8C8
[A818 CALLBACK] tid=1 outer=4 inner=12 r28=30000700 r29=30000AC8 slot=8237CC90 target=8237CC90 LR=8235A8C8
[A818 CALLBACK] tid=1 outer=4 inner=13 r28=30000700 r29=30000AC8 slot=8237CC90 target=8237CC90 LR=8235A8C8
[A818 CALLBACK] tid=1 outer=4 inner=14 r28=30000700 r29=30000AC8 slot=8237CC90 target=8237CC90 LR=8235A8C8
[A818 CALLBACK] tid=1 outer=4 inner=15 r28=30000700 r29=30000AC8 slot=8237CC90 target=8237CC90 LR=8235A8C8
[A818 CALLBACK] tid=1 outer=5 inner=0 r28=30000700 r29=30000ACC slot=8237CB00 target=8237CB00 LR=8235A8C8
[A818 CALLBACK] tid=1 outer=5 inner=1 r28=30000700 r29=30000ACC slot=8237CB00 target=8237CB00 LR=8235A8C8
[A818 CALLBACK] tid=1 outer=5 inner=2 r28=30000700 r29=30000ACC slot=8237CB00 target=8237CB00 LR=8235A8C8
[A818 CALLBACK] tid=1 outer=5 inner=3 r28=30000700 r29=30000ACC slot=8237CB00 target=8237CB00 LR=8235A8C8
[A818 CALLBACK] tid=1 outer=5 inner=4 r28=30000700 r29=30000ACC slot=8237CB00 target=8237CB00 LR=8235A8C8
[A818 CALLBACK] tid=1 outer=5 inner=5 r28=30000700 r29=30000ACC slot=8237CB00 target=8237CB00 LR=8235A8C8
[A818 CALLBACK] tid=1 outer=5 inner=6 r28=30000700 r29=30000ACC slot=8237CB00 target=8237CB00 LR=8235A8C8
[A818 CALLBACK] tid=1 outer=5 inner=7 r28=30000700 r29=30000ACC slot=8237CB00 target=8237CB00 LR=8235A8C8
[A818 CALLBACK] tid=1 outer=5 inner=8 r28=30000700 r29=30000ACC slot=8237CB00 target=8237CB00 LR=8235A8C8
[A818 CALLBACK] tid=1 outer=5 inner=9 r28=30000700 r29=30000ACC slot=8237CB00 target=8237CB00 LR=8235A8C8
[A818 CALLBACK] tid=1 outer=5 inner=10 r28=30000700 r29=30000ACC slot=8237CB00 target=8237CB00 LR=8235A8C8
[A818 CALLBACK] tid=1 outer=5 inner=11 r28=30000700 r29=30000ACC slot=8237CB00 target=8237CB00 LR=8235A8C8
[A818 CALLBACK] tid=1 outer=5 inner=12 r28=30000700 r29=30000ACC slot=8237CB00 target=8237CB00 LR=8235A8C8
[A818 CALLBACK] tid=1 outer=5 inner=13 r28=30000700 r29=30000ACC slot=8237CB00 target=8237CB00 LR=8235A8C8
[A818 CALLBACK] tid=1 outer=5 inner=14 r28=30000700 r29=30000ACC slot=8237CB00 target=8237CB00 LR=8235A8C8
[A818 CALLBACK] tid=1 outer=5 inner=15 r28=30000700 r29=30000ACC slot=8237CB00 target=8237CB00 LR=8235A8C8
[A818 CALLBACK] tid=1 outer=6 inner=0 r28=30000700 r29=30000AD0 slot=8237CDA0 target=8237CDA0 LR=8235A8C8
[A818 CALLBACK] tid=1 outer=6 inner=1 r28=30000700 r29=30000AD0 slot=8237CDA0 target=8237CDA0 LR=8235A8C8
[A818 CALLBACK] tid=1 outer=6 inner=2 r28=30000700 r29=30000AD0 slot=8237CDA0 target=8237CDA0 LR=8235A8C8
[A818 CALLBACK] tid=1 outer=6 inner=3 r28=30000700 r29=30000AD0 slot=8237CDA0 target=8237CDA0 LR=8235A8C8
[A818 CALLBACK] tid=1 outer=6 inner=4 r28=30000700 r29=30000AD0 slot=8237CDA0 target=8237CDA0 LR=8235A8C8
[A818 CALLBACK] tid=1 outer=6 inner=5 r28=30000700 r29=30000AD0 slot=8237CDA0 target=8237CDA0 LR=8235A8C8
[A818 CALLBACK] tid=1 outer=6 inner=6 r28=30000700 r29=30000AD0 slot=8237CDA0 target=8237CDA0 LR=8235A8C8
[A818 CALLBACK] tid=1 outer=6 inner=7 r28=30000700 r29=30000AD0 slot=8237CDA0 target=8237CDA0 LR=8235A8C8
[A818 CALLBACK] tid=1 outer=6 inner=8 r28=30000700 r29=30000AD0 slot=8237CDA0 target=8237CDA0 LR=8235A8C8
[A818 CALLBACK] tid=1 outer=6 inner=9 r28=30000700 r29=30000AD0 slot=8237CDA0 target=8237CDA0 LR=8235A8C8
[A818 CALLBACK] tid=1 outer=6 inner=10 r28=30000700 r29=30000AD0 slot=8237CDA0 target=8237CDA0 LR=8235A8C8
[A818 CALLBACK] tid=1 outer=6 inner=11 r28=30000700 r29=30000AD0 slot=8237CDA0 target=8237CDA0 LR=8235A8C8
[A818 CALLBACK] tid=1 outer=6 inner=12 r28=30000700 r29=30000AD0 slot=8237CDA0 target=8237CDA0 LR=8235A8C8
[A818 CALLBACK] tid=1 outer=6 inner=13 r28=30000700 r29=30000AD0 slot=8237CDA0 target=8237CDA0 LR=8235A8C8
[A818 CALLBACK] tid=1 outer=6 inner=14 r28=30000700 r29=30000AD0 slot=8237CDA0 target=8237CDA0 LR=8235A8C8
[A818 CALLBACK] tid=1 outer=6 inner=15 r28=30000700 r29=30000AD0 slot=8237CDA0 target=8237CDA0 LR=8235A8C8
[A818 CALLBACK] tid=1 outer=7 inner=0 r28=30000700 r29=30000AD4 slot=8237CFD0 target=8237CFD0 LR=8235A8C8
[A818 CALLBACK] tid=1 outer=7 inner=1 r28=30000700 r29=30000AD4 slot=8237CFD0 target=8237CFD0 LR=8235A8C8
[A818 CALLBACK] tid=1 outer=7 inner=2 r28=30000700 r29=30000AD4 slot=8237CFD0 target=8237CFD0 LR=8235A8C8
[A818 CALLBACK] tid=1 outer=7 inner=3 r28=30000700 r29=30000AD4 slot=8237CFD0 target=8237CFD0 LR=8235A8C8
[A818 CALLBACK] tid=1 outer=7 inner=4 r28=30000700 r29=30000AD4 slot=8237CFD0 target=8237CFD0 LR=8235A8C8
[A818 CALLBACK] tid=1 outer=7 inner=5 r28=30000700 r29=30000AD4 slot=8237CFD0 target=8237CFD0 LR=8235A8C8
[A818 CALLBACK] tid=1 outer=7 inner=6 r28=30000700 r29=30000AD4 slot=8237CFD0 target=8237CFD0 LR=8235A8C8
[A818 CALLBACK] tid=1 outer=7 inner=7 r28=30000700 r29=30000AD4 slot=8237CFD0 target=8237CFD0 LR=8235A8C8
[A818 CALLBACK] tid=1 outer=7 inner=8 r28=30000700 r29=30000AD4 slot=8237CFD0 target=8237CFD0 LR=8235A8C8
[A818 CALLBACK] tid=1 outer=7 inner=9 r28=30000700 r29=30000AD4 slot=8237CFD0 target=8237CFD0 LR=8235A8C8
[A818 CALLBACK] tid=1 outer=7 inner=10 r28=30000700 r29=30000AD4 slot=8237CFD0 target=8237CFD0 LR=8235A8C8
[A818 CALLBACK] tid=1 outer=7 inner=11 r28=30000700 r29=30000AD4 slot=8237CFD0 target=8237CFD0 LR=8235A8C8
[A818 CALLBACK] tid=1 outer=7 inner=12 r28=30000700 r29=30000AD4 slot=8237CFD0 target=8237CFD0 LR=8235A8C8
[A818 CALLBACK] tid=1 outer=7 inner=13 r28=30000700 r29=30000AD4 slot=8237CFD0 target=8237CFD0 LR=8235A8C8
[A818 CALLBACK] tid=1 outer=7 inner=14 r28=30000700 r29=30000AD4 slot=8237CFD0 target=8237CFD0 LR=8235A8C8
[A818 CALLBACK] tid=1 outer=7 inner=15 r28=30000700 r29=30000AD4 slot=8237CFD0 target=8237CFD0 LR=8235A8C8
[A818 CALLBACK] tid=1 outer=8 inner=0 r28=30000700 r29=30000AD8 slot=8237D080 target=8237D080 LR=8235A8C8
[A818 CALLBACK] tid=1 outer=8 inner=1 r28=30000700 r29=30000AD8 slot=8237D080 target=8237D080 LR=8235A8C8
[A818 CALLBACK] tid=1 outer=8 inner=2 r28=30000700 r29=30000AD8 slot=8237D080 target=8237D080 LR=8235A8C8
[A818 CALLBACK] tid=1 outer=8 inner=3 r28=30000700 r29=30000AD8 slot=8237D080 target=8237D080 LR=8235A8C8
[A818 CALLBACK] tid=1 outer=8 inner=4 r28=30000700 r29=30000AD8 slot=8237D080 target=8237D080 LR=8235A8C8
[RtlEnterCriticalSection] guest=0x30003DE0
[A818 CALLBACK] tid=1 outer=8 inner=5 r28=30000700 r29=30000AD8 slot=8237D080 target=8237D080 LR=8235A8C8
[RtlLeaveCriticalSection] guest=0x30003DE0
[A818 CALLBACK] tid=1 outer=8 inner=6 r28=30000700 r29=30000AD8 slot=8237D080 target=8237D080 LR=8235A8C8
[A818 CALLBACK] tid=1 outer=8 inner=7 r28=30000700 r29=30000AD8 slot=8237D080 target=8237D080 LR=8235A8C8
[A818 CALLBACK] tid=1 outer=8 inner=8 r28=30000700 r29=30000AD8 slot=8237D080 target=8237D080 LR=8235A8C8
[A818 CALLBACK] tid=1 outer=8 inner=9 r28=30000700 r29=30000AD8 slot=8237D080 target=8237D080 LR=8235A8C8
[A818 CALLBACK] tid=1 outer=8 inner=10 r28=30000700 r29=30000AD8 slot=8237D080 target=8237D080 LR=8235A8C8
[A818 CALLBACK] tid=1 outer=8 inner=11 r28=30000700 r29=30000AD8 slot=8237D080 target=8237D080 LR=8235A8C8
[A818 CALLBACK] tid=1 outer=8 inner=12 r28=30000700 r29=30000AD8 slot=8237D080 target=8237D080 LR=8235A8C8
[A818 CALLBACK] tid=1 outer=8 inner=13 r28=30000700 r29=30000AD8 slot=8237D080 target=8237D080 LR=8235A8C8
[A818 CALLBACK] tid=1 outer=8 inner=14 r28=30000700 r29=30000AD8 slot=8237D080 target=8237D080 LR=8235A8C8
[A818 CALLBACK] tid=1 outer=8 inner=15 r28=30000700 r29=30000AD8 slot=8237D080 target=8237D080 LR=8235A8C8
[A818 CALLBACK] tid=1 outer=9 inner=0 r28=30000700 r29=30000ADC slot=8237CEB8 target=8237CEB8 LR=8235A8C8
[A818 CALLBACK] tid=1 outer=9 inner=1 r28=30000700 r29=30000ADC slot=8237CEB8 target=8237CEB8 LR=8235A8C8
[A818 CALLBACK] tid=1 outer=9 inner=2 r28=30000700 r29=30000ADC slot=8237CEB8 target=8237CEB8 LR=8235A8C8
[A818 CALLBACK] tid=1 outer=9 inner=3 r28=30000700 r29=30000ADC slot=8237CEB8 target=8237CEB8 LR=8235A8C8
[A818 CALLBACK] tid=1 outer=9 inner=4 r28=30000700 r29=30000ADC slot=8237CEB8 target=8237CEB8 LR=8235A8C8
[A818 CALLBACK] tid=1 outer=9 inner=5 r28=30000700 r29=30000ADC slot=8237CEB8 target=8237CEB8 LR=8235A8C8
[A818 CALLBACK] tid=1 outer=9 inner=6 r28=30000700 r29=30000ADC slot=8237CEB8 target=8237CEB8 LR=8235A8C8
[A818 CALLBACK] tid=1 outer=9 inner=7 r28=30000700 r29=30000ADC slot=8237CEB8 target=8237CEB8 LR=8235A8C8
[A818 CALLBACK] tid=1 outer=9 inner=8 r28=30000700 r29=30000ADC slot=8237CEB8 target=8237CEB8 LR=8235A8C8
[A818 CALLBACK] tid=1 outer=9 inner=9 r28=30000700 r29=30000ADC slot=8237CEB8 target=8237CEB8 LR=8235A8C8
[A818 CALLBACK] tid=1 outer=9 inner=10 r28=30000700 r29=30000ADC slot=8237CEB8 target=8237CEB8 LR=8235A8C8
[A818 CALLBACK] tid=1 outer=9 inner=11 r28=30000700 r29=30000ADC slot=8237CEB8 target=8237CEB8 LR=8235A8C8
[A818 CALLBACK] tid=1 outer=9 inner=12 r28=30000700 r29=30000ADC slot=8237CEB8 target=8237CEB8 LR=8235A8C8
[A818 CALLBACK] tid=1 outer=9 inner=13 r28=30000700 r29=30000ADC slot=8237CEB8 target=8237CEB8 LR=8235A8C8
[A818 CALLBACK] tid=1 outer=9 inner=14 r28=30000700 r29=30000ADC slot=8237CEB8 target=8237CEB8 LR=8235A8C8
[A818 CALLBACK] tid=1 outer=9 inner=15 r28=30000700 r29=30000ADC slot=8237CEB8 target=8237CEB8 LR=8235A8C8
[A818 CALLBACK] tid=1 outer=10 inner=0 r28=30000700 r29=30000AE0 slot=8237CD50 target=8237CD50 LR=8235A8C8
[A818 CALLBACK] tid=1 outer=10 inner=1 r28=30000700 r29=30000AE0 slot=8237CD50 target=8237CD50 LR=8235A8C8
[A818 CALLBACK] tid=1 outer=10 inner=2 r28=30000700 r29=30000AE0 slot=8237CD50 target=8237CD50 LR=8235A8C8
[A818 CALLBACK] tid=1 outer=10 inner=3 r28=30000700 r29=30000AE0 slot=8237CD50 target=8237CD50 LR=8235A8C8
[A818 CALLBACK] tid=1 outer=10 inner=4 r28=30000700 r29=30000AE0 slot=8237CD50 target=8237CD50 LR=8235A8C8
[A818 CALLBACK] tid=1 outer=10 inner=5 r28=30000700 r29=30000AE0 slot=8237CD50 target=8237CD50 LR=8235A8C8
[A818 CALLBACK] tid=1 outer=10 inner=6 r28=30000700 r29=30000AE0 slot=8237CD50 target=8237CD50 LR=8235A8C8
[A818 CALLBACK] tid=1 outer=10 inner=7 r28=30000700 r29=30000AE0 slot=8237CD50 target=8237CD50 LR=8235A8C8
[A818 CALLBACK] tid=1 outer=10 inner=8 r28=30000700 r29=30000AE0 slot=8237CD50 target=8237CD50 LR=8235A8C8
[A818 CALLBACK] tid=1 outer=10 inner=9 r28=30000700 r29=30000AE0 slot=8237CD50 target=8237CD50 LR=8235A8C8
[A818 CALLBACK] tid=1 outer=10 inner=10 r28=30000700 r29=30000AE0 slot=8237CD50 target=8237CD50 LR=8235A8C8
[A818 CALLBACK] tid=1 outer=10 inner=11 r28=30000700 r29=30000AE0 slot=8237CD50 target=8237CD50 LR=8235A8C8
[A818 CALLBACK] tid=1 outer=10 inner=12 r28=30000700 r29=30000AE0 slot=8237CD50 target=8237CD50 LR=8235A8C8
[A818 CALLBACK] tid=1 outer=10 inner=13 r28=30000700 r29=30000AE0 slot=8237CD50 target=8237CD50 LR=8235A8C8
[A818 CALLBACK] tid=1 outer=10 inner=14 r28=30000700 r29=30000AE0 slot=8237CD50 target=8237CD50 LR=8235A8C8
[A818 CALLBACK] tid=1 outer=10 inner=15 r28=30000700 r29=30000AE0 slot=8237CD50 target=8237CD50 LR=8235A8C8
[A818 CALLBACK] tid=1 outer=11 inner=0 r28=30000700 r29=30000AE4 slot=8237CBC0 target=8237CBC0 LR=8235A8C8
[A818 CALLBACK] tid=1 outer=11 inner=1 r28=30000700 r29=30000AE4 slot=8237CBC0 target=8237CBC0 LR=8235A8C8
[A818 CALLBACK] tid=1 outer=11 inner=2 r28=30000700 r29=30000AE4 slot=8237CBC0 target=8237CBC0 LR=8235A8C8
[A818 CALLBACK] tid=1 outer=11 inner=3 r28=30000700 r29=30000AE4 slot=8237CBC0 target=8237CBC0 LR=8235A8C8
[A818 CALLBACK] tid=1 outer=11 inner=4 r28=30000700 r29=30000AE4 slot=8237CBC0 target=8237CBC0 LR=8235A8C8
[A818 CALLBACK] tid=1 outer=11 inner=5 r28=30000700 r29=30000AE4 slot=8237CBC0 target=8237CBC0 LR=8235A8C8
[A818 CALLBACK] tid=1 outer=11 inner=6 r28=30000700 r29=30000AE4 slot=8237CBC0 target=8237CBC0 LR=8235A8C8
[A818 CALLBACK] tid=1 outer=11 inner=7 r28=30000700 r29=30000AE4 slot=8237CBC0 target=8237CBC0 LR=8235A8C8
[A818 CALLBACK] tid=1 outer=11 inner=8 r28=30000700 r29=30000AE4 slot=8237CBC0 target=8237CBC0 LR=8235A8C8
[A818 CALLBACK] tid=1 outer=11 inner=9 r28=30000700 r29=30000AE4 slot=8237CBC0 target=8237CBC0 LR=8235A8C8
[A818 CALLBACK] tid=1 outer=11 inner=10 r28=30000700 r29=30000AE4 slot=8237CBC0 target=8237CBC0 LR=8235A8C8
[A818 CALLBACK] tid=1 outer=11 inner=11 r28=30000700 r29=30000AE4 slot=8237CBC0 target=8237CBC0 LR=8235A8C8
[A818 CALLBACK] tid=1 outer=11 inner=12 r28=30000700 r29=30000AE4 slot=8237CBC0 target=8237CBC0 LR=8235A8C8
[A818 CALLBACK] tid=1 outer=11 inner=13 r28=30000700 r29=30000AE4 slot=8237CBC0 target=8237CBC0 LR=8235A8C8
[A818 CALLBACK] tid=1 outer=11 inner=14 r28=30000700 r29=30000AE4 slot=8237CBC0 target=8237CBC0 LR=8235A8C8
[A818 CALLBACK] tid=1 outer=11 inner=15 r28=30000700 r29=30000AE4 slot=8237CBC0 target=8237CBC0 LR=8235A8C8
[A818 CALLBACK] tid=1 outer=12 inner=0 r28=30000700 r29=30000AE8 slot=8237CE40 target=8237CE40 LR=8235A8C8
[A818 CALLBACK] tid=1 outer=12 inner=1 r28=30000700 r29=30000AE8 slot=8237CE40 target=8237CE40 LR=8235A8C8
[A818 CALLBACK] tid=1 outer=12 inner=2 r28=30000700 r29=30000AE8 slot=8237CE40 target=8237CE40 LR=8235A8C8
[A818 CALLBACK] tid=1 outer=12 inner=3 r28=30000700 r29=30000AE8 slot=8237CE40 target=8237CE40 LR=8235A8C8
[A818 CALLBACK] tid=1 outer=12 inner=4 r28=30000700 r29=30000AE8 slot=8237CE40 target=8237CE40 LR=8235A8C8
[A818 CALLBACK] tid=1 outer=12 inner=5 r28=30000700 r29=30000AE8 slot=8237CE40 target=8237CE40 LR=8235A8C8
[A818 CALLBACK] tid=1 outer=12 inner=6 r28=30000700 r29=30000AE8 slot=8237CE40 target=8237CE40 LR=8235A8C8
[A818 CALLBACK] tid=1 outer=12 inner=7 r28=30000700 r29=30000AE8 slot=8237CE40 target=8237CE40 LR=8235A8C8
[A818 CALLBACK] tid=1 outer=12 inner=8 r28=30000700 r29=30000AE8 slot=8237CE40 target=8237CE40 LR=8235A8C8
[A818 CALLBACK] tid=1 outer=12 inner=9 r28=30000700 r29=30000AE8 slot=8237CE40 target=8237CE40 LR=8235A8C8
[A818 CALLBACK] tid=1 outer=12 inner=10 r28=30000700 r29=30000AE8 slot=8237CE40 target=8237CE40 LR=8235A8C8
[A818 CALLBACK] tid=1 outer=12 inner=11 r28=30000700 r29=30000AE8 slot=8237CE40 target=8237CE40 LR=8235A8C8
[A818 CALLBACK] tid=1 outer=12 inner=12 r28=30000700 r29=30000AE8 slot=8237CE40 target=8237CE40 LR=8235A8C8
[A818 CALLBACK] tid=1 outer=12 inner=13 r28=30000700 r29=30000AE8 slot=8237CE40 target=8237CE40 LR=8235A8C8
[A818 CALLBACK] tid=1 outer=12 inner=14 r28=30000700 r29=30000AE8 slot=8237CE40 target=8237CE40 LR=8235A8C8
[A818 CALLBACK] tid=1 outer=12 inner=15 r28=30000700 r29=30000AE8 slot=8237CE40 target=8237CE40 LR=8235A8C8
[A818 CALLBACK] tid=1 outer=13 inner=0 r28=30000700 r29=30000AEC slot=8237D100 target=8237D100 LR=8235A8C8
[A818 CALLBACK] tid=1 outer=13 inner=1 r28=30000700 r29=30000AEC slot=8237D100 target=8237D100 LR=8235A8C8
[A818 CALLBACK] tid=1 outer=13 inner=2 r28=30000700 r29=30000AEC slot=8237D100 target=8237D100 LR=8235A8C8
[A818 CALLBACK] tid=1 outer=13 inner=3 r28=30000700 r29=30000AEC slot=8237D100 target=8237D100 LR=8235A8C8
[A818 CALLBACK] tid=1 outer=13 inner=4 r28=30000700 r29=30000AEC slot=8237D100 target=8237D100 LR=8235A8C8
[A818 CALLBACK] tid=1 outer=13 inner=5 r28=30000700 r29=30000AEC slot=8237D100 target=8237D100 LR=8235A8C8
[A818 CALLBACK] tid=1 outer=13 inner=6 r28=30000700 r29=30000AEC slot=8237D100 target=8237D100 LR=8235A8C8
[A818 CALLBACK] tid=1 outer=13 inner=7 r28=30000700 r29=30000AEC slot=8237D100 target=8237D100 LR=8235A8C8
[A818 CALLBACK] tid=1 outer=13 inner=8 r28=30000700 r29=30000AEC slot=8237D100 target=8237D100 LR=8235A8C8
[A818 CALLBACK] tid=1 outer=13 inner=9 r28=30000700 r29=30000AEC slot=8237D100 target=8237D100 LR=8235A8C8
[A818 CALLBACK] tid=1 outer=13 inner=10 r28=30000700 r29=30000AEC slot=8237D100 target=8237D100 LR=8235A8C8
[A818 CALLBACK] tid=1 outer=13 inner=11 r28=30000700 r29=30000AEC slot=8237D100 target=8237D100 LR=8235A8C8
[A818 CALLBACK] tid=1 outer=13 inner=12 r28=30000700 r29=30000AEC slot=8237D100 target=8237D100 LR=8235A8C8
[A818 CALLBACK] tid=1 outer=13 inner=13 r28=30000700 r29=30000AEC slot=8237D100 target=8237D100 LR=8235A8C8
[A818 CALLBACK] tid=1 outer=13 inner=14 r28=30000700 r29=30000AEC slot=8237D100 target=8237D100 LR=8235A8C8
[A818 CALLBACK] tid=1 outer=13 inner=15 r28=30000700 r29=30000AEC slot=8237D100 target=8237D100 LR=8235A8C8
[A818 CALLBACK] tid=1 outer=14 inner=0 r28=30000700 r29=30000AF0 slot=8237D2B0 target=8237D2B0 LR=8235A8C8
[A818 CALLBACK] tid=1 outer=14 inner=1 r28=30000700 r29=30000AF0 slot=8237D2B0 target=8237D2B0 LR=8235A8C8
[A818 CALLBACK] tid=1 outer=14 inner=2 r28=30000700 r29=30000AF0 slot=8237D2B0 target=8237D2B0 LR=8235A8C8
[A818 CALLBACK] tid=1 outer=14 inner=3 r28=30000700 r29=30000AF0 slot=8237D2B0 target=8237D2B0 LR=8235A8C8
[A818 CALLBACK] tid=1 outer=14 inner=4 r28=30000700 r29=30000AF0 slot=8237D2B0 target=8237D2B0 LR=8235A8C8
[A818 CALLBACK] tid=1 outer=14 inner=5 r28=30000700 r29=30000AF0 slot=8237D2B0 target=8237D2B0 LR=8235A8C8
[A818 CALLBACK] tid=1 outer=14 inner=6 r28=30000700 r29=30000AF0 slot=8237D2B0 target=8237D2B0 LR=8235A8C8
[A818 CALLBACK] tid=1 outer=14 inner=7 r28=30000700 r29=30000AF0 slot=8237D2B0 target=8237D2B0 LR=8235A8C8
[A818 CALLBACK] tid=1 outer=14 inner=8 r28=30000700 r29=30000AF0 slot=8237D2B0 target=8237D2B0 LR=8235A8C8
[A818 CALLBACK] tid=1 outer=14 inner=9 r28=30000700 r29=30000AF0 slot=8237D2B0 target=8237D2B0 LR=8235A8C8
[A818 CALLBACK] tid=1 outer=14 inner=10 r28=30000700 r29=30000AF0 slot=8237D2B0 target=8237D2B0 LR=8235A8C8
[A818 CALLBACK] tid=1 outer=14 inner=11 r28=30000700 r29=30000AF0 slot=8237D2B0 target=8237D2B0 LR=8235A8C8
[A818 CALLBACK] tid=1 outer=14 inner=12 r28=30000700 r29=30000AF0 slot=8237D2B0 target=8237D2B0 LR=8235A8C8
[A818 CALLBACK] tid=1 outer=14 inner=13 r28=30000700 r29=30000AF0 slot=8237D2B0 target=8237D2B0 LR=8235A8C8
[A818 CALLBACK] tid=1 outer=14 inner=14 r28=30000700 r29=30000AF0 slot=8237D2B0 target=8237D2B0 LR=8235A8C8
[A818 CALLBACK] tid=1 outer=14 inner=15 r28=30000700 r29=30000AF0 slot=8237D2B0 target=8237D2B0 LR=8235A8C8
[A818 CALLBACK] tid=1 outer=15 inner=0 r28=30000700 r29=30000AF4 slot=8237CF28 target=8237CF28 LR=8235A8C8
[A818 CALLBACK] tid=1 outer=15 inner=1 r28=30000700 r29=30000AF4 slot=8237CF28 target=8237CF28 LR=8235A8C8
[A818 CALLBACK] tid=1 outer=15 inner=2 r28=30000700 r29=30000AF4 slot=8237CF28 target=8237CF28 LR=8235A8C8
[A818 CALLBACK] tid=1 outer=15 inner=3 r28=30000700 r29=30000AF4 slot=8237CF28 target=8237CF28 LR=8235A8C8
[A818 CALLBACK] tid=1 outer=15 inner=4 r28=30000700 r29=30000AF4 slot=8237CF28 target=8237CF28 LR=8235A8C8
[A818 CALLBACK] tid=1 outer=15 inner=5 r28=30000700 r29=30000AF4 slot=8237CF28 target=8237CF28 LR=8235A8C8
[A818 CALLBACK] tid=1 outer=15 inner=6 r28=30000700 r29=30000AF4 slot=8237CF28 target=8237CF28 LR=8235A8C8
[A818 CALLBACK] tid=1 outer=15 inner=7 r28=30000700 r29=30000AF4 slot=8237CF28 target=8237CF28 LR=8235A8C8
[A818 CALLBACK] tid=1 outer=15 inner=8 r28=30000700 r29=30000AF4 slot=8237CF28 target=8237CF28 LR=8235A8C8
[A818 CALLBACK] tid=1 outer=15 inner=9 r28=30000700 r29=30000AF4 slot=8237CF28 target=8237CF28 LR=8235A8C8
[A818 CALLBACK] tid=1 outer=15 inner=10 r28=30000700 r29=30000AF4 slot=8237CF28 target=8237CF28 LR=8235A8C8
[A818 CALLBACK] tid=1 outer=15 inner=11 r28=30000700 r29=30000AF4 slot=8237CF28 target=8237CF28 LR=8235A8C8
[A818 CALLBACK] tid=1 outer=15 inner=12 r28=30000700 r29=30000AF4 slot=8237CF28 target=8237CF28 LR=8235A8C8
[A818 CALLBACK] tid=1 outer=15 inner=13 r28=30000700 r29=30000AF4 slot=8237CF28 target=8237CF28 LR=8235A8C8
[A818 CALLBACK] tid=1 outer=15 inner=14 r28=30000700 r29=30000AF4 slot=8237CF28 target=8237CF28 LR=8235A8C8
[A818 CALLBACK] tid=1 outer=15 inner=15 r28=30000700 r29=30000AF4 slot=8237CF28 target=8237CF28 LR=8235A8C8
[A818 CALLBACK] tid=1 outer=16 inner=0 r28=30000700 r29=30000AF8 slot=8237D308 target=8237D308 LR=8235A8C8
[A818 CALLBACK] tid=1 outer=16 inner=1 r28=30000700 r29=30000AF8 slot=8237D308 target=8237D308 LR=8235A8C8
[A818 CALLBACK] tid=1 outer=16 inner=2 r28=30000700 r29=30000AF8 slot=8237D308 target=8237D308 LR=8235A8C8
[A818 CALLBACK] tid=1 outer=16 inner=3 r28=30000700 r29=30000AF8 slot=8237D308 target=8237D308 LR=8235A8C8
[A818 CALLBACK] tid=1 outer=16 inner=4 r28=30000700 r29=30000AF8 slot=8237D308 target=8237D308 LR=8235A8C8
[A818 CALLBACK] tid=1 outer=16 inner=5 r28=30000700 r29=30000AF8 slot=8237D308 target=8237D308 LR=8235A8C8
[A818 CALLBACK] tid=1 outer=16 inner=6 r28=30000700 r29=30000AF8 slot=8237D308 target=8237D308 LR=8235A8C8
[A818 CALLBACK] tid=1 outer=16 inner=7 r28=30000700 r29=30000AF8 slot=8237D308 target=8237D308 LR=8235A8C8
[A818 CALLBACK] tid=1 outer=16 inner=8 r28=30000700 r29=30000AF8 slot=8237D308 target=8237D308 LR=8235A8C8
[A818 CALLBACK] tid=1 outer=16 inner=9 r28=30000700 r29=30000AF8 slot=8237D308 target=8237D308 LR=8235A8C8
[A818 CALLBACK] tid=1 outer=16 inner=10 r28=30000700 r29=30000AF8 slot=8237D308 target=8237D308 LR=8235A8C8
[A818 CALLBACK] tid=1 outer=16 inner=11 r28=30000700 r29=30000AF8 slot=8237D308 target=8237D308 LR=8235A8C8
[A818 CALLBACK] tid=1 outer=16 inner=12 r28=30000700 r29=30000AF8 slot=8237D308 target=8237D308 LR=8235A8C8
[A818 CALLBACK] tid=1 outer=16 inner=13 r28=30000700 r29=30000AF8 slot=8237D308 target=8237D308 LR=8235A8C8
[A818 CALLBACK] tid=1 outer=16 inner=14 r28=30000700 r29=30000AF8 slot=8237D308 target=8237D308 LR=8235A8C8
[A818 CALLBACK] tid=1 outer=16 inner=15 r28=30000700 r29=30000AF8 slot=8237D308 target=8237D308 LR=8235A8C8
[A818 CALLBACK] tid=1 outer=17 inner=0 r28=30000700 r29=30000AFC slot=8237D360 target=8237D360 LR=8235A8C8
[A818 CALLBACK] tid=1 outer=17 inner=1 r28=30000700 r29=30000AFC slot=8237D360 target=8237D360 LR=8235A8C8
[A818 CALLBACK] tid=1 outer=17 inner=2 r28=30000700 r29=30000AFC slot=8237D360 target=8237D360 LR=8235A8C8
[A818 CALLBACK] tid=1 outer=17 inner=3 r28=30000700 r29=30000AFC slot=8237D360 target=8237D360 LR=8235A8C8
[A818 CALLBACK] tid=1 outer=17 inner=4 r28=30000700 r29=30000AFC slot=8237D360 target=8237D360 LR=8235A8C8
[A818 CALLBACK] tid=1 outer=17 inner=5 r28=30000700 r29=30000AFC slot=8237D360 target=8237D360 LR=8235A8C8
[A818 CALLBACK] tid=1 outer=17 inner=6 r28=30000700 r29=30000AFC slot=8237D360 target=8237D360 LR=8235A8C8
[A818 CALLBACK] tid=1 outer=17 inner=7 r28=30000700 r29=30000AFC slot=8237D360 target=8237D360 LR=8235A8C8
[A818 CALLBACK] tid=1 outer=17 inner=8 r28=30000700 r29=30000AFC slot=8237D360 target=8237D360 LR=8235A8C8
[A818 CALLBACK] tid=1 outer=17 inner=9 r28=30000700 r29=30000AFC slot=8237D360 target=8237D360 LR=8235A8C8
[A818 CALLBACK] tid=1 outer=17 inner=10 r28=30000700 r29=30000AFC slot=8237D360 target=8237D360 LR=8235A8C8
[A818 CALLBACK] tid=1 outer=17 inner=11 r28=30000700 r29=30000AFC slot=8237D360 target=8237D360 LR=8235A8C8
[A818 CALLBACK] tid=1 outer=17 inner=12 r28=30000700 r29=30000AFC slot=8237D360 target=8237D360 LR=8235A8C8
[A818 CALLBACK] tid=1 outer=17 inner=13 r28=30000700 r29=30000AFC slot=8237D360 target=8237D360 LR=8235A8C8
[A818 CALLBACK] tid=1 outer=17 inner=14 r28=30000700 r29=30000AFC slot=8237D360 target=8237D360 LR=8235A8C8
[A818 CALLBACK] tid=1 outer=17 inner=15 r28=30000700 r29=30000AFC slot=8237D360 target=8237D360 LR=8235A8C8
[A818 CALLBACK] tid=1 outer=18 inner=0 r28=30000700 r29=30000B00 slot=8237D3B8 target=8237D3B8 LR=8235A8C8
[A818 CALLBACK] tid=1 outer=18 inner=1 r28=30000700 r29=30000B00 slot=8237D3B8 target=8237D3B8 LR=8235A8C8
[A818 CALLBACK] tid=1 outer=18 inner=2 r28=30000700 r29=30000B00 slot=8237D3B8 target=8237D3B8 LR=8235A8C8
[A818 CALLBACK] tid=1 outer=18 inner=3 r28=30000700 r29=30000B00 slot=8237D3B8 target=8237D3B8 LR=8235A8C8
[A818 CALLBACK] tid=1 outer=18 inner=4 r28=30000700 r29=30000B00 slot=8237D3B8 target=8237D3B8 LR=8235A8C8
[A818 CALLBACK] tid=1 outer=18 inner=5 r28=30000700 r29=30000B00 slot=8237D3B8 target=8237D3B8 LR=8235A8C8
[A818 CALLBACK] tid=1 outer=18 inner=6 r28=30000700 r29=30000B00 slot=8237D3B8 target=8237D3B8 LR=8235A8C8
[A818 CALLBACK] tid=1 outer=18 inner=7 r28=30000700 r29=30000B00 slot=8237D3B8 target=8237D3B8 LR=8235A8C8
[A818 CALLBACK] tid=1 outer=18 inner=8 r28=30000700 r29=30000B00 slot=8237D3B8 target=8237D3B8 LR=8235A8C8
[A818 CALLBACK] tid=1 outer=18 inner=9 r28=30000700 r29=30000B00 slot=8237D3B8 target=8237D3B8 LR=8235A8C8
[A818 CALLBACK] tid=1 outer=18 inner=10 r28=30000700 r29=30000B00 slot=8237D3B8 target=8237D3B8 LR=8235A8C8
[A818 CALLBACK] tid=1 outer=18 inner=11 r28=30000700 r29=30000B00 slot=8237D3B8 target=8237D3B8 LR=8235A8C8
[A818 CALLBACK] tid=1 outer=18 inner=12 r28=30000700 r29=30000B00 slot=8237D3B8 target=8237D3B8 LR=8235A8C8
[A818 CALLBACK] tid=1 outer=18 inner=13 r28=30000700 r29=30000B00 slot=8237D3B8 target=8237D3B8 LR=8235A8C8
[A818 CALLBACK] tid=1 outer=18 inner=14 r28=30000700 r29=30000B00 slot=8237D3B8 target=8237D3B8 LR=8235A8C8
[THREAD WAIT] id=2 object=300032CC kind=1 reason=3 alertable=0 timeout_ms=30 LR=8238E21C
[A818 CALLBACK] tid=1 outer=18 inner=15 r28=30000700 r29=30000B00 slot=8237D3B8 target=8237D3B8 LR=8235A8C8
[A818 CALLBACK] tid=1 outer=19 inner=0 r28=30000700 r29=30000B04 slot=8237D418 target=8237D418 LR=8235A8C8
[A818 CALLBACK] tid=1 outer=19 inner=1 r28=30000700 r29=30000B04 slot=8237D418 target=8237D418 LR=8235A8C8
[A818 CALLBACK] tid=1 outer=19 inner=2 r28=30000700 r29=30000B04 slot=8237D418 target=8237D418 LR=8235A8C8
[A818 CALLBACK] tid=1 outer=19 inner=3 r28=30000700 r29=30000B04 slot=8237D418 target=8237D418 LR=8235A8C8
[A818 CALLBACK] tid=1 outer=19 inner=4 r28=30000700 r29=30000B04 slot=8237D418 target=8237D418 LR=8235A8C8
[A818 CALLBACK] tid=1 outer=19 inner=5 r28=30000700 r29=30000B04 slot=8237D418 target=8237D418 LR=8235A8C8
[A818 CALLBACK] tid=1 outer=19 inner=6 r28=30000700 r29=30000B04 slot=8237D418 target=8237D418 LR=8235A8C8
[A818 CALLBACK] tid=1 outer=19 inner=7 r28=30000700 r29=30000B04 slot=8237D418 target=8237D418 LR=8235A8C8
[A818 CALLBACK] tid=1 outer=19 inner=8 r28=30000700 r29=30000B04 slot=8237D418 target=8237D418 LR=8235A8C8
[A818 CALLBACK] tid=1 outer=19 inner=9 r28=30000700 r29=30000B04 slot=8237D418 target=8237D418 LR=8235A8C8
[A818 CALLBACK] tid=1 outer=19 inner=10 r28=30000700 r29=30000B04 slot=8237D418 target=8237D418 LR=8235A8C8
[A818 CALLBACK] tid=1 outer=19 inner=11 r28=30000700 r29=30000B04 slot=8237D418 target=8237D418 LR=8235A8C8
[A818 CALLBACK] tid=1 outer=19 inner=12 r28=30000700 r29=30000B04 slot=8237D418 target=8237D418 LR=8235A8C8
[A818 CALLBACK] tid=1 outer=19 inner=13 r28=30000700 r29=30000B04 slot=8237D418 target=8237D418 LR=8235A8C8
[A818 CALLBACK] tid=1 outer=19 inner=14 r28=30000700 r29=30000B04 slot=8237D418 target=8237D418 LR=8235A8C8
[A818 CALLBACK] tid=1 outer=19 inner=15 r28=30000700 r29=30000B04 slot=8237D418 target=8237D418 LR=8235A8C8
[RtlEnterCriticalSection] guest=0x82A52D34
[KeGetCurrentProcessType] -> 1 (USER)
[RtlEnterCriticalSection] guest=0x30000610
[RtlLeaveCriticalSection] guest=0x30000610
[RtlLeaveCriticalSection] guest=0x82A52D34
[RtlEnterCriticalSection] guest=0x82A52D34
[KeGetCurrentProcessType] -> 1 (USER)
[RtlEnterCriticalSection] guest=0x30000610
[RtlLeaveCriticalSection] guest=0x30000610
[RtlLeaveCriticalSection] guest=0x82A52D34
[RtlEnterCriticalSection] guest=0x82A52D34
[KeGetCurrentProcessType] -> 1 (USER)
[RtlEnterCriticalSection] guest=0x30000610
[RtlLeaveCriticalSection] guest=0x30000610
[RtlLeaveCriticalSection] guest=0x82A52D34
[RtlEnterCriticalSection] guest=0x82A52D34
[MmAllocatePhysicalMemoryEx] guest=0x11AF8000 size=0x60000 align=0x1000 flags=0x00000404
[RtlLeaveCriticalSection] guest=0x82A52D34
[ALLOC ARG ENTRY] LR=82151C7C r3=82A49320 r4=00000000 r5=00000000 r6=00000000 r7=00000000 r8=00001000 r9=00000001 r29=00000002 r30=00000000 r31=825EACE8
[ALLOC ARG ENTRY] LR=8234783C r3=82A49328 r4=00000000 r5=00000000 r6=00000000 r7=00000000 r8=00000000 r9=00000000 r29=00000002 r30=00000000 r31=82A49328
[RtlInitializeCriticalSection] guest=0x82A49810
[RtlEnterCriticalSection] guest=0x82A49810
[RtlLeaveCriticalSection] guest=0x82A49810

=== sub_8217E958 RETORNOU ===
r3                     = 0x826B1374
game+3216              = 0x00000500 (1280)
game+3220              = 0x000002D0 (720)
game+4208 graphics     = 0x30000700
global @826971C4       = 0x30000700
config @826971E4 +00   = 0x00000500 (1280)
config @826971E4 +04   = 0x000002D0
config @826971E4 +08   = 0x28280186

Graphics object:
  +10376 = 0x00000001
  +10380 = 0x00000001
  +10384 = 0x1073C000
  +10388 = 0x1073D000
  +13984 = 0x00000000
  +13988 = 0x00000000

sub_8238D410 retornou.
r3 = 0x826B1374
obj+10376 = 0x00000000
obj+10380 = 0x00000000
obj+10384 = 0x00000000
obj+10388 = 0x00000000
obj+13984 = 0x00000000
obj+13988 = 0x00000000
