=== Burnout Revenge graphics_init_test ===
base = 000001F16DE80000
Imagem carregada: 14286848 bytes
[LOOKUP] 823EE808 slot before commit: State=0x2000 Protect=0x0
[LOOKUP] committed [0x82DA0000,0x8383AFD0), 309 mappings
[IMPORT] KeDebugMonitorData slot=820007CC variable=70005000 value=0

r13/KPCR        = 0x70000000
current thread  = 0x70001000
thread id       = 0x00000001
graphics object = 0x71000000
config          = 0x71010000
stack           = 0x720FF000
flags           = 0x00000000

global SYSTEM @8200079C = 0x70003000
global USER   @820007A0 = 0x70002000

heap antes @82D4809C = 0x00000000
Inicializando heap...
[NtAllocateVirtualMemory] base*=0x00000000 size*=0x00100000 type=0x60002000 protect=0x00000004 r7=0x00000000
  RESERVE guest=0x30000000 size=0x100000
[NtAllocateVirtualMemory] base*=0x30000000 size*=0x00010000 type=0x60001000 protect=0x00000004 r7=0x00000000
  COMMIT guest=0x30000000 host=000001F19DE80000 size=0x10000
[KeGetCurrentProcessType] -> 1 (USER)
[RtlInitializeCriticalSection] guest=0x30000610
heap depois @82D4809C = 0x30000000 r3=0x00000001
heap +20   = 0x00040002
heap +24   = 0x00000000
heap +1408 = 0x30000610
[HARNESS] teste heap 30002FC1 host=000001F19DE82FC1 valor=0x00
[MmAllocatePhysicalMemoryEx] guest=0x10000000 size=0x10000 align=0x1000 flags=0x00000404
[MmAllocatePhysicalMemoryEx] guest=0x10010000 size=0x72C000 align=0x1000 flags=0x20000404
[XGetVideoMode] out=0x720FEC90 -> 1280x720
[RtlInitializeCriticalSection] guest=0x82A52D34
[RtlEnterCriticalSection] guest=0x82A52D34
[KeGetCurrentProcessType] -> 1 (USER)
[RtlEnterCriticalSection] guest=0x30000610
[RtlLeaveCriticalSection] guest=0x30000610
[RtlLeaveCriticalSection] guest=0x82A52D34
[KeGetCurrentProcessType] -> 1 (USER)
[KeGetCurrentProcessType] -> 1 (USER)
[ExGetXConfigSetting] category=3 setting=10 buffer=0x30004410 size=4 required=0x720FEB60
  -> XCONFIG_USER_VIDEO_FLAGS = 0x00040000
[RtlInitializeCriticalSection] guest=0x30003DE0
[VdInitializeEngines] r3=0x09710000 callback=0x8238CE28 arg=0x00000000 pfp=0x00000000 me=0x00000000
[KeGetCurrentProcessType] -> 1 (USER)
[ExRegisterTitleTerminateNotification] registration=0x82699B50 create=1 routine=0x8238CE48 priority=0x6E800000
[VdSetGraphicsInterruptCallback] callback=0x82381BC8 context=0x30000700
[Xenos MMIO READ32] reg=0x3C04 -> 0x0000000E
[RtlEnterCriticalSection] guest=0x82A52D34
[RtlLeaveCriticalSection] guest=0x82A52D34
[RtlEnterCriticalSection] guest=0x82A52D34
[RtlLeaveCriticalSection] guest=0x82A52D34
[VdSetSystemCommandBufferGpuIdentifierAddress] address=0x00000000
[RtlEnterCriticalSection] guest=0x82A52D34
[RtlLeaveCriticalSection] guest=0x82A52D34
[RtlEnterCriticalSection] guest=0x82A52D34
[RtlLeaveCriticalSection] guest=0x82A52D34
[RtlEnterCriticalSection] guest=0x82A52D34
[RtlLeaveCriticalSection] guest=0x82A52D34
[RtlEnterCriticalSection] guest=0x82A52D34
[MmAllocatePhysicalMemoryEx] guest=0x1073C000 size=0x60 align=0x1000 flags=0x00000004
[RtlLeaveCriticalSection] guest=0x82A52D34
[RtlEnterCriticalSection] guest=0x82A52D34
[MmAllocatePhysicalMemoryEx] guest=0x1073D000 size=0x20 align=0x1000 flags=0x00000204
[RtlLeaveCriticalSection] guest=0x82A52D34
[RtlEnterCriticalSection] guest=0x82A52D34
[MmAllocatePhysicalMemoryEx] guest=0x1073E000 size=0x12C0 align=0x1000 flags=0x00000404
[RtlLeaveCriticalSection] guest=0x82A52D34
[MmGetPhysicalAddress] guest=0x10000000
[GPU INIT] ring=10000000 bytes=00010000
[VdInitializeRingBuffer] physical=0x10000000 sizeArg=13
[GPU WB] address=1073C03C block_log2=7
[VdEnableRingBufferRPtrWriteBack] address=0x1073C03C
[VdSetSystemCommandBufferGpuIdentifierAddress] address=0x1073C008
[KiApcNormalRoutineNop] r3=0x720FEA20 r4=0x00000013
[ExCreateThread] handle=0x00001000 id=2 stack=0x8000 startup=0x00000000 start=0x8238E168 context=0x300032AC flags=0x04000080 (NAO EXECUTADA)
[KeSetBasePriorityThread] thread=0x00001000 priority=17
[Xenos MMIO READ32] reg=0x3C00 -> 0x00000000
[Xenos MMIO READ32] reg=0x3C04 -> 0x0000000E
[VdQueryVideoMode] out=0x720FEA90 -> 1280x720 60Hz
[VdCallGraphicsNotificationRoutines] type=1 args=0x720FE950 scale 1280x720 -> 1280x720
[INDIRECT] call target=0x823EE808 LR=0x8238CF98
[INDIRECT] returned target=0x823EE808 caller=0x8238CF98
[INDIRECT] call target=0x823EE808 LR=0x8238CF98
[INDIRECT] returned target=0x823EE808 caller=0x8238CF98
[INDIRECT] call target=0x823EE808 LR=0x8238CF98
[INDIRECT] returned target=0x823EE808 caller=0x8238CF98
[INDIRECT] call target=0x823EE808 LR=0x8238CF98
[INDIRECT] returned target=0x823EE808 caller=0x8238CF98
[INDIRECT] call target=0x823EE808 LR=0x8238CF98
[INDIRECT] returned target=0x823EE808 caller=0x8238CF98
[INDIRECT] call target=0x823EE808 LR=0x8238CF98
[INDIRECT] returned target=0x823EE808 caller=0x8238CF98
[INDIRECT] call target=0x823EE808 LR=0x8238CF98
[INDIRECT] returned target=0x823EE808 caller=0x8238CF98
[INDIRECT] call target=0x823EE808 LR=0x8238CF98
[INDIRECT] returned target=0x823EE808 caller=0x8238CF98
[INDIRECT] call target=0x823EE808 LR=0x8238CF98
[INDIRECT] returned target=0x823EE808 caller=0x8238CF98
[INDIRECT] call target=0x823EE808 LR=0x8238CF98
[INDIRECT] returned target=0x823EE808 caller=0x8238CF98
[INDIRECT] call target=0x8237B758 LR=0x8238CF98
[INDIRECT] returned target=0x8237B758 caller=0x8238CF98
[INDIRECT] call target=0x8237B7E0 LR=0x8238CF98
[INDIRECT] returned target=0x8237B7E0 caller=0x8238CF98
[INDIRECT] call target=0x8237B7A8 LR=0x8238CF98
[INDIRECT] returned target=0x8237B7A8 caller=0x8238CF98
[INDIRECT] call target=0x8237B0A0 LR=0x8238CF98
[INDIRECT] returned target=0x8237B0A0 caller=0x8238CF98
[INDIRECT] call target=0x8237B068 LR=0x8238CF98
[INDIRECT] returned target=0x8237B068 caller=0x8238CF98
[INDIRECT] call target=0x8237B120 LR=0x8238CF98
[INDIRECT] returned target=0x8237B120 caller=0x8238CF98
[INDIRECT] call target=0x8237B4F0 LR=0x8238CF98
[INDIRECT] returned target=0x8237B4F0 caller=0x8238CF98
[INDIRECT] call target=0x8237B638 LR=0x8238CF98
[INDIRECT] returned target=0x8237B638 caller=0x8238CF98
[INDIRECT] call target=0x8237B258 LR=0x8238CF98
[INDIRECT] returned target=0x8237B258 caller=0x8238CF98
[INDIRECT] call target=0x8237B2F0 LR=0x8238CF98
[INDIRECT] returned target=0x8237B2F0 caller=0x8238CF98
[INDIRECT] call target=0x8237B1C0 LR=0x8238CF98
[INDIRECT] returned target=0x8237B1C0 caller=0x8238CF98
[INDIRECT] call target=0x8237B400 LR=0x8238CF98
[INDIRECT] returned target=0x8237B400 caller=0x8238CF98
[INDIRECT] call target=0x8237B478 LR=0x8238CF98
[INDIRECT] returned target=0x8237B478 caller=0x8238CF98
[INDIRECT] call target=0x8237B388 LR=0x8238CF98
[INDIRECT] returned target=0x8237B388 caller=0x8238CF98
[INDIRECT] call target=0x8237B0D8 LR=0x8238CF98
[INDIRECT] returned target=0x8237B0D8 caller=0x8238CF98
[INDIRECT] call target=0x8237B590 LR=0x8238CF98
[INDIRECT] returned target=0x8237B590 caller=0x8238CF98
[INDIRECT] call target=0x8237B600 LR=0x8238CF98
[INDIRECT] returned target=0x8237B600 caller=0x8238CF98
[INDIRECT] call target=0x8237B828 LR=0x8238CF98
[INDIRECT] returned target=0x8237B828 caller=0x8238CF98
[INDIRECT] call target=0x8237B878 LR=0x8238CF98
[INDIRECT] returned target=0x8237B878 caller=0x8238CF98
[INDIRECT] call target=0x8237B8F8 LR=0x8238CF98
[INDIRECT] returned target=0x8237B8F8 caller=0x8238CF98
[INDIRECT] call target=0x8237B940 LR=0x8238CF98
[INDIRECT] returned target=0x8237B940 caller=0x8238CF98
[INDIRECT] call target=0x8237B988 LR=0x8238CF98
[INDIRECT] returned target=0x8237B988 caller=0x8238CF98
[INDIRECT] call target=0x8237B8C0 LR=0x8238CF98
[INDIRECT] returned target=0x8237B8C0 caller=0x8238CF98
[INDIRECT] call target=0x8237BAC0 LR=0x8238CF98
[INDIRECT] returned target=0x8237BAC0 caller=0x8238CF98
[INDIRECT] call target=0x8237BAE8 LR=0x8238CF98
[INDIRECT] returned target=0x8237BAE8 caller=0x8238CF98
[INDIRECT] call target=0x8237BB10 LR=0x8238CF98
[INDIRECT] returned target=0x8237BB10 caller=0x8238CF98
[INDIRECT] call target=0x8237B9F8 LR=0x8238CF98
[INDIRECT] returned target=0x8237B9F8 caller=0x8238CF98
[INDIRECT] call target=0x8237BA40 LR=0x8238CF98
[INDIRECT] returned target=0x8237BA40 caller=0x8238CF98
[INDIRECT] call target=0x8237BA88 LR=0x8238CF98
[INDIRECT] returned target=0x8237BA88 caller=0x8238CF98
[INDIRECT] call target=0x8237B9C0 LR=0x8238CF98
[INDIRECT] returned target=0x8237B9C0 caller=0x8238CF98
[INDIRECT] call target=0x8237BB38 LR=0x8238CF98
[INDIRECT] returned target=0x8237BB38 caller=0x8238CF98
[INDIRECT] call target=0x8237BB60 LR=0x8238CF98
[INDIRECT] returned target=0x8237BB60 caller=0x8238CF98
[INDIRECT] call target=0x8237BB88 LR=0x8238CF98
[INDIRECT] returned target=0x8237BB88 caller=0x8238CF98
[INDIRECT] call target=0x8237BBB0 LR=0x8238CF98
[INDIRECT] returned target=0x8237BBB0 caller=0x8238CF98
[INDIRECT] call target=0x8237BEF8 LR=0x8238CF98
[INDIRECT] returned target=0x8237BEF8 caller=0x8238CF98
[INDIRECT] call target=0x8237BF50 LR=0x8238CF98
[INDIRECT] returned target=0x8237BF50 caller=0x8238CF98
[INDIRECT] call target=0x8237BEE8 LR=0x8238CF98
[INDIRECT] returned target=0x8237BEE8 caller=0x8238CF98
[INDIRECT] call target=0x8237BFA0 LR=0x8238CF98
[INDIRECT] returned target=0x8237BFA0 caller=0x8238CF98
[INDIRECT] call target=0x8237BD60 LR=0x8238CF98
[INDIRECT] returned target=0x8237BD60 caller=0x8238CF98
[INDIRECT] call target=0x8237BD98 LR=0x8238CF98
[INDIRECT] returned target=0x8237BD98 caller=0x8238CF98
[INDIRECT] call target=0x8237DDC0 LR=0x8238CF98
[INDIRECT] returned target=0x8237DDC0 caller=0x8238CF98
[INDIRECT] call target=0x8237BBF8 LR=0x8238CF98
[INDIRECT] returned target=0x8237BBF8 caller=0x8238CF98
[INDIRECT] call target=0x8237BCB8 LR=0x8238CF98
[INDIRECT] returned target=0x8237BCB8 caller=0x8238CF98
[INDIRECT] call target=0x8237BDC8 LR=0x8238CF98
[INDIRECT] returned target=0x8237BDC8 caller=0x8238CF98
[INDIRECT] call target=0x8237BE10 LR=0x8238CF98
[INDIRECT] returned target=0x8237BE10 caller=0x8238CF98
[INDIRECT] call target=0x8237BE58 LR=0x8238CF98
[INDIRECT] returned target=0x8237BE58 caller=0x8238CF98
[INDIRECT] call target=0x8237BEA0 LR=0x8238CF98
[INDIRECT] returned target=0x8237BEA0 caller=0x8238CF98
[INDIRECT] call target=0x8237C380 LR=0x8238CF98
[INDIRECT] returned target=0x8237C380 caller=0x8238CF98
[INDIRECT] call target=0x8237C740 LR=0x8238CF98
[INDIRECT] returned target=0x8237C740 caller=0x8238CF98
[INDIRECT] call target=0x8237C6E0 LR=0x8238CF98
[INDIRECT] returned target=0x8237C6E0 caller=0x8238CF98
[INDIRECT] call target=0x8237C710 LR=0x8238CF98
[INDIRECT] returned target=0x8237C710 caller=0x8238CF98
[INDIRECT] call target=0x8237BFF0 LR=0x8238CF98
[INDIRECT] returned target=0x8237BFF0 caller=0x8238CF98
[INDIRECT] call target=0x8237C020 LR=0x8238CF98
[INDIRECT] returned target=0x8237C020 caller=0x8238CF98
[INDIRECT] call target=0x8237C050 LR=0x8238CF98
[INDIRECT] returned target=0x8237C050 caller=0x8238CF98
[INDIRECT] call target=0x8237C080 LR=0x8238CF98
[INDIRECT] returned target=0x8237C080 caller=0x8238CF98
[INDIRECT] call target=0x8237C0B0 LR=0x8238CF98
[INDIRECT] returned target=0x8237C0B0 caller=0x8238CF98
[INDIRECT] call target=0x8237C0E0 LR=0x8238CF98
[INDIRECT] returned target=0x8237C0E0 caller=0x8238CF98
[INDIRECT] call target=0x8237C110 LR=0x8238CF98
[INDIRECT] returned target=0x8237C110 caller=0x8238CF98
[INDIRECT] call target=0x8237C140 LR=0x8238CF98
[INDIRECT] returned target=0x8237C140 caller=0x8238CF98
[INDIRECT] call target=0x8237C168 LR=0x8238CF98
[INDIRECT] returned target=0x8237C168 caller=0x8238CF98
[INDIRECT] call target=0x8237C198 LR=0x8238CF98
[INDIRECT] returned target=0x8237C198 caller=0x8238CF98
[INDIRECT] call target=0x8237C1C8 LR=0x8238CF98
[INDIRECT] returned target=0x8237C1C8 caller=0x8238CF98
[INDIRECT] call target=0x8237C1F8 LR=0x8238CF98
[INDIRECT] returned target=0x8237C1F8 caller=0x8238CF98
[INDIRECT] call target=0x8237C228 LR=0x8238CF98
[INDIRECT] returned target=0x8237C228 caller=0x8238CF98
[INDIRECT] call target=0x8237C258 LR=0x8238CF98
[INDIRECT] returned target=0x8237C258 caller=0x8238CF98
[INDIRECT] call target=0x8237C288 LR=0x8238CF98
[INDIRECT] returned target=0x8237C288 caller=0x8238CF98
[INDIRECT] call target=0x8237C2B8 LR=0x8238CF98
[INDIRECT] returned target=0x8237C2B8 caller=0x8238CF98
[INDIRECT] call target=0x8237C3A0 LR=0x8238CF98
[INDIRECT] returned target=0x8237C3A0 caller=0x8238CF98
[INDIRECT] call target=0x8237C400 LR=0x8238CF98
[INDIRECT] returned target=0x8237C400 caller=0x8238CF98
[INDIRECT] call target=0x8237C4B8 LR=0x8238CF98
[INDIRECT] returned target=0x8237C4B8 caller=0x8238CF98
[INDIRECT] call target=0x8237C570 LR=0x8238CF98
[INDIRECT] returned target=0x8237C570 caller=0x8238CF98
[INDIRECT] call target=0x8237C628 LR=0x8238CF98
[INDIRECT] returned target=0x8237C628 caller=0x8238CF98
[INDIRECT] call target=0x8237C770 LR=0x8238CF98
[INDIRECT] returned target=0x8237C770 caller=0x8238CF98
[INDIRECT] call target=0x8237C7A8 LR=0x8238CF98
[INDIRECT] returned target=0x8237C7A8 caller=0x8238CF98
[INDIRECT] call target=0x8237C7E0 LR=0x8238CF98
[INDIRECT] returned target=0x8237C7E0 caller=0x8238CF98
[INDIRECT] call target=0x8237C808 LR=0x8238CF98
[INDIRECT] returned target=0x8237C808 caller=0x8238CF98
[INDIRECT] call target=0x8237C840 LR=0x8238CF98
[INDIRECT] returned target=0x8237C840 caller=0x8238CF98
[INDIRECT] call target=0x8237C880 LR=0x8238CF98
[INDIRECT] returned target=0x8237C880 caller=0x8238CF98
[INDIRECT] call target=0x8237C8B0 LR=0x8238CF98
[INDIRECT] returned target=0x8237C8B0 caller=0x8238CF98
[INDIRECT] call target=0x8237C8E0 LR=0x8238CF98
[INDIRECT] returned target=0x8237C8E0 caller=0x8238CF98
[INDIRECT] call target=0x8237C910 LR=0x8238CF98
[INDIRECT] returned target=0x8237C910 caller=0x8238CF98
[INDIRECT] call target=0x8237C940 LR=0x8238CF98
[INDIRECT] returned target=0x8237C940 caller=0x8238CF98
[INDIRECT] call target=0x8237C978 LR=0x8238CF98
[INDIRECT] returned target=0x8237C978 caller=0x8238CF98
[INDIRECT] call target=0x8237C9B0 LR=0x8238CF98
[INDIRECT] returned target=0x8237C9B0 caller=0x8238CF98
[INDIRECT] call target=0x8237C9E8 LR=0x8238CF98
[INDIRECT] returned target=0x8237C9E8 caller=0x8238CF98
[INDIRECT] call target=0x8237CA10 LR=0x8238CF98
[INDIRECT] returned target=0x8237CA10 caller=0x8238CF98
[INDIRECT] call target=0x8237CA20 LR=0x8238CF98
[INDIRECT] returned target=0x8237CA20 caller=0x8238CF98
[INDIRECT] call target=0x8237D180 LR=0x8238CFFC
[INDIRECT] returned target=0x8237D180 caller=0x8238CFFC
[INDIRECT] call target=0x8237D1D0 LR=0x8238CFFC
[INDIRECT] returned target=0x8237D1D0 caller=0x8238CFFC
[INDIRECT] call target=0x8237D220 LR=0x8238CFFC
[INDIRECT] returned target=0x8237D220 caller=0x8238CFFC
[INDIRECT] call target=0x8237D110 LR=0x8238CFFC
[INDIRECT] returned target=0x8237D110 caller=0x8238CFFC
[INDIRECT] call target=0x8237CBD0 LR=0x8238CFFC
[INDIRECT] returned target=0x8237CBD0 caller=0x8238CFFC
[INDIRECT] call target=0x8237CA40 LR=0x8238CFFC
[INDIRECT] returned target=0x8237CA40 caller=0x8238CFFC
[INDIRECT] call target=0x8237CD60 LR=0x8238CFFC
[INDIRECT] returned target=0x8237CD60 caller=0x8238CFFC
[INDIRECT] call target=0x8237CF70 LR=0x8238CFFC
[INDIRECT] returned target=0x8237CF70 caller=0x8238CFFC
[INDIRECT] call target=0x8237D010 LR=0x8238CFFC
[INDIRECT] returned target=0x8237D010 caller=0x8238CFFC
[INDIRECT] call target=0x8237CE50 LR=0x8238CFFC
[INDIRECT] returned target=0x8237CE50 caller=0x8238CFFC
[INDIRECT] call target=0x8237CCC8 LR=0x8238CFFC
[INDIRECT] returned target=0x8237CCC8 caller=0x8238CFFC
[INDIRECT] call target=0x8237CB38 LR=0x8238CFFC
[INDIRECT] returned target=0x8237CB38 caller=0x8238CFFC
[INDIRECT] call target=0x8237CDB8 LR=0x8238CFFC
[INDIRECT] returned target=0x8237CDB8 caller=0x8238CFFC
[INDIRECT] call target=0x8237D090 LR=0x8238CFFC
[INDIRECT] returned target=0x8237D090 caller=0x8238CFFC
[INDIRECT] call target=0x8237D270 LR=0x8238CFFC
[INDIRECT] returned target=0x8237D270 caller=0x8238CFFC
[INDIRECT] call target=0x8237CEC8 LR=0x8238CFFC
[INDIRECT] returned target=0x8237CEC8 caller=0x8238CFFC
[INDIRECT] call target=0x8237D2C8 LR=0x8238CFFC
[INDIRECT] returned target=0x8237D2C8 caller=0x8238CFFC
[INDIRECT] call target=0x8237D320 LR=0x8238CFFC
[INDIRECT] returned target=0x8237D320 caller=0x8238CFFC
[INDIRECT] call target=0x8237D378 LR=0x8238CFFC
[INDIRECT] returned target=0x8237D378 caller=0x8238CFFC
[INDIRECT] call target=0x8237D3D0 LR=0x8238CFFC
[INDIRECT] returned target=0x8237D3D0 caller=0x8238CFFC
[INDIRECT] call target=0x8237D180 LR=0x8238CFFC
[INDIRECT] returned target=0x8237D180 caller=0x8238CFFC
[INDIRECT] call target=0x8237D1D0 LR=0x8238CFFC
[INDIRECT] returned target=0x8237D1D0 caller=0x8238CFFC
[INDIRECT] call target=0x8237D220 LR=0x8238CFFC
[INDIRECT] returned target=0x8237D220 caller=0x8238CFFC
[INDIRECT] call target=0x8237D110 LR=0x8238CFFC
[INDIRECT] returned target=0x8237D110 caller=0x8238CFFC
[INDIRECT] call target=0x8237CBD0 LR=0x8238CFFC
[INDIRECT] returned target=0x8237CBD0 caller=0x8238CFFC
[INDIRECT] call target=0x8237CA40 LR=0x8238CFFC
[INDIRECT] returned target=0x8237CA40 caller=0x8238CFFC
[INDIRECT] call target=0x8237CD60 LR=0x8238CFFC
[INDIRECT] returned target=0x8237CD60 caller=0x8238CFFC
[INDIRECT] call target=0x8237CF70 LR=0x8238CFFC
[INDIRECT] returned target=0x8237CF70 caller=0x8238CFFC
[INDIRECT] call target=0x8237D010 LR=0x8238CFFC
[INDIRECT] returned target=0x8237D010 caller=0x8238CFFC
[INDIRECT] call target=0x8237CE50 LR=0x8238CFFC
[INDIRECT] returned target=0x8237CE50 caller=0x8238CFFC
[INDIRECT] call target=0x8237CCC8 LR=0x8238CFFC
[INDIRECT] returned target=0x8237CCC8 caller=0x8238CFFC
[INDIRECT] call target=0x8237CB38 LR=0x8238CFFC
[INDIRECT] returned target=0x8237CB38 caller=0x8238CFFC
[INDIRECT] call target=0x8237CDB8 LR=0x8238CFFC
[INDIRECT] returned target=0x8237CDB8 caller=0x8238CFFC
[INDIRECT] call target=0x8237D090 LR=0x8238CFFC
[INDIRECT] returned target=0x8237D090 caller=0x8238CFFC
[INDIRECT] call target=0x8237D270 LR=0x8238CFFC
[INDIRECT] returned target=0x8237D270 caller=0x8238CFFC
[INDIRECT] call target=0x8237CEC8 LR=0x8238CFFC
[INDIRECT] returned target=0x8237CEC8 caller=0x8238CFFC
[INDIRECT] call target=0x8237D2C8 LR=0x8238CFFC
[INDIRECT] returned target=0x8237D2C8 caller=0x8238CFFC
[INDIRECT] call target=0x8237D320 LR=0x8238CFFC
[INDIRECT] returned target=0x8237D320 caller=0x8238CFFC
[INDIRECT] call target=0x8237D378 LR=0x8238CFFC
[INDIRECT] returned target=0x8237D378 caller=0x8238CFFC
[INDIRECT] call target=0x8237D3D0 LR=0x8238CFFC
[INDIRECT] returned target=0x8237D3D0 caller=0x8238CFFC
[INDIRECT] call target=0x8237D180 LR=0x8238CFFC
[INDIRECT] returned target=0x8237D180 caller=0x8238CFFC
[INDIRECT] call target=0x8237D1D0 LR=0x8238CFFC
[INDIRECT] returned target=0x8237D1D0 caller=0x8238CFFC
[INDIRECT] call target=0x8237D220 LR=0x8238CFFC
[INDIRECT] returned target=0x8237D220 caller=0x8238CFFC
[INDIRECT] call target=0x8237D110 LR=0x8238CFFC
[INDIRECT] returned target=0x8237D110 caller=0x8238CFFC
[INDIRECT] call target=0x8237CBD0 LR=0x8238CFFC
[INDIRECT] returned target=0x8237CBD0 caller=0x8238CFFC
[INDIRECT] call target=0x8237CA40 LR=0x8238CFFC
[INDIRECT] returned target=0x8237CA40 caller=0x8238CFFC
[INDIRECT] call target=0x8237CD60 LR=0x8238CFFC
[INDIRECT] returned target=0x8237CD60 caller=0x8238CFFC
[INDIRECT] call target=0x8237CF70 LR=0x8238CFFC
[INDIRECT] returned target=0x8237CF70 caller=0x8238CFFC
[INDIRECT] call target=0x8237D010 LR=0x8238CFFC
[INDIRECT] returned target=0x8237D010 caller=0x8238CFFC
[INDIRECT] call target=0x8237CE50 LR=0x8238CFFC
[INDIRECT] returned target=0x8237CE50 caller=0x8238CFFC
[INDIRECT] call target=0x8237CCC8 LR=0x8238CFFC
[INDIRECT] returned target=0x8237CCC8 caller=0x8238CFFC
[INDIRECT] call target=0x8237CB38 LR=0x8238CFFC
[INDIRECT] returned target=0x8237CB38 caller=0x8238CFFC
[INDIRECT] call target=0x8237CDB8 LR=0x8238CFFC
[INDIRECT] returned target=0x8237CDB8 caller=0x8238CFFC
[INDIRECT] call target=0x8237D090 LR=0x8238CFFC
[INDIRECT] returned target=0x8237D090 caller=0x8238CFFC
[INDIRECT] call target=0x8237D270 LR=0x8238CFFC
[INDIRECT] returned target=0x8237D270 caller=0x8238CFFC
[INDIRECT] call target=0x8237CEC8 LR=0x8238CFFC
[INDIRECT] returned target=0x8237CEC8 caller=0x8238CFFC
[INDIRECT] call target=0x8237D2C8 LR=0x8238CFFC
[INDIRECT] returned target=0x8237D2C8 caller=0x8238CFFC
[INDIRECT] call target=0x8237D320 LR=0x8238CFFC
[INDIRECT] returned target=0x8237D320 caller=0x8238CFFC
[INDIRECT] call target=0x8237D378 LR=0x8238CFFC
[INDIRECT] returned target=0x8237D378 caller=0x8238CFFC
[INDIRECT] call target=0x8237D3D0 LR=0x8238CFFC
[INDIRECT] returned target=0x8237D3D0 caller=0x8238CFFC
[INDIRECT] call target=0x8237D180 LR=0x8238CFFC
[INDIRECT] returned target=0x8237D180 caller=0x8238CFFC
[INDIRECT] call target=0x8237D1D0 LR=0x8238CFFC
[INDIRECT] returned target=0x8237D1D0 caller=0x8238CFFC
[INDIRECT] call target=0x8237D220 LR=0x8238CFFC
[INDIRECT] returned target=0x8237D220 caller=0x8238CFFC
[INDIRECT] call target=0x8237D110 LR=0x8238CFFC
[INDIRECT] returned target=0x8237D110 caller=0x8238CFFC
[INDIRECT] call target=0x8237CBD0 LR=0x8238CFFC
[INDIRECT] returned target=0x8237CBD0 caller=0x8238CFFC
[INDIRECT] call target=0x8237CA40 LR=0x8238CFFC
[INDIRECT] returned target=0x8237CA40 caller=0x8238CFFC
[INDIRECT] call target=0x8237CD60 LR=0x8238CFFC
[INDIRECT] returned target=0x8237CD60 caller=0x8238CFFC
[INDIRECT] call target=0x8237CF70 LR=0x8238CFFC
[INDIRECT] returned target=0x8237CF70 caller=0x8238CFFC
[INDIRECT] call target=0x8237D010 LR=0x8238CFFC
[INDIRECT] returned target=0x8237D010 caller=0x8238CFFC
[INDIRECT] call target=0x8237CE50 LR=0x8238CFFC
[INDIRECT] returned target=0x8237CE50 caller=0x8238CFFC
[INDIRECT] call target=0x8237CCC8 LR=0x8238CFFC
[INDIRECT] returned target=0x8237CCC8 caller=0x8238CFFC
[INDIRECT] call target=0x8237CB38 LR=0x8238CFFC
[INDIRECT] returned target=0x8237CB38 caller=0x8238CFFC
[INDIRECT] call target=0x8237CDB8 LR=0x8238CFFC
[INDIRECT] returned target=0x8237CDB8 caller=0x8238CFFC
[INDIRECT] call target=0x8237D090 LR=0x8238CFFC
[INDIRECT] returned target=0x8237D090 caller=0x8238CFFC
[INDIRECT] call target=0x8237D270 LR=0x8238CFFC
[INDIRECT] returned target=0x8237D270 caller=0x8238CFFC
[INDIRECT] call target=0x8237CEC8 LR=0x8238CFFC
[INDIRECT] returned target=0x8237CEC8 caller=0x8238CFFC
[INDIRECT] call target=0x8237D2C8 LR=0x8238CFFC
[INDIRECT] returned target=0x8237D2C8 caller=0x8238CFFC
[INDIRECT] call target=0x8237D320 LR=0x8238CFFC
[INDIRECT] returned target=0x8237D320 caller=0x8238CFFC
[INDIRECT] call target=0x8237D378 LR=0x8238CFFC
[INDIRECT] returned target=0x8237D378 caller=0x8238CFFC
[INDIRECT] call target=0x8237D3D0 LR=0x8238CFFC
[INDIRECT] returned target=0x8237D3D0 caller=0x8238CFFC
[INDIRECT] call target=0x8237D180 LR=0x8238CFFC
[INDIRECT] returned target=0x8237D180 caller=0x8238CFFC
[INDIRECT] call target=0x8237D1D0 LR=0x8238CFFC
[INDIRECT] returned target=0x8237D1D0 caller=0x8238CFFC
[INDIRECT] call target=0x8237D220 LR=0x8238CFFC
[INDIRECT] returned target=0x8237D220 caller=0x8238CFFC
[INDIRECT] call target=0x8237D110 LR=0x8238CFFC
[INDIRECT] returned target=0x8237D110 caller=0x8238CFFC
[INDIRECT] call target=0x8237CBD0 LR=0x8238CFFC
[INDIRECT] returned target=0x8237CBD0 caller=0x8238CFFC
[INDIRECT] call target=0x8237CA40 LR=0x8238CFFC
[INDIRECT] returned target=0x8237CA40 caller=0x8238CFFC
[INDIRECT] call target=0x8237CD60 LR=0x8238CFFC
[INDIRECT] returned target=0x8237CD60 caller=0x8238CFFC
[INDIRECT] call target=0x8237CF70 LR=0x8238CFFC
[INDIRECT] returned target=0x8237CF70 caller=0x8238CFFC
[INDIRECT] call target=0x8237D010 LR=0x8238CFFC
[INDIRECT] returned target=0x8237D010 caller=0x8238CFFC
[INDIRECT] call target=0x8237CE50 LR=0x8238CFFC
[INDIRECT] returned target=0x8237CE50 caller=0x8238CFFC
[INDIRECT] call target=0x8237CCC8 LR=0x8238CFFC
[INDIRECT] returned target=0x8237CCC8 caller=0x8238CFFC
[INDIRECT] call target=0x8237CB38 LR=0x8238CFFC
[INDIRECT] returned target=0x8237CB38 caller=0x8238CFFC
[INDIRECT] call target=0x8237CDB8 LR=0x8238CFFC
[INDIRECT] returned target=0x8237CDB8 caller=0x8238CFFC
[INDIRECT] call target=0x8237D090 LR=0x8238CFFC
[INDIRECT] returned target=0x8237D090 caller=0x8238CFFC
[INDIRECT] call target=0x8237D270 LR=0x8238CFFC
[INDIRECT] returned target=0x8237D270 caller=0x8238CFFC
[INDIRECT] call target=0x8237CEC8 LR=0x8238CFFC
[INDIRECT] returned target=0x8237CEC8 caller=0x8238CFFC
[INDIRECT] call target=0x8237D2C8 LR=0x8238CFFC
[INDIRECT] returned target=0x8237D2C8 caller=0x8238CFFC
[INDIRECT] call target=0x8237D320 LR=0x8238CFFC
[INDIRECT] returned target=0x8237D320 caller=0x8238CFFC
[INDIRECT] call target=0x8237D378 LR=0x8238CFFC
[INDIRECT] returned target=0x8237D378 caller=0x8238CFFC
[INDIRECT] call target=0x8237D3D0 LR=0x8238CFFC
[INDIRECT] returned target=0x8237D3D0 caller=0x8238CFFC
[INDIRECT] call target=0x8237D180 LR=0x8238CFFC
[INDIRECT] returned target=0x8237D180 caller=0x8238CFFC
[INDIRECT] call target=0x8237D1D0 LR=0x8238CFFC
[INDIRECT] returned target=0x8237D1D0 caller=0x8238CFFC
[INDIRECT] call target=0x8237D220 LR=0x8238CFFC
[INDIRECT] returned target=0x8237D220 caller=0x8238CFFC
[INDIRECT] call target=0x8237D110 LR=0x8238CFFC
[INDIRECT] returned target=0x8237D110 caller=0x8238CFFC
[INDIRECT] call target=0x8237CBD0 LR=0x8238CFFC
[INDIRECT] returned target=0x8237CBD0 caller=0x8238CFFC
[INDIRECT] call target=0x8237CA40 LR=0x8238CFFC
[INDIRECT] returned target=0x8237CA40 caller=0x8238CFFC
[INDIRECT] call target=0x8237CD60 LR=0x8238CFFC
[INDIRECT] returned target=0x8237CD60 caller=0x8238CFFC
[INDIRECT] call target=0x8237CF70 LR=0x8238CFFC
[INDIRECT] returned target=0x8237CF70 caller=0x8238CFFC
[INDIRECT] call target=0x8237D010 LR=0x8238CFFC
[INDIRECT] returned target=0x8237D010 caller=0x8238CFFC
[INDIRECT] call target=0x8237CE50 LR=0x8238CFFC
[INDIRECT] returned target=0x8237CE50 caller=0x8238CFFC
[INDIRECT] call target=0x8237CCC8 LR=0x8238CFFC
[INDIRECT] returned target=0x8237CCC8 caller=0x8238CFFC
[INDIRECT] call target=0x8237CB38 LR=0x8238CFFC
[INDIRECT] returned target=0x8237CB38 caller=0x8238CFFC
[INDIRECT] call target=0x8237CDB8 LR=0x8238CFFC
[INDIRECT] returned target=0x8237CDB8 caller=0x8238CFFC
[INDIRECT] call target=0x8237D090 LR=0x8238CFFC
[INDIRECT] returned target=0x8237D090 caller=0x8238CFFC
[INDIRECT] call target=0x8237D270 LR=0x8238CFFC
[INDIRECT] returned target=0x8237D270 caller=0x8238CFFC
[INDIRECT] call target=0x8237CEC8 LR=0x8238CFFC
[INDIRECT] returned target=0x8237CEC8 caller=0x8238CFFC
[INDIRECT] call target=0x8237D2C8 LR=0x8238CFFC
[INDIRECT] returned target=0x8237D2C8 caller=0x8238CFFC
[INDIRECT] call target=0x8237D320 LR=0x8238CFFC
[INDIRECT] returned target=0x8237D320 caller=0x8238CFFC
[INDIRECT] call target=0x8237D378 LR=0x8238CFFC
[INDIRECT] returned target=0x8237D378 caller=0x8238CFFC
[INDIRECT] call target=0x8237D3D0 LR=0x8238CFFC
[INDIRECT] returned target=0x8237D3D0 caller=0x8238CFFC
[INDIRECT] call target=0x8237D180 LR=0x8238CFFC
[INDIRECT] returned target=0x8237D180 caller=0x8238CFFC
[INDIRECT] call target=0x8237D1D0 LR=0x8238CFFC
[INDIRECT] returned target=0x8237D1D0 caller=0x8238CFFC
[INDIRECT] call target=0x8237D220 LR=0x8238CFFC
[INDIRECT] returned target=0x8237D220 caller=0x8238CFFC
[INDIRECT] call target=0x8237D110 LR=0x8238CFFC
[INDIRECT] returned target=0x8237D110 caller=0x8238CFFC
[INDIRECT] call target=0x8237CBD0 LR=0x8238CFFC
[INDIRECT] returned target=0x8237CBD0 caller=0x8238CFFC
[INDIRECT] call target=0x8237CA40 LR=0x8238CFFC
[INDIRECT] returned target=0x8237CA40 caller=0x8238CFFC
[INDIRECT] call target=0x8237CD60 LR=0x8238CFFC
[INDIRECT] returned target=0x8237CD60 caller=0x8238CFFC
[INDIRECT] call target=0x8237CF70 LR=0x8238CFFC
[INDIRECT] returned target=0x8237CF70 caller=0x8238CFFC
[INDIRECT] call target=0x8237D010 LR=0x8238CFFC
[INDIRECT] returned target=0x8237D010 caller=0x8238CFFC
[INDIRECT] call target=0x8237CE50 LR=0x8238CFFC
[INDIRECT] returned target=0x8237CE50 caller=0x8238CFFC
[INDIRECT] call target=0x8237CCC8 LR=0x8238CFFC
[INDIRECT] returned target=0x8237CCC8 caller=0x8238CFFC
[INDIRECT] call target=0x8237CB38 LR=0x8238CFFC
[INDIRECT] returned target=0x8237CB38 caller=0x8238CFFC
[INDIRECT] call target=0x8237CDB8 LR=0x8238CFFC
[INDIRECT] returned target=0x8237CDB8 caller=0x8238CFFC
[INDIRECT] call target=0x8237D090 LR=0x8238CFFC
[INDIRECT] returned target=0x8237D090 caller=0x8238CFFC
[INDIRECT] call target=0x8237D270 LR=0x8238CFFC
[INDIRECT] returned target=0x8237D270 caller=0x8238CFFC
[INDIRECT] call target=0x8237CEC8 LR=0x8238CFFC
[INDIRECT] returned target=0x8237CEC8 caller=0x8238CFFC
[INDIRECT] call target=0x8237D2C8 LR=0x8238CFFC
[INDIRECT] returned target=0x8237D2C8 caller=0x8238CFFC
[INDIRECT] call target=0x8237D320 LR=0x8238CFFC
[INDIRECT] returned target=0x8237D320 caller=0x8238CFFC
[INDIRECT] call target=0x8237D378 LR=0x8238CFFC
[INDIRECT] returned target=0x8237D378 caller=0x8238CFFC
[INDIRECT] call target=0x8237D3D0 LR=0x8238CFFC
[INDIRECT] returned target=0x8237D3D0 caller=0x8238CFFC
[INDIRECT] call target=0x8237D180 LR=0x8238CFFC
[INDIRECT] returned target=0x8237D180 caller=0x8238CFFC
[INDIRECT] call target=0x8237D1D0 LR=0x8238CFFC
[INDIRECT] returned target=0x8237D1D0 caller=0x8238CFFC
[INDIRECT] call target=0x8237D220 LR=0x8238CFFC
[INDIRECT] returned target=0x8237D220 caller=0x8238CFFC
[INDIRECT] call target=0x8237D110 LR=0x8238CFFC
[INDIRECT] returned target=0x8237D110 caller=0x8238CFFC
[INDIRECT] call target=0x8237CBD0 LR=0x8238CFFC
[INDIRECT] returned target=0x8237CBD0 caller=0x8238CFFC
[INDIRECT] call target=0x8237CA40 LR=0x8238CFFC
[INDIRECT] returned target=0x8237CA40 caller=0x8238CFFC
[INDIRECT] call target=0x8237CD60 LR=0x8238CFFC
[INDIRECT] returned target=0x8237CD60 caller=0x8238CFFC
[INDIRECT] call target=0x8237CF70 LR=0x8238CFFC
[INDIRECT] returned target=0x8237CF70 caller=0x8238CFFC
[INDIRECT] call target=0x8237D010 LR=0x8238CFFC
[INDIRECT] returned target=0x8237D010 caller=0x8238CFFC
[INDIRECT] call target=0x8237CE50 LR=0x8238CFFC
[INDIRECT] returned target=0x8237CE50 caller=0x8238CFFC
[INDIRECT] call target=0x8237CCC8 LR=0x8238CFFC
[INDIRECT] returned target=0x8237CCC8 caller=0x8238CFFC
[INDIRECT] call target=0x8237CB38 LR=0x8238CFFC
[INDIRECT] returned target=0x8237CB38 caller=0x8238CFFC
[INDIRECT] call target=0x8237CDB8 LR=0x8238CFFC
[INDIRECT] returned target=0x8237CDB8 caller=0x8238CFFC
[INDIRECT] call target=0x8237D090 LR=0x8238CFFC
[INDIRECT] returned target=0x8237D090 caller=0x8238CFFC
[INDIRECT] call target=0x8237D270 LR=0x8238CFFC
[INDIRECT] returned target=0x8237D270 caller=0x8238CFFC
[INDIRECT] call target=0x8237CEC8 LR=0x8238CFFC
[INDIRECT] returned target=0x8237CEC8 caller=0x8238CFFC
[INDIRECT] call target=0x8237D2C8 LR=0x8238CFFC
[INDIRECT] returned target=0x8237D2C8 caller=0x8238CFFC
[INDIRECT] call target=0x8237D320 LR=0x8238CFFC
[INDIRECT] returned target=0x8237D320 caller=0x8238CFFC
[INDIRECT] call target=0x8237D378 LR=0x8238CFFC
[INDIRECT] returned target=0x8237D378 caller=0x8238CFFC
[INDIRECT] call target=0x8237D3D0 LR=0x8238CFFC
[INDIRECT] returned target=0x8237D3D0 caller=0x8238CFFC
[INDIRECT] call target=0x8237D180 LR=0x8238CFFC
[INDIRECT] returned target=0x8237D180 caller=0x8238CFFC
[INDIRECT] call target=0x8237D1D0 LR=0x8238CFFC
[INDIRECT] returned target=0x8237D1D0 caller=0x8238CFFC
[INDIRECT] call target=0x8237D220 LR=0x8238CFFC
[INDIRECT] returned target=0x8237D220 caller=0x8238CFFC
[INDIRECT] call target=0x8237D110 LR=0x8238CFFC
[INDIRECT] returned target=0x8237D110 caller=0x8238CFFC
[INDIRECT] call target=0x8237CBD0 LR=0x8238CFFC
[INDIRECT] returned target=0x8237CBD0 caller=0x8238CFFC
[INDIRECT] call target=0x8237CA40 LR=0x8238CFFC
[INDIRECT] returned target=0x8237CA40 caller=0x8238CFFC
[INDIRECT] call target=0x8237CD60 LR=0x8238CFFC
[INDIRECT] returned target=0x8237CD60 caller=0x8238CFFC
[INDIRECT] call target=0x8237CF70 LR=0x8238CFFC
[INDIRECT] returned target=0x8237CF70 caller=0x8238CFFC
[INDIRECT] call target=0x8237D010 LR=0x8238CFFC
[INDIRECT] returned target=0x8237D010 caller=0x8238CFFC
[INDIRECT] call target=0x8237CE50 LR=0x8238CFFC
[INDIRECT] returned target=0x8237CE50 caller=0x8238CFFC
[INDIRECT] call target=0x8237CCC8 LR=0x8238CFFC
[INDIRECT] returned target=0x8237CCC8 caller=0x8238CFFC
[INDIRECT] call target=0x8237CB38 LR=0x8238CFFC
[INDIRECT] returned target=0x8237CB38 caller=0x8238CFFC
[INDIRECT] call target=0x8237CDB8 LR=0x8238CFFC
[INDIRECT] returned target=0x8237CDB8 caller=0x8238CFFC
[INDIRECT] call target=0x8237D090 LR=0x8238CFFC
[INDIRECT] returned target=0x8237D090 caller=0x8238CFFC
[INDIRECT] call target=0x8237D270 LR=0x8238CFFC
[INDIRECT] returned target=0x8237D270 caller=0x8238CFFC
[INDIRECT] call target=0x8237CEC8 LR=0x8238CFFC
[INDIRECT] returned target=0x8237CEC8 caller=0x8238CFFC
[INDIRECT] call target=0x8237D2C8 LR=0x8238CFFC
[INDIRECT] returned target=0x8237D2C8 caller=0x8238CFFC
[INDIRECT] call target=0x8237D320 LR=0x8238CFFC
[INDIRECT] returned target=0x8237D320 caller=0x8238CFFC
[INDIRECT] call target=0x8237D378 LR=0x8238CFFC
[INDIRECT] returned target=0x8237D378 caller=0x8238CFFC
[INDIRECT] call target=0x8237D3D0 LR=0x8238CFFC
[INDIRECT] returned target=0x8237D3D0 caller=0x8238CFFC
[INDIRECT] call target=0x8237D180 LR=0x8238CFFC
[INDIRECT] returned target=0x8237D180 caller=0x8238CFFC
[INDIRECT] call target=0x8237D1D0 LR=0x8238CFFC
[INDIRECT] returned target=0x8237D1D0 caller=0x8238CFFC
[INDIRECT] call target=0x8237D220 LR=0x8238CFFC
[INDIRECT] returned target=0x8237D220 caller=0x8238CFFC
[INDIRECT] call target=0x8237D110 LR=0x8238CFFC
[INDIRECT] returned target=0x8237D110 caller=0x8238CFFC
[INDIRECT] call target=0x8237CBD0 LR=0x8238CFFC
[INDIRECT] returned target=0x8237CBD0 caller=0x8238CFFC
[INDIRECT] call target=0x8237CA40 LR=0x8238CFFC
[INDIRECT] returned target=0x8237CA40 caller=0x8238CFFC
[INDIRECT] call target=0x8237CD60 LR=0x8238CFFC
[INDIRECT] returned target=0x8237CD60 caller=0x8238CFFC
[INDIRECT] call target=0x8237CF70 LR=0x8238CFFC
[INDIRECT] returned target=0x8237CF70 caller=0x8238CFFC
[INDIRECT] call target=0x8237D010 LR=0x8238CFFC
[INDIRECT] returned target=0x8237D010 caller=0x8238CFFC
[INDIRECT] call target=0x8237CE50 LR=0x8238CFFC
[INDIRECT] returned target=0x8237CE50 caller=0x8238CFFC
[INDIRECT] call target=0x8237CCC8 LR=0x8238CFFC
[INDIRECT] returned target=0x8237CCC8 caller=0x8238CFFC
[INDIRECT] call target=0x8237CB38 LR=0x8238CFFC
[INDIRECT] returned target=0x8237CB38 caller=0x8238CFFC
[INDIRECT] call target=0x8237CDB8 LR=0x8238CFFC
[INDIRECT] returned target=0x8237CDB8 caller=0x8238CFFC
[INDIRECT] call target=0x8237D090 LR=0x8238CFFC
[INDIRECT] returned target=0x8237D090 caller=0x8238CFFC
[INDIRECT] call target=0x8237D270 LR=0x8238CFFC
[INDIRECT] returned target=0x8237D270 caller=0x8238CFFC
[INDIRECT] call target=0x8237CEC8 LR=0x8238CFFC
[INDIRECT] returned target=0x8237CEC8 caller=0x8238CFFC
[INDIRECT] call target=0x8237D2C8 LR=0x8238CFFC
[INDIRECT] returned target=0x8237D2C8 caller=0x8238CFFC
[INDIRECT] call target=0x8237D320 LR=0x8238CFFC
[INDIRECT] returned target=0x8237D320 caller=0x8238CFFC
[INDIRECT] call target=0x8237D378 LR=0x8238CFFC
[INDIRECT] returned target=0x8237D378 caller=0x8238CFFC
[INDIRECT] call target=0x8237D3D0 LR=0x8238CFFC
[INDIRECT] returned target=0x8237D3D0 caller=0x8238CFFC
[INDIRECT] call target=0x8237D180 LR=0x8238CFFC
[INDIRECT] returned target=0x8237D180 caller=0x8238CFFC
[INDIRECT] call target=0x8237D1D0 LR=0x8238CFFC
[INDIRECT] returned target=0x8237D1D0 caller=0x8238CFFC
[INDIRECT] call target=0x8237D220 LR=0x8238CFFC
[INDIRECT] returned target=0x8237D220 caller=0x8238CFFC
[INDIRECT] call target=0x8237D110 LR=0x8238CFFC
[INDIRECT] returned target=0x8237D110 caller=0x8238CFFC
[INDIRECT] call target=0x8237CBD0 LR=0x8238CFFC
[INDIRECT] returned target=0x8237CBD0 caller=0x8238CFFC
[INDIRECT] call target=0x8237CA40 LR=0x8238CFFC
[INDIRECT] returned target=0x8237CA40 caller=0x8238CFFC
[INDIRECT] call target=0x8237CD60 LR=0x8238CFFC
[INDIRECT] returned target=0x8237CD60 caller=0x8238CFFC
[INDIRECT] call target=0x8237CF70 LR=0x8238CFFC
[INDIRECT] returned target=0x8237CF70 caller=0x8238CFFC
[INDIRECT] call target=0x8237D010 LR=0x8238CFFC
[INDIRECT] returned target=0x8237D010 caller=0x8238CFFC
[INDIRECT] call target=0x8237CE50 LR=0x8238CFFC
[INDIRECT] returned target=0x8237CE50 caller=0x8238CFFC
[INDIRECT] call target=0x8237CCC8 LR=0x8238CFFC
[INDIRECT] returned target=0x8237CCC8 caller=0x8238CFFC
[INDIRECT] call target=0x8237CB38 LR=0x8238CFFC
[INDIRECT] returned target=0x8237CB38 caller=0x8238CFFC
[INDIRECT] call target=0x8237CDB8 LR=0x8238CFFC
[INDIRECT] returned target=0x8237CDB8 caller=0x8238CFFC
[INDIRECT] call target=0x8237D090 LR=0x8238CFFC
[INDIRECT] returned target=0x8237D090 caller=0x8238CFFC
[INDIRECT] call target=0x8237D270 LR=0x8238CFFC
[INDIRECT] returned target=0x8237D270 caller=0x8238CFFC
[INDIRECT] call target=0x8237CEC8 LR=0x8238CFFC
[INDIRECT] returned target=0x8237CEC8 caller=0x8238CFFC
[INDIRECT] call target=0x8237D2C8 LR=0x8238CFFC
[INDIRECT] returned target=0x8237D2C8 caller=0x8238CFFC
[INDIRECT] call target=0x8237D320 LR=0x8238CFFC
[INDIRECT] returned target=0x8237D320 caller=0x8238CFFC
[INDIRECT] call target=0x8237D378 LR=0x8238CFFC
[INDIRECT] returned target=0x8237D378 caller=0x8238CFFC
[INDIRECT] call target=0x8237D3D0 LR=0x8238CFFC
[INDIRECT] returned target=0x8237D3D0 caller=0x8238CFFC
[INDIRECT] call target=0x8237D180 LR=0x8238CFFC
[INDIRECT] returned target=0x8237D180 caller=0x8238CFFC
[INDIRECT] call target=0x8237D1D0 LR=0x8238CFFC
[INDIRECT] returned target=0x8237D1D0 caller=0x8238CFFC
[INDIRECT] call target=0x8237D220 LR=0x8238CFFC
[INDIRECT] returned target=0x8237D220 caller=0x8238CFFC
[INDIRECT] call target=0x8237D110 LR=0x8238CFFC
[INDIRECT] returned target=0x8237D110 caller=0x8238CFFC
[INDIRECT] call target=0x8237CBD0 LR=0x8238CFFC
[INDIRECT] returned target=0x8237CBD0 caller=0x8238CFFC
[INDIRECT] call target=0x8237CA40 LR=0x8238CFFC
[INDIRECT] returned target=0x8237CA40 caller=0x8238CFFC
[INDIRECT] call target=0x8237CD60 LR=0x8238CFFC
[INDIRECT] returned target=0x8237CD60 caller=0x8238CFFC
[INDIRECT] call target=0x8237CF70 LR=0x8238CFFC
[INDIRECT] returned target=0x8237CF70 caller=0x8238CFFC
[INDIRECT] call target=0x8237D010 LR=0x8238CFFC
[INDIRECT] returned target=0x8237D010 caller=0x8238CFFC
[INDIRECT] call target=0x8237CE50 LR=0x8238CFFC
[INDIRECT] returned target=0x8237CE50 caller=0x8238CFFC
[INDIRECT] call target=0x8237CCC8 LR=0x8238CFFC
[INDIRECT] returned target=0x8237CCC8 caller=0x8238CFFC
[INDIRECT] call target=0x8237CB38 LR=0x8238CFFC
[INDIRECT] returned target=0x8237CB38 caller=0x8238CFFC
[INDIRECT] call target=0x8237CDB8 LR=0x8238CFFC
[INDIRECT] returned target=0x8237CDB8 caller=0x8238CFFC
[INDIRECT] call target=0x8237D090 LR=0x8238CFFC
[INDIRECT] returned target=0x8237D090 caller=0x8238CFFC
[INDIRECT] call target=0x8237D270 LR=0x8238CFFC
[INDIRECT] returned target=0x8237D270 caller=0x8238CFFC
[INDIRECT] call target=0x8237CEC8 LR=0x8238CFFC
[INDIRECT] returned target=0x8237CEC8 caller=0x8238CFFC
[INDIRECT] call target=0x8237D2C8 LR=0x8238CFFC
[INDIRECT] returned target=0x8237D2C8 caller=0x8238CFFC
[INDIRECT] call target=0x8237D320 LR=0x8238CFFC
[INDIRECT] returned target=0x8237D320 caller=0x8238CFFC
[INDIRECT] call target=0x8237D378 LR=0x8238CFFC
[INDIRECT] returned target=0x8237D378 caller=0x8238CFFC
[INDIRECT] call target=0x8237D3D0 LR=0x8238CFFC
[INDIRECT] returned target=0x8237D3D0 caller=0x8238CFFC
[INDIRECT] call target=0x8237D180 LR=0x8238CFFC
[INDIRECT] returned target=0x8237D180 caller=0x8238CFFC
[INDIRECT] call target=0x8237D1D0 LR=0x8238CFFC
[INDIRECT] returned target=0x8237D1D0 caller=0x8238CFFC
[INDIRECT] call target=0x8237D220 LR=0x8238CFFC
[INDIRECT] returned target=0x8237D220 caller=0x8238CFFC
[INDIRECT] call target=0x8237D110 LR=0x8238CFFC
[INDIRECT] returned target=0x8237D110 caller=0x8238CFFC
[INDIRECT] call target=0x8237CBD0 LR=0x8238CFFC
[INDIRECT] returned target=0x8237CBD0 caller=0x8238CFFC
[INDIRECT] call target=0x8237CA40 LR=0x8238CFFC
[INDIRECT] returned target=0x8237CA40 caller=0x8238CFFC
[INDIRECT] call target=0x8237CD60 LR=0x8238CFFC
[INDIRECT] returned target=0x8237CD60 caller=0x8238CFFC
[INDIRECT] call target=0x8237CF70 LR=0x8238CFFC
[INDIRECT] returned target=0x8237CF70 caller=0x8238CFFC
[INDIRECT] call target=0x8237D010 LR=0x8238CFFC
[INDIRECT] returned target=0x8237D010 caller=0x8238CFFC
[INDIRECT] call target=0x8237CE50 LR=0x8238CFFC
[INDIRECT] returned target=0x8237CE50 caller=0x8238CFFC
[INDIRECT] call target=0x8237CCC8 LR=0x8238CFFC
[INDIRECT] returned target=0x8237CCC8 caller=0x8238CFFC
[INDIRECT] call target=0x8237CB38 LR=0x8238CFFC
[INDIRECT] returned target=0x8237CB38 caller=0x8238CFFC
[INDIRECT] call target=0x8237CDB8 LR=0x8238CFFC
[INDIRECT] returned target=0x8237CDB8 caller=0x8238CFFC
[INDIRECT] call target=0x8237D090 LR=0x8238CFFC
[INDIRECT] returned target=0x8237D090 caller=0x8238CFFC
[INDIRECT] call target=0x8237D270 LR=0x8238CFFC
[INDIRECT] returned target=0x8237D270 caller=0x8238CFFC
[INDIRECT] call target=0x8237CEC8 LR=0x8238CFFC
[INDIRECT] returned target=0x8237CEC8 caller=0x8238CFFC
[INDIRECT] call target=0x8237D2C8 LR=0x8238CFFC
[INDIRECT] returned target=0x8237D2C8 caller=0x8238CFFC
[INDIRECT] call target=0x8237D320 LR=0x8238CFFC
[INDIRECT] returned target=0x8237D320 caller=0x8238CFFC
[INDIRECT] call target=0x8237D378 LR=0x8238CFFC
[INDIRECT] returned target=0x8237D378 caller=0x8238CFFC
[INDIRECT] call target=0x8237D3D0 LR=0x8238CFFC
[INDIRECT] returned target=0x8237D3D0 caller=0x8238CFFC
[INDIRECT] call target=0x8237D180 LR=0x8238CFFC
[INDIRECT] returned target=0x8237D180 caller=0x8238CFFC
[INDIRECT] call target=0x8237D1D0 LR=0x8238CFFC
[INDIRECT] returned target=0x8237D1D0 caller=0x8238CFFC
[INDIRECT] call target=0x8237D220 LR=0x8238CFFC
[INDIRECT] returned target=0x8237D220 caller=0x8238CFFC
[INDIRECT] call target=0x8237D110 LR=0x8238CFFC
[INDIRECT] returned target=0x8237D110 caller=0x8238CFFC
[INDIRECT] call target=0x8237CBD0 LR=0x8238CFFC
[INDIRECT] returned target=0x8237CBD0 caller=0x8238CFFC
[INDIRECT] call target=0x8237CA40 LR=0x8238CFFC
[INDIRECT] returned target=0x8237CA40 caller=0x8238CFFC
[INDIRECT] call target=0x8237CD60 LR=0x8238CFFC
[INDIRECT] returned target=0x8237CD60 caller=0x8238CFFC
[INDIRECT] call target=0x8237CF70 LR=0x8238CFFC
[INDIRECT] returned target=0x8237CF70 caller=0x8238CFFC
[INDIRECT] call target=0x8237D010 LR=0x8238CFFC
[INDIRECT] returned target=0x8237D010 caller=0x8238CFFC
[INDIRECT] call target=0x8237CE50 LR=0x8238CFFC
[INDIRECT] returned target=0x8237CE50 caller=0x8238CFFC
[INDIRECT] call target=0x8237CCC8 LR=0x8238CFFC
[INDIRECT] returned target=0x8237CCC8 caller=0x8238CFFC
[INDIRECT] call target=0x8237CB38 LR=0x8238CFFC
[INDIRECT] returned target=0x8237CB38 caller=0x8238CFFC
[INDIRECT] call target=0x8237CDB8 LR=0x8238CFFC
[INDIRECT] returned target=0x8237CDB8 caller=0x8238CFFC
[INDIRECT] call target=0x8237D090 LR=0x8238CFFC
[INDIRECT] returned target=0x8237D090 caller=0x8238CFFC
[INDIRECT] call target=0x8237D270 LR=0x8238CFFC
[INDIRECT] returned target=0x8237D270 caller=0x8238CFFC
[INDIRECT] call target=0x8237CEC8 LR=0x8238CFFC
[INDIRECT] returned target=0x8237CEC8 caller=0x8238CFFC
[INDIRECT] call target=0x8237D2C8 LR=0x8238CFFC
[INDIRECT] returned target=0x8237D2C8 caller=0x8238CFFC
[INDIRECT] call target=0x8237D320 LR=0x8238CFFC
[INDIRECT] returned target=0x8237D320 caller=0x8238CFFC
[INDIRECT] call target=0x8237D378 LR=0x8238CFFC
[INDIRECT] returned target=0x8237D378 caller=0x8238CFFC
[INDIRECT] call target=0x8237D3D0 LR=0x8238CFFC
[INDIRECT] returned target=0x8237D3D0 caller=0x8238CFFC
[INDIRECT] call target=0x8237D180 LR=0x8238CFFC
[INDIRECT] returned target=0x8237D180 caller=0x8238CFFC
[INDIRECT] call target=0x8237D1D0 LR=0x8238CFFC
[INDIRECT] returned target=0x8237D1D0 caller=0x8238CFFC
[INDIRECT] call target=0x8237D220 LR=0x8238CFFC
[INDIRECT] returned target=0x8237D220 caller=0x8238CFFC
[INDIRECT] call target=0x8237D110 LR=0x8238CFFC
[INDIRECT] returned target=0x8237D110 caller=0x8238CFFC
[INDIRECT] call target=0x8237CBD0 LR=0x8238CFFC
[INDIRECT] returned target=0x8237CBD0 caller=0x8238CFFC
[INDIRECT] call target=0x8237CA40 LR=0x8238CFFC
[INDIRECT] returned target=0x8237CA40 caller=0x8238CFFC
[INDIRECT] call target=0x8237CD60 LR=0x8238CFFC
[INDIRECT] returned target=0x8237CD60 caller=0x8238CFFC
[INDIRECT] call target=0x8237CF70 LR=0x8238CFFC
[INDIRECT] returned target=0x8237CF70 caller=0x8238CFFC
[INDIRECT] call target=0x8237D010 LR=0x8238CFFC
[INDIRECT] returned target=0x8237D010 caller=0x8238CFFC
[INDIRECT] call target=0x8237CE50 LR=0x8238CFFC
[INDIRECT] returned target=0x8237CE50 caller=0x8238CFFC
[INDIRECT] call target=0x8237CCC8 LR=0x8238CFFC
[INDIRECT] returned target=0x8237CCC8 caller=0x8238CFFC
[INDIRECT] call target=0x8237CB38 LR=0x8238CFFC
[INDIRECT] returned target=0x8237CB38 caller=0x8238CFFC
[INDIRECT] call target=0x8237CDB8 LR=0x8238CFFC
[INDIRECT] returned target=0x8237CDB8 caller=0x8238CFFC
[INDIRECT] call target=0x8237D090 LR=0x8238CFFC
[INDIRECT] returned target=0x8237D090 caller=0x8238CFFC
[INDIRECT] call target=0x8237D270 LR=0x8238CFFC
[INDIRECT] returned target=0x8237D270 caller=0x8238CFFC
[INDIRECT] call target=0x8237CEC8 LR=0x8238CFFC
[INDIRECT] returned target=0x8237CEC8 caller=0x8238CFFC
[INDIRECT] call target=0x8237D2C8 LR=0x8238CFFC
[INDIRECT] returned target=0x8237D2C8 caller=0x8238CFFC
[INDIRECT] call target=0x8237D320 LR=0x8238CFFC
[INDIRECT] returned target=0x8237D320 caller=0x8238CFFC
[INDIRECT] call target=0x8237D378 LR=0x8238CFFC
[INDIRECT] returned target=0x8237D378 caller=0x8238CFFC
[INDIRECT] call target=0x8237D3D0 LR=0x8238CFFC
[INDIRECT] returned target=0x8237D3D0 caller=0x8238CFFC
[INDIRECT] call target=0x8237D180 LR=0x8238CFFC
[INDIRECT] returned target=0x8237D180 caller=0x8238CFFC
[INDIRECT] call target=0x8237D1D0 LR=0x8238CFFC
[INDIRECT] returned target=0x8237D1D0 caller=0x8238CFFC
[INDIRECT] call target=0x8237D220 LR=0x8238CFFC
[INDIRECT] returned target=0x8237D220 caller=0x8238CFFC
[INDIRECT] call target=0x8237D110 LR=0x8238CFFC
[INDIRECT] returned target=0x8237D110 caller=0x8238CFFC
[INDIRECT] call target=0x8237CBD0 LR=0x8238CFFC
[INDIRECT] returned target=0x8237CBD0 caller=0x8238CFFC
[INDIRECT] call target=0x8237CA40 LR=0x8238CFFC
[INDIRECT] returned target=0x8237CA40 caller=0x8238CFFC
[INDIRECT] call target=0x8237CD60 LR=0x8238CFFC
[INDIRECT] returned target=0x8237CD60 caller=0x8238CFFC
[INDIRECT] call target=0x8237CF70 LR=0x8238CFFC
[INDIRECT] returned target=0x8237CF70 caller=0x8238CFFC
[INDIRECT] call target=0x8237D010 LR=0x8238CFFC
[INDIRECT] returned target=0x8237D010 caller=0x8238CFFC
[INDIRECT] call target=0x8237CE50 LR=0x8238CFFC
[INDIRECT] returned target=0x8237CE50 caller=0x8238CFFC
[INDIRECT] call target=0x8237CCC8 LR=0x8238CFFC
[INDIRECT] returned target=0x8237CCC8 caller=0x8238CFFC
[INDIRECT] call target=0x8237CB38 LR=0x8238CFFC
[INDIRECT] returned target=0x8237CB38 caller=0x8238CFFC
[INDIRECT] call target=0x8237CDB8 LR=0x8238CFFC
[INDIRECT] returned target=0x8237CDB8 caller=0x8238CFFC
[INDIRECT] call target=0x8237D090 LR=0x8238CFFC
[INDIRECT] returned target=0x8237D090 caller=0x8238CFFC
[INDIRECT] call target=0x8237D270 LR=0x8238CFFC
[INDIRECT] returned target=0x8237D270 caller=0x8238CFFC
[INDIRECT] call target=0x8237CEC8 LR=0x8238CFFC
[INDIRECT] returned target=0x8237CEC8 caller=0x8238CFFC
[INDIRECT] call target=0x8237D2C8 LR=0x8238CFFC
[INDIRECT] returned target=0x8237D2C8 caller=0x8238CFFC
[INDIRECT] call target=0x8237D320 LR=0x8238CFFC
[INDIRECT] returned target=0x8237D320 caller=0x8238CFFC
[INDIRECT] call target=0x8237D378 LR=0x8238CFFC
[INDIRECT] returned target=0x8237D378 caller=0x8238CFFC
[INDIRECT] call target=0x8237D3D0 LR=0x8238CFFC
[INDIRECT] returned target=0x8237D3D0 caller=0x8238CFFC
[INDIRECT] call target=0x8237D180 LR=0x8238CFFC
[INDIRECT] returned target=0x8237D180 caller=0x8238CFFC
[INDIRECT] call target=0x8237D1D0 LR=0x8238CFFC
[INDIRECT] returned target=0x8237D1D0 caller=0x8238CFFC
[INDIRECT] call target=0x8237D220 LR=0x8238CFFC
[INDIRECT] returned target=0x8237D220 caller=0x8238CFFC
[INDIRECT] call target=0x8237D110 LR=0x8238CFFC
[INDIRECT] returned target=0x8237D110 caller=0x8238CFFC
[INDIRECT] call target=0x8237CBD0 LR=0x8238CFFC
[INDIRECT] returned target=0x8237CBD0 caller=0x8238CFFC
[INDIRECT] call target=0x8237CA40 LR=0x8238CFFC
[INDIRECT] returned target=0x8237CA40 caller=0x8238CFFC
[INDIRECT] call target=0x8237CD60 LR=0x8238CFFC
[INDIRECT] returned target=0x8237CD60 caller=0x8238CFFC
[INDIRECT] call target=0x8237CF70 LR=0x8238CFFC
[INDIRECT] returned target=0x8237CF70 caller=0x8238CFFC
[INDIRECT] call target=0x8237D010 LR=0x8238CFFC
[INDIRECT] returned target=0x8237D010 caller=0x8238CFFC
[INDIRECT] call target=0x8237CE50 LR=0x8238CFFC
[INDIRECT] returned target=0x8237CE50 caller=0x8238CFFC
[INDIRECT] call target=0x8237CCC8 LR=0x8238CFFC
[INDIRECT] returned target=0x8237CCC8 caller=0x8238CFFC
[INDIRECT] call target=0x8237CB38 LR=0x8238CFFC
[INDIRECT] returned target=0x8237CB38 caller=0x8238CFFC
[INDIRECT] call target=0x8237CDB8 LR=0x8238CFFC
[INDIRECT] returned target=0x8237CDB8 caller=0x8238CFFC
[INDIRECT] call target=0x8237D090 LR=0x8238CFFC
[INDIRECT] returned target=0x8237D090 caller=0x8238CFFC
[INDIRECT] call target=0x8237D270 LR=0x8238CFFC
[INDIRECT] returned target=0x8237D270 caller=0x8238CFFC
[INDIRECT] call target=0x8237CEC8 LR=0x8238CFFC
[INDIRECT] returned target=0x8237CEC8 caller=0x8238CFFC
[INDIRECT] call target=0x8237D2C8 LR=0x8238CFFC
[INDIRECT] returned target=0x8237D2C8 caller=0x8238CFFC
[INDIRECT] call target=0x8237D320 LR=0x8238CFFC
[INDIRECT] returned target=0x8237D320 caller=0x8238CFFC
[INDIRECT] call target=0x8237D378 LR=0x8238CFFC
[INDIRECT] returned target=0x8237D378 caller=0x8238CFFC
[INDIRECT] call target=0x8237D3D0 LR=0x8238CFFC
[INDIRECT] returned target=0x8237D3D0 caller=0x8238CFFC
[INDIRECT] call target=0x8237D180 LR=0x8238CFFC
[INDIRECT] returned target=0x8237D180 caller=0x8238CFFC
[INDIRECT] call target=0x8237D1D0 LR=0x8238CFFC
[INDIRECT] returned target=0x8237D1D0 caller=0x8238CFFC
[INDIRECT] call target=0x8237D220 LR=0x8238CFFC
[INDIRECT] returned target=0x8237D220 caller=0x8238CFFC
[INDIRECT] call target=0x8237D110 LR=0x8238CFFC
[INDIRECT] returned target=0x8237D110 caller=0x8238CFFC
[INDIRECT] call target=0x8237CBD0 LR=0x8238CFFC
[INDIRECT] returned target=0x8237CBD0 caller=0x8238CFFC
[INDIRECT] call target=0x8237CA40 LR=0x8238CFFC
[INDIRECT] returned target=0x8237CA40 caller=0x8238CFFC
[INDIRECT] call target=0x8237CD60 LR=0x8238CFFC
[INDIRECT] returned target=0x8237CD60 caller=0x8238CFFC
[INDIRECT] call target=0x8237CF70 LR=0x8238CFFC
[INDIRECT] returned target=0x8237CF70 caller=0x8238CFFC
[INDIRECT] call target=0x8237D010 LR=0x8238CFFC
[INDIRECT] returned target=0x8237D010 caller=0x8238CFFC
[INDIRECT] call target=0x8237CE50 LR=0x8238CFFC
[INDIRECT] returned target=0x8237CE50 caller=0x8238CFFC
[INDIRECT] call target=0x8237CCC8 LR=0x8238CFFC
[INDIRECT] returned target=0x8237CCC8 caller=0x8238CFFC
[INDIRECT] call target=0x8237CB38 LR=0x8238CFFC
[INDIRECT] returned target=0x8237CB38 caller=0x8238CFFC
[INDIRECT] call target=0x8237CDB8 LR=0x8238CFFC
[INDIRECT] returned target=0x8237CDB8 caller=0x8238CFFC
[INDIRECT] call target=0x8237D090 LR=0x8238CFFC
[INDIRECT] returned target=0x8237D090 caller=0x8238CFFC
[INDIRECT] call target=0x8237D270 LR=0x8238CFFC
[INDIRECT] returned target=0x8237D270 caller=0x8238CFFC
[INDIRECT] call target=0x8237CEC8 LR=0x8238CFFC
[INDIRECT] returned target=0x8237CEC8 caller=0x8238CFFC
[INDIRECT] call target=0x8237D2C8 LR=0x8238CFFC
[INDIRECT] returned target=0x8237D2C8 caller=0x8238CFFC
[INDIRECT] call target=0x8237D320 LR=0x8238CFFC
[INDIRECT] returned target=0x8237D320 caller=0x8238CFFC
[INDIRECT] call target=0x8237D378 LR=0x8238CFFC
[INDIRECT] returned target=0x8237D378 caller=0x8238CFFC
[INDIRECT] call target=0x8237D3D0 LR=0x8238CFFC
[INDIRECT] returned target=0x8237D3D0 caller=0x8238CFFC
[INDIRECT] call target=0x8237D180 LR=0x8238CFFC
[INDIRECT] returned target=0x8237D180 caller=0x8238CFFC
[INDIRECT] call target=0x8237D1D0 LR=0x8238CFFC
[INDIRECT] returned target=0x8237D1D0 caller=0x8238CFFC
[INDIRECT] call target=0x8237D220 LR=0x8238CFFC
[INDIRECT] returned target=0x8237D220 caller=0x8238CFFC
[INDIRECT] call target=0x8237D110 LR=0x8238CFFC
[INDIRECT] returned target=0x8237D110 caller=0x8238CFFC
[INDIRECT] call target=0x8237CBD0 LR=0x8238CFFC
[INDIRECT] returned target=0x8237CBD0 caller=0x8238CFFC
[INDIRECT] call target=0x8237CA40 LR=0x8238CFFC
[INDIRECT] returned target=0x8237CA40 caller=0x8238CFFC
[INDIRECT] call target=0x8237CD60 LR=0x8238CFFC
[INDIRECT] returned target=0x8237CD60 caller=0x8238CFFC
[INDIRECT] call target=0x8237CF70 LR=0x8238CFFC
[INDIRECT] returned target=0x8237CF70 caller=0x8238CFFC
[INDIRECT] call target=0x8237D010 LR=0x8238CFFC
[INDIRECT] returned target=0x8237D010 caller=0x8238CFFC
[INDIRECT] call target=0x8237CE50 LR=0x8238CFFC
[INDIRECT] returned target=0x8237CE50 caller=0x8238CFFC
[INDIRECT] call target=0x8237CCC8 LR=0x8238CFFC
[INDIRECT] returned target=0x8237CCC8 caller=0x8238CFFC
[INDIRECT] call target=0x8237CB38 LR=0x8238CFFC
[INDIRECT] returned target=0x8237CB38 caller=0x8238CFFC
[INDIRECT] call target=0x8237CDB8 LR=0x8238CFFC
[INDIRECT] returned target=0x8237CDB8 caller=0x8238CFFC
[INDIRECT] call target=0x8237D090 LR=0x8238CFFC
[INDIRECT] returned target=0x8237D090 caller=0x8238CFFC
[INDIRECT] call target=0x8237D270 LR=0x8238CFFC
[INDIRECT] returned target=0x8237D270 caller=0x8238CFFC
[INDIRECT] call target=0x8237CEC8 LR=0x8238CFFC
[INDIRECT] returned target=0x8237CEC8 caller=0x8238CFFC
[INDIRECT] call target=0x8237D2C8 LR=0x8238CFFC
[INDIRECT] returned target=0x8237D2C8 caller=0x8238CFFC
[INDIRECT] call target=0x8237D320 LR=0x8238CFFC
[INDIRECT] returned target=0x8237D320 caller=0x8238CFFC
[INDIRECT] call target=0x8237D378 LR=0x8238CFFC
[INDIRECT] returned target=0x8237D378 caller=0x8238CFFC
[INDIRECT] call target=0x8237D3D0 LR=0x8238CFFC
[INDIRECT] returned target=0x8237D3D0 caller=0x8238CFFC
[INDIRECT] call target=0x8237D180 LR=0x8238CFFC
[INDIRECT] returned target=0x8237D180 caller=0x8238CFFC
[INDIRECT] call target=0x8237D1D0 LR=0x8238CFFC
[INDIRECT] returned target=0x8237D1D0 caller=0x8238CFFC
[INDIRECT] call target=0x8237D220 LR=0x8238CFFC
[INDIRECT] returned target=0x8237D220 caller=0x8238CFFC
[INDIRECT] call target=0x8237D110 LR=0x8238CFFC
[INDIRECT] returned target=0x8237D110 caller=0x8238CFFC
[INDIRECT] call target=0x8237CBD0 LR=0x8238CFFC
[INDIRECT] returned target=0x8237CBD0 caller=0x8238CFFC
[INDIRECT] call target=0x8237CA40 LR=0x8238CFFC
[INDIRECT] returned target=0x8237CA40 caller=0x8238CFFC
[INDIRECT] call target=0x8237CD60 LR=0x8238CFFC
[INDIRECT] returned target=0x8237CD60 caller=0x8238CFFC
[INDIRECT] call target=0x8237CF70 LR=0x8238CFFC
[INDIRECT] returned target=0x8237CF70 caller=0x8238CFFC
[INDIRECT] call target=0x8237D010 LR=0x8238CFFC
[INDIRECT] returned target=0x8237D010 caller=0x8238CFFC
[INDIRECT] call target=0x8237CE50 LR=0x8238CFFC
[INDIRECT] returned target=0x8237CE50 caller=0x8238CFFC
[INDIRECT] call target=0x8237CCC8 LR=0x8238CFFC
[INDIRECT] returned target=0x8237CCC8 caller=0x8238CFFC
[INDIRECT] call target=0x8237CB38 LR=0x8238CFFC
[INDIRECT] returned target=0x8237CB38 caller=0x8238CFFC
[INDIRECT] call target=0x8237CDB8 LR=0x8238CFFC
[INDIRECT] returned target=0x8237CDB8 caller=0x8238CFFC
[INDIRECT] call target=0x8237D090 LR=0x8238CFFC
[INDIRECT] returned target=0x8237D090 caller=0x8238CFFC
[INDIRECT] call target=0x8237D270 LR=0x8238CFFC
[INDIRECT] returned target=0x8237D270 caller=0x8238CFFC
[INDIRECT] call target=0x8237CEC8 LR=0x8238CFFC
[INDIRECT] returned target=0x8237CEC8 caller=0x8238CFFC
[INDIRECT] call target=0x8237D2C8 LR=0x8238CFFC
[INDIRECT] returned target=0x8237D2C8 caller=0x8238CFFC
[INDIRECT] call target=0x8237D320 LR=0x8238CFFC
[INDIRECT] returned target=0x8237D320 caller=0x8238CFFC
[INDIRECT] call target=0x8237D378 LR=0x8238CFFC
[INDIRECT] returned target=0x8237D378 caller=0x8238CFFC
[INDIRECT] call target=0x8237D3D0 LR=0x8238CFFC
[INDIRECT] returned target=0x8237D3D0 caller=0x8238CFFC
[INDIRECT] call target=0x8237D180 LR=0x8238CFFC
[INDIRECT] returned target=0x8237D180 caller=0x8238CFFC
[INDIRECT] call target=0x8237D1D0 LR=0x8238CFFC
[INDIRECT] returned target=0x8237D1D0 caller=0x8238CFFC
[INDIRECT] call target=0x8237D220 LR=0x8238CFFC
[INDIRECT] returned target=0x8237D220 caller=0x8238CFFC
[INDIRECT] call target=0x8237D110 LR=0x8238CFFC
[INDIRECT] returned target=0x8237D110 caller=0x8238CFFC
[INDIRECT] call target=0x8237CBD0 LR=0x8238CFFC
[INDIRECT] returned target=0x8237CBD0 caller=0x8238CFFC
[INDIRECT] call target=0x8237CA40 LR=0x8238CFFC
[INDIRECT] returned target=0x8237CA40 caller=0x8238CFFC
[INDIRECT] call target=0x8237CD60 LR=0x8238CFFC
[INDIRECT] returned target=0x8237CD60 caller=0x8238CFFC
[INDIRECT] call target=0x8237CF70 LR=0x8238CFFC
[INDIRECT] returned target=0x8237CF70 caller=0x8238CFFC
[INDIRECT] call target=0x8237D010 LR=0x8238CFFC
[INDIRECT] returned target=0x8237D010 caller=0x8238CFFC
[INDIRECT] call target=0x8237CE50 LR=0x8238CFFC
[INDIRECT] returned target=0x8237CE50 caller=0x8238CFFC
[INDIRECT] call target=0x8237CCC8 LR=0x8238CFFC
[INDIRECT] returned target=0x8237CCC8 caller=0x8238CFFC
[INDIRECT] call target=0x8237CB38 LR=0x8238CFFC
[INDIRECT] returned target=0x8237CB38 caller=0x8238CFFC
[INDIRECT] call target=0x8237CDB8 LR=0x8238CFFC
[INDIRECT] returned target=0x8237CDB8 caller=0x8238CFFC
[INDIRECT] call target=0x8237D090 LR=0x8238CFFC
[INDIRECT] returned target=0x8237D090 caller=0x8238CFFC
[INDIRECT] call target=0x8237D270 LR=0x8238CFFC
[INDIRECT] returned target=0x8237D270 caller=0x8238CFFC
[INDIRECT] call target=0x8237CEC8 LR=0x8238CFFC
[INDIRECT] returned target=0x8237CEC8 caller=0x8238CFFC
[INDIRECT] call target=0x8237D2C8 LR=0x8238CFFC
[INDIRECT] returned target=0x8237D2C8 caller=0x8238CFFC
[INDIRECT] call target=0x8237D320 LR=0x8238CFFC
[INDIRECT] returned target=0x8237D320 caller=0x8238CFFC
[INDIRECT] call target=0x8237D378 LR=0x8238CFFC
[INDIRECT] returned target=0x8237D378 caller=0x8238CFFC
[INDIRECT] call target=0x8237D3D0 LR=0x8238CFFC
[INDIRECT] returned target=0x8237D3D0 caller=0x8238CFFC
[INDIRECT] call target=0x8237D180 LR=0x8238CFFC
[INDIRECT] returned target=0x8237D180 caller=0x8238CFFC
[INDIRECT] call target=0x8237D1D0 LR=0x8238CFFC
[INDIRECT] returned target=0x8237D1D0 caller=0x8238CFFC
[INDIRECT] call target=0x8237D220 LR=0x8238CFFC
[INDIRECT] returned target=0x8237D220 caller=0x8238CFFC
[INDIRECT] call target=0x8237D110 LR=0x8238CFFC
[INDIRECT] returned target=0x8237D110 caller=0x8238CFFC
[INDIRECT] call target=0x8237CBD0 LR=0x8238CFFC
[INDIRECT] returned target=0x8237CBD0 caller=0x8238CFFC
[INDIRECT] call target=0x8237CA40 LR=0x8238CFFC
[INDIRECT] returned target=0x8237CA40 caller=0x8238CFFC
[INDIRECT] call target=0x8237CD60 LR=0x8238CFFC
[INDIRECT] returned target=0x8237CD60 caller=0x8238CFFC
[INDIRECT] call target=0x8237CF70 LR=0x8238CFFC
[INDIRECT] returned target=0x8237CF70 caller=0x8238CFFC
[INDIRECT] call target=0x8237D010 LR=0x8238CFFC
[INDIRECT] returned target=0x8237D010 caller=0x8238CFFC
[INDIRECT] call target=0x8237CE50 LR=0x8238CFFC
[INDIRECT] returned target=0x8237CE50 caller=0x8238CFFC
[INDIRECT] call target=0x8237CCC8 LR=0x8238CFFC
[INDIRECT] returned target=0x8237CCC8 caller=0x8238CFFC
[INDIRECT] call target=0x8237CB38 LR=0x8238CFFC
[INDIRECT] returned target=0x8237CB38 caller=0x8238CFFC
[INDIRECT] call target=0x8237CDB8 LR=0x8238CFFC
[INDIRECT] returned target=0x8237CDB8 caller=0x8238CFFC
[INDIRECT] call target=0x8237D090 LR=0x8238CFFC
[INDIRECT] returned target=0x8237D090 caller=0x8238CFFC
[INDIRECT] call target=0x8237D270 LR=0x8238CFFC
[INDIRECT] returned target=0x8237D270 caller=0x8238CFFC
[INDIRECT] call target=0x8237CEC8 LR=0x8238CFFC
[INDIRECT] returned target=0x8237CEC8 caller=0x8238CFFC
[INDIRECT] call target=0x8237D2C8 LR=0x8238CFFC
[INDIRECT] returned target=0x8237D2C8 caller=0x8238CFFC
[INDIRECT] call target=0x8237D320 LR=0x8238CFFC
[INDIRECT] returned target=0x8237D320 caller=0x8238CFFC
[INDIRECT] call target=0x8237D378 LR=0x8238CFFC
[INDIRECT] returned target=0x8237D378 caller=0x8238CFFC
[INDIRECT] call target=0x8237D3D0 LR=0x8238CFFC
[INDIRECT] returned target=0x8237D3D0 caller=0x8238CFFC
[INDIRECT] call target=0x8237D180 LR=0x8238CFFC
[INDIRECT] returned target=0x8237D180 caller=0x8238CFFC
[INDIRECT] call target=0x8237D1D0 LR=0x8238CFFC
[INDIRECT] returned target=0x8237D1D0 caller=0x8238CFFC
[INDIRECT] call target=0x8237D220 LR=0x8238CFFC
[INDIRECT] returned target=0x8237D220 caller=0x8238CFFC
[INDIRECT] call target=0x8237D110 LR=0x8238CFFC
[INDIRECT] returned target=0x8237D110 caller=0x8238CFFC
[INDIRECT] call target=0x8237CBD0 LR=0x8238CFFC
[INDIRECT] returned target=0x8237CBD0 caller=0x8238CFFC
[INDIRECT] call target=0x8237CA40 LR=0x8238CFFC
[INDIRECT] returned target=0x8237CA40 caller=0x8238CFFC
[INDIRECT] call target=0x8237CD60 LR=0x8238CFFC
[INDIRECT] returned target=0x8237CD60 caller=0x8238CFFC
[INDIRECT] call target=0x8237CF70 LR=0x8238CFFC
[INDIRECT] returned target=0x8237CF70 caller=0x8238CFFC
[INDIRECT] call target=0x8237D010 LR=0x8238CFFC
[INDIRECT] returned target=0x8237D010 caller=0x8238CFFC
[INDIRECT] call target=0x8237CE50 LR=0x8238CFFC
[INDIRECT] returned target=0x8237CE50 caller=0x8238CFFC
[INDIRECT] call target=0x8237CCC8 LR=0x8238CFFC
[INDIRECT] returned target=0x8237CCC8 caller=0x8238CFFC
[INDIRECT] call target=0x8237CB38 LR=0x8238CFFC
[INDIRECT] returned target=0x8237CB38 caller=0x8238CFFC
[INDIRECT] call target=0x8237CDB8 LR=0x8238CFFC
[INDIRECT] returned target=0x8237CDB8 caller=0x8238CFFC
[INDIRECT] call target=0x8237D090 LR=0x8238CFFC
[INDIRECT] returned target=0x8237D090 caller=0x8238CFFC
[INDIRECT] call target=0x8237D270 LR=0x8238CFFC
[INDIRECT] returned target=0x8237D270 caller=0x8238CFFC
[INDIRECT] call target=0x8237CEC8 LR=0x8238CFFC
[INDIRECT] returned target=0x8237CEC8 caller=0x8238CFFC
[INDIRECT] call target=0x8237D2C8 LR=0x8238CFFC
[INDIRECT] returned target=0x8237D2C8 caller=0x8238CFFC
[INDIRECT] call target=0x8237D320 LR=0x8238CFFC
[INDIRECT] returned target=0x8237D320 caller=0x8238CFFC
[INDIRECT] call target=0x8237D378 LR=0x8238CFFC
[INDIRECT] returned target=0x8237D378 caller=0x8238CFFC
[INDIRECT] call target=0x8237D3D0 LR=0x8238CFFC
[INDIRECT] returned target=0x8237D3D0 caller=0x8238CFFC
[INDIRECT] call target=0x8237D180 LR=0x8238CFFC
[INDIRECT] returned target=0x8237D180 caller=0x8238CFFC
[INDIRECT] call target=0x8237D1D0 LR=0x8238CFFC
[INDIRECT] returned target=0x8237D1D0 caller=0x8238CFFC
[INDIRECT] call target=0x8237D220 LR=0x8238CFFC
[INDIRECT] returned target=0x8237D220 caller=0x8238CFFC
[INDIRECT] call target=0x8237D110 LR=0x8238CFFC
[INDIRECT] returned target=0x8237D110 caller=0x8238CFFC
[INDIRECT] call target=0x8237CBD0 LR=0x8238CFFC
[INDIRECT] returned target=0x8237CBD0 caller=0x8238CFFC
[INDIRECT] call target=0x8237CA40 LR=0x8238CFFC
[INDIRECT] returned target=0x8237CA40 caller=0x8238CFFC
[INDIRECT] call target=0x8237CD60 LR=0x8238CFFC
[INDIRECT] returned target=0x8237CD60 caller=0x8238CFFC
[INDIRECT] call target=0x8237CF70 LR=0x8238CFFC
[INDIRECT] returned target=0x8237CF70 caller=0x8238CFFC
[INDIRECT] call target=0x8237D010 LR=0x8238CFFC
[INDIRECT] returned target=0x8237D010 caller=0x8238CFFC
[INDIRECT] call target=0x8237CE50 LR=0x8238CFFC
[INDIRECT] returned target=0x8237CE50 caller=0x8238CFFC
[INDIRECT] call target=0x8237CCC8 LR=0x8238CFFC
[INDIRECT] returned target=0x8237CCC8 caller=0x8238CFFC
[INDIRECT] call target=0x8237CB38 LR=0x8238CFFC
[INDIRECT] returned target=0x8237CB38 caller=0x8238CFFC
[INDIRECT] call target=0x8237CDB8 LR=0x8238CFFC
[INDIRECT] returned target=0x8237CDB8 caller=0x8238CFFC
[INDIRECT] call target=0x8237D090 LR=0x8238CFFC
[INDIRECT] returned target=0x8237D090 caller=0x8238CFFC
[INDIRECT] call target=0x8237D270 LR=0x8238CFFC
[INDIRECT] returned target=0x8237D270 caller=0x8238CFFC
[INDIRECT] call target=0x8237CEC8 LR=0x8238CFFC
[INDIRECT] returned target=0x8237CEC8 caller=0x8238CFFC
[INDIRECT] call target=0x8237D2C8 LR=0x8238CFFC
[INDIRECT] returned target=0x8237D2C8 caller=0x8238CFFC
[INDIRECT] call target=0x8237D320 LR=0x8238CFFC
[INDIRECT] returned target=0x8237D320 caller=0x8238CFFC
[INDIRECT] call target=0x8237D378 LR=0x8238CFFC
[INDIRECT] returned target=0x8237D378 caller=0x8238CFFC
[INDIRECT] call target=0x8237D3D0 LR=0x8238CFFC
[INDIRECT] returned target=0x8237D3D0 caller=0x8238CFFC
[INDIRECT] call target=0x8237D180 LR=0x8238CFFC
[INDIRECT] returned target=0x8237D180 caller=0x8238CFFC
[INDIRECT] call target=0x8237D1D0 LR=0x8238CFFC
[INDIRECT] returned target=0x8237D1D0 caller=0x8238CFFC
[INDIRECT] call target=0x8237D220 LR=0x8238CFFC
[INDIRECT] returned target=0x8237D220 caller=0x8238CFFC
[INDIRECT] call target=0x8237D110 LR=0x8238CFFC
[INDIRECT] returned target=0x8237D110 caller=0x8238CFFC
[INDIRECT] call target=0x8237CBD0 LR=0x8238CFFC
[INDIRECT] returned target=0x8237CBD0 caller=0x8238CFFC
[INDIRECT] call target=0x8237CA40 LR=0x8238CFFC
[INDIRECT] returned target=0x8237CA40 caller=0x8238CFFC
[INDIRECT] call target=0x8237CD60 LR=0x8238CFFC
[INDIRECT] returned target=0x8237CD60 caller=0x8238CFFC
[INDIRECT] call target=0x8237CF70 LR=0x8238CFFC
[INDIRECT] returned target=0x8237CF70 caller=0x8238CFFC
[INDIRECT] call target=0x8237D010 LR=0x8238CFFC
[INDIRECT] returned target=0x8237D010 caller=0x8238CFFC
[INDIRECT] call target=0x8237CE50 LR=0x8238CFFC
[INDIRECT] returned target=0x8237CE50 caller=0x8238CFFC
[INDIRECT] call target=0x8237CCC8 LR=0x8238CFFC
[INDIRECT] returned target=0x8237CCC8 caller=0x8238CFFC
[INDIRECT] call target=0x8237CB38 LR=0x8238CFFC
[INDIRECT] returned target=0x8237CB38 caller=0x8238CFFC
[INDIRECT] call target=0x8237CDB8 LR=0x8238CFFC
[INDIRECT] returned target=0x8237CDB8 caller=0x8238CFFC
[INDIRECT] call target=0x8237D090 LR=0x8238CFFC
[INDIRECT] returned target=0x8237D090 caller=0x8238CFFC
[INDIRECT] call target=0x8237D270 LR=0x8238CFFC
[INDIRECT] returned target=0x8237D270 caller=0x8238CFFC
[INDIRECT] call target=0x8237CEC8 LR=0x8238CFFC
[INDIRECT] returned target=0x8237CEC8 caller=0x8238CFFC
[INDIRECT] call target=0x8237D2C8 LR=0x8238CFFC
[INDIRECT] returned target=0x8237D2C8 caller=0x8238CFFC
[INDIRECT] call target=0x8237D320 LR=0x8238CFFC
[INDIRECT] returned target=0x8237D320 caller=0x8238CFFC
[INDIRECT] call target=0x8237D378 LR=0x8238CFFC
[INDIRECT] returned target=0x8237D378 caller=0x8238CFFC
[INDIRECT] call target=0x8237D3D0 LR=0x8238CFFC
[INDIRECT] returned target=0x8237D3D0 caller=0x8238CFFC
[INDIRECT] call target=0x8237D180 LR=0x8238CFFC
[INDIRECT] returned target=0x8237D180 caller=0x8238CFFC
[INDIRECT] call target=0x8237D1D0 LR=0x8238CFFC
[INDIRECT] returned target=0x8237D1D0 caller=0x8238CFFC
[INDIRECT] call target=0x8237D220 LR=0x8238CFFC
[INDIRECT] returned target=0x8237D220 caller=0x8238CFFC
[INDIRECT] call target=0x8237D110 LR=0x8238CFFC
[INDIRECT] returned target=0x8237D110 caller=0x8238CFFC
[INDIRECT] call target=0x8237CBD0 LR=0x8238CFFC
[INDIRECT] returned target=0x8237CBD0 caller=0x8238CFFC
[INDIRECT] call target=0x8237CA40 LR=0x8238CFFC
[INDIRECT] returned target=0x8237CA40 caller=0x8238CFFC
[INDIRECT] call target=0x8237CD60 LR=0x8238CFFC
[INDIRECT] returned target=0x8237CD60 caller=0x8238CFFC
[INDIRECT] call target=0x8237CF70 LR=0x8238CFFC
[INDIRECT] returned target=0x8237CF70 caller=0x8238CFFC
[INDIRECT] call target=0x8237D010 LR=0x8238CFFC
[INDIRECT] returned target=0x8237D010 caller=0x8238CFFC
[INDIRECT] call target=0x8237CE50 LR=0x8238CFFC
[INDIRECT] returned target=0x8237CE50 caller=0x8238CFFC
[INDIRECT] call target=0x8237CCC8 LR=0x8238CFFC
[INDIRECT] returned target=0x8237CCC8 caller=0x8238CFFC
[INDIRECT] call target=0x8237CB38 LR=0x8238CFFC
[INDIRECT] returned target=0x8237CB38 caller=0x8238CFFC
[INDIRECT] call target=0x8237CDB8 LR=0x8238CFFC
[INDIRECT] returned target=0x8237CDB8 caller=0x8238CFFC
[INDIRECT] call target=0x8237D090 LR=0x8238CFFC
[INDIRECT] returned target=0x8237D090 caller=0x8238CFFC
[INDIRECT] call target=0x8237D270 LR=0x8238CFFC
[INDIRECT] returned target=0x8237D270 caller=0x8238CFFC
[INDIRECT] call target=0x8237CEC8 LR=0x8238CFFC
[INDIRECT] returned target=0x8237CEC8 caller=0x8238CFFC
[INDIRECT] call target=0x8237D2C8 LR=0x8238CFFC
[INDIRECT] returned target=0x8237D2C8 caller=0x8238CFFC
[INDIRECT] call target=0x8237D320 LR=0x8238CFFC
[INDIRECT] returned target=0x8237D320 caller=0x8238CFFC
[INDIRECT] call target=0x8237D378 LR=0x8238CFFC
[INDIRECT] returned target=0x8237D378 caller=0x8238CFFC
[INDIRECT] call target=0x8237D3D0 LR=0x8238CFFC
[INDIRECT] returned target=0x8237D3D0 caller=0x8238CFFC
[INDIRECT] call target=0x8237CA10 LR=0x8238D060
[INDIRECT] returned target=0x8237CA10 caller=0x8238D060
[INDIRECT] call target=0x82381F30 LR=0x82382188
[INDIRECT] returned target=0x82381F30 caller=0x82382188
[INDIRECT] call target=0x82381F30 LR=0x82382188
[INDIRECT] returned target=0x82381F30 caller=0x82382188
[RtlEnterCriticalSection] guest=0x82A52D34
[RtlLeaveCriticalSection] guest=0x82A52D34
[INDIRECT] call target=0x82381F30 LR=0x82382188
[INDIRECT] returned target=0x82381F30 caller=0x82382188
[INDIRECT] call target=0x82381F30 LR=0x82382188
[INDIRECT] returned target=0x82381F30 caller=0x82382188
[GPU SUBMIT] RPTR=00000000 WPTR=00000016 ring=10000000
[GPU PACKET] depth=0 addr=10000000 header=C0114800 type=3 opcode=48 count=18 data= 000003FF 00000000 00000000 00000000 00000080 00000100 00000180 00000200 00000280 00000300 00000380 00010800 00000007 00000000 00000000 00000000 00000000 00000000
[GPU PACKET] depth=0 addr=1000004C header=C0013F00 type=3 opcode=3F count=2 data= 10049680 0000000B
[GPU PACKET] depth=1 addr=10049680 header=00000A31 type=0 opcode=0A count=1 data= 01000000
[GPU PACKET] depth=1 addr=10049688 header=00010A2F type=0 opcode=0A count=2 data= 0072C000 10010000
[GPU PACKET] depth=1 addr=10049694 header=C0043C00 type=3 opcode=3C count=5 data= 00000003 00000A31 00000000 80000000 00000008
[GPU PACKET] depth=0 addr=10000000 header=C0114800 type=3 opcode=48 count=18 data= 000003FF 00000000 00000000 00000000 00000080 00000100 00000180 00000200 00000280 00000300 00000380 00010800 00000007 00000000 00000000 00000000 00000000 00000000
[GPU PACKET] depth=0 addr=1000004C header=C0013F00 type=3 opcode=3F count=2 data= 10049680 0000000B
[GPU PACKET] depth=1 addr=10049680 header=00000A31 type=0 opcode=0A count=1 data= 01000000
[GPU REG] index=0A31 COHER_STATUS_HOST value=01000000
[GPU PACKET] depth=1 addr=10049688 header=00010A2F type=0 opcode=0A count=2 data= 0072C000 10010000
[GPU REG] index=0A2F COHER_SIZE_HOST value=0072C000
[GPU REG] index=0A30 COHER_BASE_HOST value=10010000
[GPU PACKET] depth=1 addr=10049694 header=C0043C00 type=3 opcode=3C count=5 data= 00000003 00000A31 00000000 80000000 00000008
[GPU COHERENT] base=10010000 size=0072C000 status=01000000
[GPU CONSUMED] RPTR=00000016 writeback=1073C03C
[GPU SUBMIT] RPTR=00000016 WPTR=00000019 ring=10000000
[GPU PACKET] depth=0 addr=10000058 header=C0013F00 type=3 opcode=3F count=2 data= 10010000 00000159
[GPU PACKET] depth=1 addr=10010000 header=00000D02 type=0 opcode=0D count=1 data= 00010800
[GPU PACKET] depth=1 addr=10010008 header=00030A02 type=0 opcode=0A count=4 data= C0100000 07F00000 C0000000 00100000
[GPU PACKET] depth=1 addr=1001001C header=000001DD type=0 opcode=01 count=1 data= 1073D000
[GPU PACKET] depth=1 addr=10010024 header=000001DC type=0 opcode=01 count=1 data= 00020033
[GPU PACKET] depth=1 addr=1001002C header=000005C8 type=0 opcode=05 count=1 data= 00020000
[GPU PACKET] depth=1 addr=10010034 header=00000D04 type=0 opcode=0D count=1 data= 00000000
[GPU PACKET] depth=1 addr=1001003C header=C0025800 type=3 opcode=58 count=3 data= 00000003 C0000102 7F100000
[GPU PACKET] depth=1 addr=1001004C header=00000D01 type=0 opcode=0D count=1 data= 04000000
[GPU PACKET] depth=1 addr=10010054 header=C0022100 type=3 opcode=21 count=3 data= 00000081 FFFFFFFF 80010000
[GPU PACKET] depth=1 addr=10010064 header=C0022100 type=3 opcode=21 count=3 data= 00000082 FFFFFFFF 00000000
[GPU PACKET] depth=1 addr=10010074 header=00000C85 type=0 opcode=0C count=1 data= 0000000F
[GPU PACKET] depth=1 addr=1001007C header=0000057C type=0 opcode=05 count=1 data= 0BADF00D
[GPU PACKET] depth=1 addr=10010084 header=00022080 type=0 opcode=20 count=3 data= 00000000 00000000 00000000
[GPU PACKET] depth=1 addr=10010094 header=000005C8 type=0 opcode=05 count=1 data= 00020000
[GPU PACKET] depth=1 addr=1001009C header=00000F01 type=0 opcode=0F count=1 data= 0000200E
[GPU PACKET] depth=1 addr=100100A4 header=000005C8 type=0 opcode=05 count=1 data= 00020000
[GPU PACKET] depth=1 addr=100100AC header=00000D00 type=0 opcode=0D count=1 data= 00040401
[GPU PACKET] depth=1 addr=100100B4 header=00000D00 type=0 opcode=0D count=1 data= 00040401
[GPU PACKET] depth=1 addr=100100BC header=00000D00 type=0 opcode=0D count=1 data= 00040401
[GPU PACKET] depth=1 addr=100100C4 header=00000D00 type=0 opcode=0D count=1 data= 00040401
[GPU PACKET] depth=1 addr=100100CC header=00000D00 type=0 opcode=0D count=1 data= 00040401
[GPU PACKET] depth=1 addr=100100D4 header=00000D00 type=0 opcode=0D count=1 data= 00040401
[GPU PACKET] depth=1 addr=100100DC header=00000D00 type=0 opcode=0D count=1 data= 00040401
[GPU PACKET] depth=1 addr=100100E4 header=00000D00 type=0 opcode=0D count=1 data= 00040401
[GPU PACKET] depth=1 addr=100100EC header=00000D00 type=0 opcode=0D count=1 data= 00040400
[GPU PACKET] depth=1 addr=100100F4 header=000F2000 type=0 opcode=20 count=16 data= 00000000 00000000 00000000 00000000 00000000 00000000 00000000 00000000 00000000 00000000 00000000 00000000 00000000 00000000 00000000 20002000
[GPU PACKET] depth=1 addr=10010138 header=00142100 type=0 opcode=21 count=21 data= 00FFFFFF 00000000 00000000 0000FFFF 00000000 3F800000 3F800000 3F800000 3F800000 00000000 00000000 00000000 00FFFF00 00FFFF00 00000000 00000000 00000000 00000000 00000000 00000000 00000000
[GPU PACKET] depth=1 addr=10010190 header=00042180 type=0 opcode=21 count=5 data= 00000000 00000000 00000000 00000000 00000000
[GPU PACKET] depth=1 addr=100101A8 header=000B2200 type=0 opcode=22 count=12 data= 00700734 00010001 87000007 00000000 00080000 00018006 0000043F 00000000 00000004 00010001 00010001 00010001
[GPU PACKET] depth=1 addr=100101DC header=00072380 type=0 opcode=23 count=8 data= 00000000 00000000 00000000 00000000 00000000 00000000 00000000 00000000
[GPU PACKET] depth=1 addr=10010200 header=00142280 type=0 opcode=22 count=21 data= 00080008 04000010 00000008 00000000 00000000 00000001 3F800000 3F800000 0000000E 00000000 00000000 00000000 00000000 00000000 00000000 00000000 00000000 00000000 00000000 00000000 00000000
[GPU PACKET] depth=1 addr=10010258 header=00252300 type=0 opcode=23 count=38 data= 00000000 00000000 00000004 40000000 3F800000 40000000 3F800000 000FF000 000FF100 00000000 00000000 00000000 00000000 00000000 00000000 00000000 00000000 00000000 0000FFFF 00000000 00000000 00000000 0000000E 00000010 00000000 00000000 00000000 00000000 00000000 00000000 00000000 00000000 00000000 00000000 00000000 00000000 00000002 00000000
[GPU PACKET] depth=1 addr=100102F4 header=C01C2B00 type=3 opcode=2B count=29 data= 00000000 0000001B 30052003 00001200 C4000000 00001005 00001200 C2000000 00001006 10071200 22000000 30081000 00393A88 00000007 00080000 40263688 00000300 C80F8000 00000000 C2000000 C80F803E 00000000 C2010100 C8000000 00000000 02000000 00000000 00000000 00000000
[GPU PACKET] depth=1 addr=1001036C header=C00A2B00 type=3 opcode=2B count=11 data= 00000001 00000009 00000000 1001C400 22000000 C80F8000 00000000 C2000000 00000000 00000000 00000000
[GPU PACKET] depth=1 addr=1001039C header=00012180 type=0 opcode=21 count=2 data= 1001000E 00000000
[GPU PACKET] depth=1 addr=100103A8 header=00022100 type=0 opcode=21 count=3 data= 0000FFFF 00000000 00000000
[GPU PACKET] depth=1 addr=100103B8 header=00022204 type=0 opcode=22 count=3 data= 00010000 00010000 00000300
[GPU PACKET] depth=1 addr=100103C8 header=00002312 type=0 opcode=23 count=1 data= 0000FFFF
[GPU PACKET] depth=1 addr=100103D0 header=C0015000 type=3 opcode=50 count=2 data= FFFFFFFF 00000000
[GPU PACKET] depth=1 addr=100103DC header=00002200 type=0 opcode=22 count=1 data= 00000000
[GPU PACKET] depth=1 addr=100103E4 header=00002203 type=0 opcode=22 count=1 data= 00000000
[GPU PACKET] depth=1 addr=100103EC header=00002208 type=0 opcode=22 count=1 data= 00000004
[GPU PACKET] depth=1 addr=100103F4 header=00002104 type=0 opcode=21 count=1 data= 00000000
[GPU PACKET] depth=1 addr=100103FC header=00002280 type=0 opcode=22 count=1 data= 00080008
[GPU PACKET] depth=1 addr=10010404 header=00002302 type=0 opcode=23 count=1 data= 00000004
[GPU PACKET] depth=1 addr=1001040C header=00022080 type=0 opcode=20 count=3 data= 00000000 00000000 00100010
[GPU PACKET] depth=1 addr=1001041C header=00054800 type=0 opcode=48 count=6 data= 10049637 1000001E 00000000 00000000 00000000 00000000
[GPU PACKET] depth=1 addr=10010438 header=00025000 type=0 opcode=50 count=3 data= 00000000 00000000 00000000
[GPU PACKET] depth=1 addr=10010448 header=C0003600 type=3 opcode=36 count=1 data= 00010081
[GPU PACKET] depth=1 addr=10010450 header=C0003600 type=3 opcode=36 count=1 data= 00010081
[GPU PACKET] depth=1 addr=10010458 header=C0003600 type=3 opcode=36 count=1 data= 00010081
[GPU PACKET] depth=1 addr=10010460 header=C0003600 type=3 opcode=36 count=1 data= 00010081
[GPU PACKET] depth=1 addr=10010468 header=C0003600 type=3 opcode=36 count=1 data= 00010081
[GPU PACKET] depth=1 addr=10010470 header=C0003600 type=3 opcode=36 count=1 data= 00010081
[GPU PACKET] depth=1 addr=10010478 header=C0003600 type=3 opcode=36 count=1 data= 00010081
[GPU PACKET] depth=1 addr=10010480 header=C0003600 type=3 opcode=36 count=1 data= 00010081
[GPU PACKET] depth=1 addr=10010488 header=C0003600 type=3 opcode=36 count=1 data= 00010081
[GPU PACKET] depth=1 addr=10010490 header=C0003600 type=3 opcode=36 count=1 data= 00010081
[GPU PACKET] depth=1 addr=10010498 header=C0003600 type=3 opcode=36 count=1 data= 00010081
[GPU PACKET] depth=1 addr=100104A0 header=C0003600 type=3 opcode=36 count=1 data= 00010081
[GPU PACKET] depth=1 addr=100104A8 header=00054800 type=0 opcode=48 count=6 data= 10049653 1000001E 00000000 00000000 00000000 00000000
[GPU PACKET] depth=1 addr=100104C4 header=00025000 type=0 opcode=50 count=3 data= 00000000 00000000 00000000
[GPU PACKET] depth=1 addr=100104D4 header=C0003600 type=3 opcode=36 count=1 data= 00010081
[GPU PACKET] depth=1 addr=100104DC header=C0003600 type=3 opcode=36 count=1 data= 00010081
[GPU PACKET] depth=1 addr=100104E4 header=C0003600 type=3 opcode=36 count=1 data= 00010081
[GPU PACKET] depth=1 addr=100104EC header=C0003600 type=3 opcode=36 count=1 data= 00010081
[GPU PACKET] depth=1 addr=100104F4 header=C0003600 type=3 opcode=36 count=1 data= 00010081
[GPU PACKET] depth=1 addr=100104FC header=C0003600 type=3 opcode=36 count=1 data= 00010081
[GPU PACKET] depth=1 addr=10010504 header=C0003600 type=3 opcode=36 count=1 data= 00010081
[GPU PACKET] depth=1 addr=1001050C header=C0003600 type=3 opcode=36 count=1 data= 00010081
[GPU PACKET] depth=1 addr=10010514 header=C0003600 type=3 opcode=36 count=1 data= 00010081
[GPU PACKET] depth=1 addr=1001051C header=C0003600 type=3 opcode=36 count=1 data= 00010081
[GPU PACKET] depth=1 addr=10010524 header=C0003600 type=3 opcode=36 count=1 data= 00010081
[GPU PACKET] depth=1 addr=1001052C header=C0003600 type=3 opcode=36 count=1 data= 00010081
[GPU PACKET] depth=1 addr=10010534 header=00022080 type=0 opcode=20 count=3 data= 00000000 00000000 00000000
[GPU PACKET] depth=1 addr=10010544 header=C0025800 type=3 opcode=58 count=3 data= 00000003 1073C006 10010540
[GPU PACKET] depth=1 addr=10010554 header=C0025800 type=3 opcode=58 count=3 data= 00000003 1073C002 00000003
[GPU PACKET] depth=0 addr=10000058 header=C0013F00 type=3 opcode=3F count=2 data= 10010000 00000159
[GPU PACKET] depth=1 addr=10010000 header=00000D02 type=0 opcode=0D count=1 data= 00010800
[GPU REG] index=0D02 SQ_INST_STORE_MANAGMENT value=00010800
[GPU PACKET] depth=1 addr=10010008 header=00030A02 type=0 opcode=0A count=4 data= C0100000 07F00000 C0000000 00100000
[GPU REG] index=0A02 UNKNOWN_0A02 value=C0100000
[GPU REG] index=0A03 UNKNOWN_0A03 value=07F00000
[GPU REG] index=0A04 UNKNOWN_0A04 value=C0000000
[GPU REG] index=0A05 UNKNOWN_0A05 value=00100000
[GPU PACKET] depth=1 addr=1001001C header=000001DD type=0 opcode=01 count=1 data= 1073D000
[GPU REG] index=01DD SCRATCH_ADDR value=1073D000
[GPU PACKET] depth=1 addr=10010024 header=000001DC type=0 opcode=01 count=1 data= 00020033
[GPU REG] index=01DC SCRATCH_UMSK value=00020033
[GPU PACKET] depth=1 addr=1001002C header=000005C8 type=0 opcode=05 count=1 data= 00020000
[GPU REG] index=05C8 WAIT_UNTIL value=00020000
[GPU PACKET] depth=1 addr=10010034 header=00000D04 type=0 opcode=0D count=1 data= 00000000
[GPU REG] index=0D04 SQ_EO_RT value=00000000
[GPU PACKET] depth=1 addr=1001003C header=C0025800 type=3 opcode=58 count=3 data= 00000003 C0000102 7F100000
[GPU REG] index=0A2B UNNAMED_STATE value=00000003
[GPU MEMORY] physical=00000100 endian=2 value=7F100000
[GPU PACKET] depth=1 addr=1001004C header=00000D01 type=0 opcode=0D count=1 data= 04000000
[GPU REG] index=0D01 SQ_FLOW_CONTROL value=04000000
[GPU PACKET] depth=1 addr=10010054 header=C0022100 type=3 opcode=21 count=3 data= 00000081 FFFFFFFF 80010000
[GPU REG] index=0081 UNNAMED_STATE value=80010000
[GPU PACKET] depth=1 addr=10010064 header=C0022100 type=3 opcode=21 count=3 data= 00000082 FFFFFFFF 00000000
[GPU REG] index=0082 UNNAMED_STATE value=00000000
[GPU PACKET] depth=1 addr=10010074 header=00000C85 type=0 opcode=0C count=1 data= 0000000F
[GPU REG] index=0C85 PA_CL_ENHANCE value=0000000F
[GPU PACKET] depth=1 addr=1001007C header=0000057C type=0 opcode=05 count=1 data= 0BADF00D
[GPU REG] index=057C CALLBACK_ADDRESS value=0BADF00D
[GPU MEMORY] physical=1073D010 endian=2 value=0BADF00D
[GPU PACKET] depth=1 addr=10010084 header=00022080 type=0 opcode=20 count=3 data= 00000000 00000000 00000000
[GPU REG] index=2080 PA_SC_WINDOW_OFFSET value=00000000
[GPU REG] index=2081 PA_SC_WINDOW_SCISSOR_TL value=00000000
[GPU REG] index=2082 PA_SC_WINDOW_SCISSOR_BR value=00000000
[GPU PACKET] depth=1 addr=10010094 header=000005C8 type=0 opcode=05 count=1 data= 00020000
[GPU REG] index=05C8 WAIT_UNTIL value=00020000
[GPU PACKET] depth=1 addr=1001009C header=00000F01 type=0 opcode=0F count=1 data= 0000200E
[GPU REG] index=0F01 RB_BC_CONTROL value=0000200E
[GPU PACKET] depth=1 addr=100100A4 header=000005C8 type=0 opcode=05 count=1 data= 00020000
[GPU REG] index=05C8 WAIT_UNTIL value=00020000
[GPU PACKET] depth=1 addr=100100AC header=00000D00 type=0 opcode=0D count=1 data= 00040401
[GPU REG] index=0D00 SQ_GPR_MANAGEMENT value=00040401
[GPU PACKET] depth=1 addr=100100B4 header=00000D00 type=0 opcode=0D count=1 data= 00040401
[GPU REG] index=0D00 SQ_GPR_MANAGEMENT value=00040401
[GPU PACKET] depth=1 addr=100100BC header=00000D00 type=0 opcode=0D count=1 data= 00040401
[GPU REG] index=0D00 SQ_GPR_MANAGEMENT value=00040401
[GPU PACKET] depth=1 addr=100100C4 header=00000D00 type=0 opcode=0D count=1 data= 00040401
[GPU REG] index=0D00 SQ_GPR_MANAGEMENT value=00040401
[GPU PACKET] depth=1 addr=100100CC header=00000D00 type=0 opcode=0D count=1 data= 00040401
[GPU REG] index=0D00 SQ_GPR_MANAGEMENT value=00040401
[GPU PACKET] depth=1 addr=100100D4 header=00000D00 type=0 opcode=0D count=1 data= 00040401
[GPU REG] index=0D00 SQ_GPR_MANAGEMENT value=00040401
[GPU PACKET] depth=1 addr=100100DC header=00000D00 type=0 opcode=0D count=1 data= 00040401
[GPU REG] index=0D00 SQ_GPR_MANAGEMENT value=00040401
[GPU PACKET] depth=1 addr=100100E4 header=00000D00 type=0 opcode=0D count=1 data= 00040401
[GPU REG] index=0D00 SQ_GPR_MANAGEMENT value=00040401
[GPU PACKET] depth=1 addr=100100EC header=00000D00 type=0 opcode=0D count=1 data= 00040400
[GPU REG] index=0D00 SQ_GPR_MANAGEMENT value=00040400
[GPU PACKET] depth=1 addr=100100F4 header=000F2000 type=0 opcode=20 count=16 data= 00000000 00000000 00000000 00000000 00000000 00000000 00000000 00000000 00000000 00000000 00000000 00000000 00000000 00000000 00000000 20002000
[GPU REG] index=2000 RB_SURFACE_INFO value=00000000
[GPU REG] index=2001 RB_COLOR_INFO value=00000000
[GPU REG] index=2002 RB_DEPTH_INFO value=00000000
[GPU REG] index=2003 RB_COLOR1_INFO value=00000000
[GPU REG] index=2004 RB_COLOR2_INFO value=00000000
[GPU REG] index=2005 RB_COLOR3_INFO value=00000000
[GPU REG] index=2006 COHER_DEST_BASE_0 value=00000000
[GPU REG] index=2007 COHER_DEST_BASE_1 value=00000000
[GPU REG] index=2008 COHER_DEST_BASE_2 value=00000000
[GPU REG] index=2009 COHER_DEST_BASE_3 value=00000000
[GPU REG] index=200A COHER_DEST_BASE_4 value=00000000
[GPU REG] index=200B COHER_DEST_BASE_5 value=00000000
[GPU REG] index=200C COHER_DEST_BASE_6 value=00000000
[GPU REG] index=200D COHER_DEST_BASE_7 value=00000000
[GPU REG] index=200E PA_SC_SCREEN_SCISSOR_TL value=00000000
[GPU REG] index=200F PA_SC_SCREEN_SCISSOR_BR value=20002000
[GPU PACKET] depth=1 addr=10010138 header=00142100 type=0 opcode=21 count=21 data= 00FFFFFF 00000000 00000000 0000FFFF 00000000 3F800000 3F800000 3F800000 3F800000 00000000 00000000 00000000 00FFFF00 00FFFF00 00000000 00000000 00000000 00000000 00000000 00000000 00000000
[GPU REG] index=2100 VGT_MAX_VTX_INDX value=00FFFFFF
[GPU REG] index=2101 VGT_MIN_VTX_INDX value=00000000
[GPU REG] index=2102 VGT_INDX_OFFSET value=00000000
[GPU REG] index=2103 VGT_MULTI_PRIM_IB_RESET_INDX value=0000FFFF
[GPU REG] index=2104 RB_COLOR_MASK value=00000000
[GPU REG] index=2105 RB_BLEND_RED value=3F800000
[GPU REG] index=2106 RB_BLEND_GREEN value=3F800000
[GPU REG] index=2107 RB_BLEND_BLUE value=3F800000
[GPU REG] index=2108 RB_BLEND_ALPHA value=3F800000
[GPU REG] index=2109 RB_FOG_COLOR_RED value=00000000
[GPU REG] index=210A RB_FOG_COLOR_GREEN value=00000000
[GPU REG] index=210B RB_FOG_COLOR_BLUE value=00000000
[GPU REG] index=210C RB_STENCILREFMASK_BF value=00FFFF00
[GPU REG] index=210D RB_STENCILREFMASK value=00FFFF00
[GPU REG] index=210E RB_ALPHA_REF value=00000000
[GPU REG] index=210F PA_CL_VPORT_XSCALE value=00000000
[GPU REG] index=2110 PA_CL_VPORT_XOFFSET value=00000000
[GPU REG] index=2111 PA_CL_VPORT_YSCALE value=00000000
[GPU REG] index=2112 PA_CL_VPORT_YOFFSET value=00000000
[GPU REG] index=2113 PA_CL_VPORT_ZSCALE value=00000000
[GPU REG] index=2114 PA_CL_VPORT_ZOFFSET value=00000000
[GPU PACKET] depth=1 addr=10010190 header=00042180 type=0 opcode=21 count=5 data= 00000000 00000000 00000000 00000000 00000000
[GPU REG] index=2180 SQ_PROGRAM_CNTL value=00000000
[GPU REG] index=2181 SQ_CONTEXT_MISC value=00000000
[GPU REG] index=2182 SQ_INTERPOLATOR_CNTL value=00000000
[GPU REG] index=2183 SQ_WRAPPING_0 value=00000000
[GPU REG] index=2184 SQ_WRAPPING_1 value=00000000
[GPU PACKET] depth=1 addr=100101A8 header=000B2200 type=0 opcode=22 count=12 data= 00700734 00010001 87000007 00000000 00080000 00018006 0000043F 00000000 00000004 00010001 00010001 00010001
[GPU REG] index=2200 RB_DEPTHCONTROL value=00700734
[GPU REG] index=2201 RB_BLENDCONTROL0 value=00010001
[GPU REG] index=2202 RB_COLORCONTROL value=87000007
[GPU REG] index=2203 RB_HIZCONTROL value=00000000
[GPU REG] index=2204 PA_CL_CLIP_CNTL value=00080000
[GPU REG] index=2205 PA_SU_SC_MODE_CNTL value=00018006
[GPU REG] index=2206 PA_CL_VTE_CNTL value=0000043F
[GPU REG] index=2207 VGT_CURRENT_BIN_ID_MIN value=00000000
[GPU REG] index=2208 RB_MODECONTROL value=00000004
[GPU REG] index=2209 RB_BLENDCONTROL1 value=00010001
[GPU REG] index=220A RB_BLENDCONTROL2 value=00010001
[GPU REG] index=220B RB_BLENDCONTROL3 value=00010001
[GPU PACKET] depth=1 addr=100101DC header=00072380 type=0 opcode=23 count=8 data= 00000000 00000000 00000000 00000000 00000000 00000000 00000000 00000000
[GPU REG] index=2380 PA_SU_POLY_OFFSET_FRONT_SCALE value=00000000
[GPU REG] index=2381 PA_SU_POLY_OFFSET_FRONT_OFFSET value=00000000
[GPU REG] index=2382 PA_SU_POLY_OFFSET_BACK_SCALE value=00000000
[GPU REG] index=2383 PA_SU_POLY_OFFSET_BACK_OFFSET value=00000000
[GPU REG] index=2384 PA_CL_POINT_X_RAD value=00000000
[GPU REG] index=2385 PA_CL_POINT_Y_RAD value=00000000
[GPU REG] index=2386 PA_CL_POINT_SIZE value=00000000
[GPU REG] index=2387 PA_CL_POINT_CULL_RAD value=00000000
[GPU PACKET] depth=1 addr=10010200 header=00142280 type=0 opcode=22 count=21 data= 00080008 04000010 00000008 00000000 00000000 00000001 3F800000 3F800000 0000000E 00000000 00000000 00000000 00000000 00000000 00000000 00000000 00000000 00000000 00000000 00000000 00000000
[GPU REG] index=2280 PA_SU_POINT_SIZE value=00080008
[GPU REG] index=2281 PA_SU_POINT_MINMAX value=04000010
[GPU REG] index=2282 PA_SU_LINE_CNTL value=00000008
[GPU REG] index=2283 PA_SC_LINE_STIPPLE value=00000000
[GPU REG] index=2284 VGT_OUTPUT_PATH_CNTL value=00000000
[GPU REG] index=2285 VGT_HOS_CNTL value=00000001
[GPU REG] index=2286 VGT_HOS_MAX_TESS_LEVEL value=3F800000
[GPU REG] index=2287 VGT_HOS_MIN_TESS_LEVEL value=3F800000
[GPU REG] index=2288 VGT_HOS_REUSE_DEPTH value=0000000E
[GPU REG] index=2289 VGT_GROUP_PRIM_TYPE value=00000000
[GPU REG] index=228A VGT_GROUP_FIRST_DECR value=00000000
[GPU REG] index=228B VGT_GROUP_DECR value=00000000
[GPU REG] index=228C VGT_GROUP_VECT_0_CNTL value=00000000
[GPU REG] index=228D VGT_GROUP_VECT_1_CNTL value=00000000
[GPU REG] index=228E VGT_GROUP_VECT_0_FMT_CNTL value=00000000
[GPU REG] index=228F VGT_GROUP_VECT_1_FMT_CNTL value=00000000
[GPU REG] index=2290 UNKNOWN_2290 value=00000000
[GPU REG] index=2291 UNKNOWN_2291 value=00000000
[GPU REG] index=2292 PA_SC_MPASS_PS_CNTL value=00000000
[GPU REG] index=2293 PA_SC_VIZ_QUERY value=00000000
[GPU REG] index=2294 VGT_ENHANCE value=00000000
[GPU PACKET] depth=1 addr=10010258 header=00252300 type=0 opcode=23 count=38 data= 00000000 00000000 00000004 40000000 3F800000 40000000 3F800000 000FF000 000FF100 00000000 00000000 00000000 00000000 00000000 00000000 00000000 00000000 00000000 0000FFFF 00000000 00000000 00000000 0000000E 00000010 00000000 00000000 00000000 00000000 00000000 00000000 00000000 00000000 00000000 00000000 00000000 00000000 00000002 00000000
[GPU REG] index=2300 PA_SC_LINE_CNTL value=00000000
[GPU REG] index=2301 PA_SC_AA_CONFIG value=00000000
[GPU REG] index=2302 PA_SU_VTX_CNTL value=00000004
[GPU REG] index=2303 PA_CL_GB_VERT_CLIP_ADJ value=40000000
[GPU REG] index=2304 PA_CL_GB_VERT_DISC_ADJ value=3F800000
[GPU REG] index=2305 PA_CL_GB_HORZ_CLIP_ADJ value=40000000
[GPU REG] index=2306 PA_CL_GB_HORZ_DISC_ADJ value=3F800000
[GPU REG] index=2307 SQ_VS_CONST value=000FF000
[GPU REG] index=2308 SQ_PS_CONST value=000FF100
[GPU REG] index=2309 SQ_DEBUG_MISC_0 value=00000000
[GPU REG] index=230A SQ_DEBUG_MISC_1 value=00000000
[GPU REG] index=230B UNKNOWN_230B value=00000000
[GPU REG] index=230C UNKNOWN_230C value=00000000
[GPU REG] index=230D UNKNOWN_230D value=00000000
[GPU REG] index=230E UNKNOWN_230E value=00000000
[GPU REG] index=230F UNKNOWN_230F value=00000000
[GPU REG] index=2310 UNKNOWN_2310 value=00000000
[GPU REG] index=2311 UNKNOWN_2311 value=00000000
[GPU REG] index=2312 PA_SC_AA_MASK value=0000FFFF
[GPU REG] index=2313 UNKNOWN_2313 value=00000000
[GPU REG] index=2314 UNKNOWN_2314 value=00000000
[GPU REG] index=2315 SQ_CF_PROGRAM_SIZE value=00000000
[GPU REG] index=2316 VGT_VERTEX_REUSE_BLOCK_CNTL value=0000000E
[GPU REG] index=2317 VGT_OUT_DEALLOC_CNTL value=00000010
[GPU REG] index=2318 RB_COPY_CONTROL value=00000000
[GPU REG] index=2319 RB_COPY_DEST_BASE value=00000000
[GPU REG] index=231A RB_COPY_DEST_PITCH value=00000000
[GPU REG] index=231B RB_COPY_DEST_INFO value=00000000
[GPU REG] index=231C RB_HIZ_CLEAR value=00000000
[GPU REG] index=231D RB_DEPTH_CLEAR value=00000000
[GPU REG] index=231E RB_COLOR_CLEAR value=00000000
[GPU REG] index=231F RB_COLOR_CLEAR_LO value=00000000
[GPU REG] index=2320 RB_COPY_FUNC value=00000000
[GPU REG] index=2321 RB_COPY_REF value=00000000
[GPU REG] index=2322 RB_COPY_MASK value=00000000
[GPU REG] index=2323 RB_COPY_SURFACE_SLICE value=00000000
[GPU REG] index=2324 RB_SAMPLE_COUNT_CTL value=00000002
[GPU REG] index=2325 RB_SAMPLE_COUNT_ADDR value=00000000
[GPU PACKET] depth=1 addr=100102F4 header=C01C2B00 type=3 opcode=2B count=29 data= 00000000 0000001B 30052003 00001200 C4000000 00001005 00001200 C2000000 00001006 10071200 22000000 30081000 00393A88 00000007 00080000 40263688 00000300 C80F8000 00000000 C2000000 C80F803E 00000000 C2010100 C8000000 00000000 02000000 00000000 00000000 00000000
[GPU SHADER] stage=0 dwords=27 no_memexport=1
[GPU PACKET] depth=1 addr=1001036C header=C00A2B00 type=3 opcode=2B count=11 data= 00000001 00000009 00000000 1001C400 22000000 C80F8000 00000000 C2000000 00000000 00000000 00000000
[GPU SHADER] stage=1 dwords=9 no_memexport=1
[GPU PACKET] depth=1 addr=1001039C header=00012180 type=0 opcode=21 count=2 data= 1001000E 00000000
[GPU REG] index=2180 SQ_PROGRAM_CNTL value=1001000E
[GPU REG] index=2181 SQ_CONTEXT_MISC value=00000000
[GPU PACKET] depth=1 addr=100103A8 header=00022100 type=0 opcode=21 count=3 data= 0000FFFF 00000000 00000000
[GPU REG] index=2100 VGT_MAX_VTX_INDX value=0000FFFF
[GPU REG] index=2101 VGT_MIN_VTX_INDX value=00000000
[GPU REG] index=2102 VGT_INDX_OFFSET value=00000000
[GPU PACKET] depth=1 addr=100103B8 header=00022204 type=0 opcode=22 count=3 data= 00010000 00010000 00000300
[GPU REG] index=2204 PA_CL_CLIP_CNTL value=00010000
[GPU REG] index=2205 PA_SU_SC_MODE_CNTL value=00010000
[GPU REG] index=2206 PA_CL_VTE_CNTL value=00000300
[GPU PACKET] depth=1 addr=100103C8 header=00002312 type=0 opcode=23 count=1 data= 0000FFFF
[GPU REG] index=2312 PA_SC_AA_MASK value=0000FFFF
[GPU PACKET] depth=1 addr=100103D0 header=C0015000 type=3 opcode=50 count=2 data= FFFFFFFF 00000000
[GPU PACKET] depth=1 addr=100103DC header=00002200 type=0 opcode=22 count=1 data= 00000000
[GPU REG] index=2200 RB_DEPTHCONTROL value=00000000
[GPU PACKET] depth=1 addr=100103E4 header=00002203 type=0 opcode=22 count=1 data= 00000000
[GPU REG] index=2203 RB_HIZCONTROL value=00000000
[GPU PACKET] depth=1 addr=100103EC header=00002208 type=0 opcode=22 count=1 data= 00000004
[GPU REG] index=2208 RB_MODECONTROL value=00000004
[GPU PACKET] depth=1 addr=100103F4 header=00002104 type=0 opcode=21 count=1 data= 00000000
[GPU REG] index=2104 RB_COLOR_MASK value=00000000
[GPU PACKET] depth=1 addr=100103FC header=00002280 type=0 opcode=22 count=1 data= 00080008
[GPU REG] index=2280 PA_SU_POINT_SIZE value=00080008
[GPU PACKET] depth=1 addr=10010404 header=00002302 type=0 opcode=23 count=1 data= 00000004
[GPU REG] index=2302 PA_SU_VTX_CNTL value=00000004
[GPU PACKET] depth=1 addr=1001040C header=00022080 type=0 opcode=20 count=3 data= 00000000 00000000 00100010
[GPU REG] index=2080 PA_SC_WINDOW_OFFSET value=00000000
[GPU REG] index=2081 PA_SC_WINDOW_SCISSOR_TL value=00000000
[GPU REG] index=2082 PA_SC_WINDOW_SCISSOR_BR value=00100010
[GPU PACKET] depth=1 addr=1001041C header=00054800 type=0 opcode=48 count=6 data= 10049637 1000001E 00000000 00000000 00000000 00000000
[GPU REG] index=4800 SHADER_CONSTANT_FETCH_00_0 value=10049637
[GPU REG] index=4801 SHADER_CONSTANT_FETCH_00_1 value=1000001E
[GPU REG] index=4802 SHADER_CONSTANT_FETCH_00_2 value=00000000
[GPU REG] index=4803 SHADER_CONSTANT_FETCH_00_3 value=00000000
[GPU REG] index=4804 SHADER_CONSTANT_FETCH_00_4 value=00000000
[GPU REG] index=4805 SHADER_CONSTANT_FETCH_00_5 value=00000000
[GPU PACKET] depth=1 addr=10010438 header=00025000 type=0 opcode=50 count=3 data= 00000000 00000000 00000000
[GPU REG] index=5000 SHADER_CONSTANT_FLUSH_FETCH_0 value=00000000
[GPU REG] index=5001 SHADER_CONSTANT_FLUSH_FETCH_1 value=00000000
[GPU REG] index=5002 SHADER_CONSTANT_FLUSH_FETCH_2 value=00000000
[GPU PACKET] depth=1 addr=10010448 header=C0003600 type=3 opcode=36 count=1 data= 00010081
[GPU DRAW] number=1 initiator=00010081 color_mask=00000000 depth=00000000
[GPU DRAW] masked color/depth, no shader memory exports: no framebuffer writes
[GPU PACKET] depth=1 addr=10010450 header=C0003600 type=3 opcode=36 count=1 data= 00010081
[GPU DRAW] number=2 initiator=00010081 color_mask=00000000 depth=00000000
[GPU DRAW] masked color/depth, no shader memory exports: no framebuffer writes
[GPU PACKET] depth=1 addr=10010458 header=C0003600 type=3 opcode=36 count=1 data= 00010081
[GPU DRAW] number=3 initiator=00010081 color_mask=00000000 depth=00000000
[GPU DRAW] masked color/depth, no shader memory exports: no framebuffer writes
[GPU PACKET] depth=1 addr=10010460 header=C0003600 type=3 opcode=36 count=1 data= 00010081
[GPU DRAW] number=4 initiator=00010081 color_mask=00000000 depth=00000000
[GPU DRAW] masked color/depth, no shader memory exports: no framebuffer writes
[GPU PACKET] depth=1 addr=10010468 header=C0003600 type=3 opcode=36 count=1 data= 00010081
[GPU DRAW] number=5 initiator=00010081 color_mask=00000000 depth=00000000
[GPU DRAW] masked color/depth, no shader memory exports: no framebuffer writes
[GPU PACKET] depth=1 addr=10010470 header=C0003600 type=3 opcode=36 count=1 data= 00010081
[GPU DRAW] number=6 initiator=00010081 color_mask=00000000 depth=00000000
[GPU DRAW] masked color/depth, no shader memory exports: no framebuffer writes
[GPU PACKET] depth=1 addr=10010478 header=C0003600 type=3 opcode=36 count=1 data= 00010081
[GPU DRAW] number=7 initiator=00010081 color_mask=00000000 depth=00000000
[GPU DRAW] masked color/depth, no shader memory exports: no framebuffer writes
[GPU PACKET] depth=1 addr=10010480 header=C0003600 type=3 opcode=36 count=1 data= 00010081
[GPU DRAW] number=8 initiator=00010081 color_mask=00000000 depth=00000000
[GPU DRAW] masked color/depth, no shader memory exports: no framebuffer writes
[GPU PACKET] depth=1 addr=10010488 header=C0003600 type=3 opcode=36 count=1 data= 00010081
[GPU DRAW] number=9 initiator=00010081 color_mask=00000000 depth=00000000
[GPU DRAW] masked color/depth, no shader memory exports: no framebuffer writes
[GPU PACKET] depth=1 addr=10010490 header=C0003600 type=3 opcode=36 count=1 data= 00010081
[GPU DRAW] number=10 initiator=00010081 color_mask=00000000 depth=00000000
[GPU DRAW] masked color/depth, no shader memory exports: no framebuffer writes
[GPU PACKET] depth=1 addr=10010498 header=C0003600 type=3 opcode=36 count=1 data= 00010081
[GPU DRAW] number=11 initiator=00010081 color_mask=00000000 depth=00000000
[GPU DRAW] masked color/depth, no shader memory exports: no framebuffer writes
[GPU PACKET] depth=1 addr=100104A0 header=C0003600 type=3 opcode=36 count=1 data= 00010081
[GPU DRAW] number=12 initiator=00010081 color_mask=00000000 depth=00000000
[GPU DRAW] masked color/depth, no shader memory exports: no framebuffer writes
[GPU PACKET] depth=1 addr=100104A8 header=00054800 type=0 opcode=48 count=6 data= 10049653 1000001E 00000000 00000000 00000000 00000000
[GPU REG] index=4800 SHADER_CONSTANT_FETCH_00_0 value=10049653
[GPU REG] index=4801 SHADER_CONSTANT_FETCH_00_1 value=1000001E
[GPU REG] index=4802 SHADER_CONSTANT_FETCH_00_2 value=00000000
[GPU REG] index=4803 SHADER_CONSTANT_FETCH_00_3 value=00000000
[GPU REG] index=4804 SHADER_CONSTANT_FETCH_00_4 value=00000000
[GPU REG] index=4805 SHADER_CONSTANT_FETCH_00_5 value=00000000
[GPU PACKET] depth=1 addr=100104C4 header=00025000 type=0 opcode=50 count=3 data= 00000000 00000000 00000000
[GPU REG] index=5000 SHADER_CONSTANT_FLUSH_FETCH_0 value=00000000
[GPU REG] index=5001 SHADER_CONSTANT_FLUSH_FETCH_1 value=00000000
[GPU REG] index=5002 SHADER_CONSTANT_FLUSH_FETCH_2 value=00000000
[GPU PACKET] depth=1 addr=100104D4 header=C0003600 type=3 opcode=36 count=1 data= 00010081
[GPU DRAW] number=13 initiator=00010081 color_mask=00000000 depth=00000000
[GPU DRAW] masked color/depth, no shader memory exports: no framebuffer writes
[GPU PACKET] depth=1 addr=100104DC header=C0003600 type=3 opcode=36 count=1 data= 00010081
[GPU DRAW] number=14 initiator=00010081 color_mask=00000000 depth=00000000
[GPU DRAW] masked color/depth, no shader memory exports: no framebuffer writes
[GPU PACKET] depth=1 addr=100104E4 header=C0003600 type=3 opcode=36 count=1 data= 00010081
[GPU DRAW] number=15 initiator=00010081 color_mask=00000000 depth=00000000
[GPU DRAW] masked color/depth, no shader memory exports: no framebuffer writes
[GPU PACKET] depth=1 addr=100104EC header=C0003600 type=3 opcode=36 count=1 data= 00010081
[GPU DRAW] number=16 initiator=00010081 color_mask=00000000 depth=00000000
[GPU DRAW] masked color/depth, no shader memory exports: no framebuffer writes
[GPU PACKET] depth=1 addr=100104F4 header=C0003600 type=3 opcode=36 count=1 data= 00010081
[GPU DRAW] number=17 initiator=00010081 color_mask=00000000 depth=00000000
[GPU DRAW] masked color/depth, no shader memory exports: no framebuffer writes
[GPU PACKET] depth=1 addr=100104FC header=C0003600 type=3 opcode=36 count=1 data= 00010081
[GPU DRAW] number=18 initiator=00010081 color_mask=00000000 depth=00000000
[GPU DRAW] masked color/depth, no shader memory exports: no framebuffer writes
[GPU PACKET] depth=1 addr=10010504 header=C0003600 type=3 opcode=36 count=1 data= 00010081
[GPU DRAW] number=19 initiator=00010081 color_mask=00000000 depth=00000000
[GPU DRAW] masked color/depth, no shader memory exports: no framebuffer writes
[GPU PACKET] depth=1 addr=1001050C header=C0003600 type=3 opcode=36 count=1 data= 00010081
[GPU DRAW] number=20 initiator=00010081 color_mask=00000000 depth=00000000
[GPU DRAW] masked color/depth, no shader memory exports: no framebuffer writes
[GPU PACKET] depth=1 addr=10010514 header=C0003600 type=3 opcode=36 count=1 data= 00010081
[GPU DRAW] number=21 initiator=00010081 color_mask=00000000 depth=00000000
[GPU DRAW] masked color/depth, no shader memory exports: no framebuffer writes
[GPU PACKET] depth=1 addr=1001051C header=C0003600 type=3 opcode=36 count=1 data= 00010081
[GPU DRAW] number=22 initiator=00010081 color_mask=00000000 depth=00000000
[GPU DRAW] masked color/depth, no shader memory exports: no framebuffer writes
[GPU PACKET] depth=1 addr=10010524 header=C0003600 type=3 opcode=36 count=1 data= 00010081
[GPU DRAW] number=23 initiator=00010081 color_mask=00000000 depth=00000000
[GPU DRAW] masked color/depth, no shader memory exports: no framebuffer writes
[GPU PACKET] depth=1 addr=1001052C header=C0003600 type=3 opcode=36 count=1 data= 00010081
[GPU DRAW] number=24 initiator=00010081 color_mask=00000000 depth=00000000
[GPU DRAW] masked color/depth, no shader memory exports: no framebuffer writes
[GPU PACKET] depth=1 addr=10010534 header=00022080 type=0 opcode=20 count=3 data= 00000000 00000000 00000000
[GPU REG] index=2080 PA_SC_WINDOW_OFFSET value=00000000
[GPU REG] index=2081 PA_SC_WINDOW_SCISSOR_TL value=00000000
[GPU REG] index=2082 PA_SC_WINDOW_SCISSOR_BR value=00000000
[GPU PACKET] depth=1 addr=10010544 header=C0025800 type=3 opcode=58 count=3 data= 00000003 1073C006 10010540
[GPU REG] index=0A2B UNNAMED_STATE value=00000003
[GPU MEMORY] physical=1073C004 endian=2 value=10010540
[GPU PACKET] depth=1 addr=10010554 header=C0025800 type=3 opcode=58 count=3 data= 00000003 1073C002 00000003
[GPU REG] index=0A2B UNNAMED_STATE value=00000003
[GPU MEMORY] physical=1073C000 endian=2 value=00000003
[GPU CONSUMED] RPTR=00000019 writeback=1073C03C

[PROBE] import ainda nao implementado: __imp__KeQueryPerformanceFrequency
        r3=0x720FEB68 r4=0x00000016 r5=0x00000003 r6=0x00000159
